CASE_ID,ACCIDENT_YEAR,PROC_DATE,JURIS,COLLISION_DATE,COLLISION_TIME,OFFICER_ID,REPORTING_DISTRICT,DAY_OF_WEEK,CHP_SHIFT,POPULATION,CNTY_CITY_LOC,SPECIAL_COND,BEAT_TYPE,CHP_BEAT_TYPE,CITY_DIVISION_LAPD,CHP_BEAT_CLASS,BEAT_NUMBER,PRIMARY_RD,SECONDARY_RD,DISTANCE,DIRECTION,INTERSECTION,WEATHER_1,WEATHER_2,STATE_HWY_IND,CALTRANS_COUNTY,CALTRANS_DISTRICT,STATE_ROUTE,ROUTE_SUFFIX,POSTMILE_PREFIX,POSTMILE,LOCATION_TYPE,RAMP_INTERSECTION,SIDE_OF_HWY,TOW_AWAY,COLLISION_SEVERITY,NUMBER_KILLED,NUMBER_INJURED,PARTY_COUNT,PRIMARY_COLL_FACTOR,PCF_CODE_OF_VIOL,PCF_VIOL_CATEGORY,PCF_VIOLATION,PCF_VIOL_SUBSECTION,HIT_AND_RUN,TYPE_OF_COLLISION,MVIW,PED_ACTION,ROAD_SURFACE,ROAD_COND_1,ROAD_COND_2,LIGHTING,CONTROL_DEVICE,CHP_ROAD_TYPE,PEDESTRIAN_ACCIDENT,BICYCLE_ACCIDENT,MOTORCYCLE_ACCIDENT,TRUCK_ACCIDENT,NOT_PRIVATE_PROPERTY,ALCOHOL_INVOLVED,STWD_VEHTYPE_AT_FAULT,CHP_VEHTYPE_AT_FAULT,COUNT_SEVERE_INJ,COUNT_VISIBLE_INJ,COUNT_COMPLAINT_PAIN,COUNT_PED_KILLED,COUNT_PED_INJURED,COUNT_BICYCLIST_KILLED,COUNT_BICYCLIST_INJURED,COUNT_MC_KILLED,COUNT_MC_INJURED,PRIMARY_RAMP,SECONDARY_RAMP,LATITUDE,LONGITUDE,COUNTY,CITY,POINT_X,POINT_Y
91748286,2022,2022-04-14,9670,2022-04-11,0150,021821,,1,3,6,3008,0,1,3,,2,093,"SR-91 W/B","LEMON ST",2220.00,E,N,A,-,Y,ORA,,91,,,3.958,H,,L,Y,2,0,1,4,A,-,03,22350,,N,C,C,A,A,H,-,C,D,0,,,,Y,Y,,A,01,1,0,0,0,0,0,0,0,0,"- ","- ",33.853931427001953,-117.91208648681641,ORANGE,FULLERTON,-117.91208648681641,33.853908538818359
91752488,2022,2022-04-20,9670,2022-04-12,1522,017022,,2,2,4,3020,0,1,1,,2,450,"I-405 S/B (SAN DIEGO FREEWAY)","SR-22 EASTBOUND",1500.00,N,N,A,-,Y,,,,,,,,,,N,2,0,1,2,A,-,07,21658,A,N,B,C,A,A,D,E,A,D,0,,,Y,,Y,,C,02,1,0,0,0,0,0,0,0,1,"- ","- ",33.774120330810547,-118.04752349853516,ORANGE,"SEAL BEACH",-118.04755401611328,33.774410247802734
91778752,2022,2022-05-24,9690,2022-05-15,1505,020364,,7,2,9,3000,0,2,4,,2,037,"LIVE OAK CANYON ROAD","TRABUCO CANYON ROAD",2112.00,N,N,A,-,N,,,,,,,,,,Y,2,0,1,1,A,-,08,22107,,N,E,I,A,A,H,-,A,D,0,,,Y,,Y,,C,02,1,0,0,0,0,0,0,0,1,"- ","- ",33.658660888671875,-117.60083770751953,ORANGE,UNINCORPORATED,-117.60088348388672,33.658954620361328
91778852,2022,2022-05-24,9670,2022-05-14,1711,020505,,6,2,4,3020,0,1,1,,2,044,"I-405 N/B","BOLSA CHICA RD",4224.00,N,N,A,-,Y,ORA,,405,,,21.366,H,,R,Y,2,0,1,1,A,-,03,22350,,N,F,A,A,A,D,-,A,D,0,,,Y,,Y,,C,02,1,0,0,0,0,0,0,0,1,"- ","- ",33.774459838867188,-118.05278015136719,ORANGE,"SEAL BEACH",-118.05278015136719,33.774463653564453
91782775,2022,2022-05-27,9675,2022-05-14,1357,021633,,6,1,7,3001,0,1,3,,2,095,"SR-91 WESTBOUND","COAL CANYON ROAD",1000.00,E,N,A,-,Y,ORA,,91,,R,18.203,H,,L,Y,2,0,1,2,A,-,08,22107,,N,E,8,A,A,H,-,A,D,0,,,Y,,Y,,C,02,1,0,0,0,0,0,0,0,1,"- ","- ",33.870651245117188,-117.68351745605469,ORANGE,ANAHEIM,-117.68348693847656,33.870697021484375
9178816,2020,2020-12-28,3008,2020-10-02,2051,1582,ZONE2,5,5,6,3008,0,0,0,,0,,"ORANGETHORPE AV","POMONA AV",0.00,,Y,A,-,N,,,,,,,,,,Y,2,0,1,2,A,-,09,21801,A,N,D,C,A,A,H,-,C,A,0,,,,,Y,,A,01,1,0,0,0,0,0,0,0,0,"- ","- ",,,ORANGE,FULLERTON,-117.92202758789062,33.859550476074219
91792449,2022,2022-06-10,9670,2022-06-01,0730,019502,,3,1,7,3001,0,1,1,,2,501,"I-5 S/B","BROOKHURST ST",600.00,N,N,A,-,Y,ORA,,5,,,40.879,H,,L,N,2,0,1,2,A,-,03,22350,,N,C,C,A,A,H,-,A,D,0,,,Y,,Y,,C,02,1,0,0,0,0,0,0,0,1,"- ","- ",33.846820831298828,-117.96153259277344,ORANGE,ANAHEIM,-117.96163940429688,33.846672058105469
91795174,2022,2022-06-14,9675,2022-06-07,1545,020031,,2,2,7,3001,0,1,3,,2,094,"SR-91 EASTBOUND","WEIR CANYON ROAD",90.00,E,N,A,-,Y,ORA,,91,,R,14.451,H,,R,Y,2,0,1,2,A,-,03,22350,,N,B,C,A,A,H,-,A,D,0,,,Y,,Y,,C,02,1,0,0,0,0,0,0,0,1,"- ","- ",33.870319366455078,-117.74445343017578,ORANGE,ANAHEIM,-117.74444580078125,33.870288848876953
91796081,2022,2022-06-15,9670,2022-06-10,1344,021282,,5,1,7,3001,0,1,1,,2,500,"INTERSTATE 5 (SANTA ANA FREEWAY)","MAGNOLIA STREET",300.00,S,N,A,-,Y,,,,,,,,,,N,2,0,1,2,A,-,01,23152,A,N,B,C,A,A,H,-,A,D,0,,,,,Y,Y,D,23,1,0,0,0,0,0,0,0,0,"- ","- ",33.770801544189453,-118.00679779052734,ORANGE,ANAHEIM,-117.97548675537109,33.854297637939453
91800106,2022,2022-06-21,9675,2022-06-14,1245,018039,,2,1,9,3000,0,2,4,,2,035,"BLACKSTAR CANYON ROAD","BAKER CANYON ROAD",759.00,S,N,A,-,N,,,,,,,,,,N,2,0,1,2,A,-,03,22350,,N,A,C,A,A,H,-,A,D,0,,,,,Y,,J,48,1,0,0,0,0,0,0,0,0,"- ","- ",33.756420135498047,-117.67700958251953,ORANGE,UNINCORPORATED,-117.67697906494141,33.756359100341797
91807295,2021,2022-06-30,9675,2021-02-23,0207,022023,,2,3,7,3019,0,1,3,,2,551,"STATE ROUTE 55 SOUTHBOUND","INTERSTATE 5",861.00,N,N,A,-,Y,,,55,,,,,,S,Y,1,1,2,2,A,-,01,23152,A,N,C,C,A,A,H,-,C,D,0,,,,,Y,Y,A,01,1,1,0,0,0,0,0,0,0,"- ","- ",33.743339538574219,-117.83390808105469,ORANGE,"SANTA ANA",-117.83382415771484,33.743335723876953
91812747,2022,2022-07-08,9675,2022-07-06,2250,021914,,3,3,9,3000,0,3,5,,2,002,"HOLT AVENUE","VANDERLIP AVENUE",0.00,,Y,A,-,N,,,,,,,,,,Y,2,0,1,4,A,-,01,23152,A,N,D,C,A,A,H,-,D,D,0,,,,,Y,Y,A,01,1,0,0,0,0,0,0,0,0,"- ","- ",33.757198333740234,-117.81436157226562,ORANGE,UNINCORPORATED,-117.81436157226562,33.757164001464844
91822462,2022,2022-07-21,9670,2022-07-08,1136,017641,,5,1,9,3000,0,1,3,,2,021,"NEWLAND STREET (14000 BLOCK)","MADISON AVENUE",108.00,S,N,A,-,N,,,,,,,,,,Y,2,0,1,2,A,-,09,21806,A,N,B,C,A,A,H,-,A,A,0,,,,,Y,,A,01,1,0,0,0,0,0,0,0,0,"- ","- ",33.748119354248047,-117.98097229003906,ORANGE,UNINCORPORATED,-117.98089599609375,33.748123168945312
9183643,2020,2020-12-30,3015,2020-11-15,0406,1250,RD57S,7,5,6,3015,0,0,0,,0,131,"TUSTIN ST","RT 55",0.00,,Y,A,-,Y,ORA,12,55,-,-,17.233,R,4,S,Y,2,0,2,2,A,-,01,23153,A,N,D,C,A,A,H,-,C,A,0,,,,,Y,Y,D,22,1,0,1,0,0,0,0,0,0,"- ",SF,33.837108612060547,-117.83592987060547,ORANGE,ORANGE,-117.83448791503906,33.838432312011719
91841421,2022,2022-08-16,9675,2022-08-06,0655,019527,,6,1,6,3015,0,1,3,,2,050,"SR-55 NORTHBOUND","COLLINS AVE",800.00,N,N,A,-,Y,ORA,,55,,,14.873,H,,R,N,2,0,1,1,A,-,08,22107,,N,F,A,A,A,H,-,A,D,0,,,,,Y,,A,01,1,0,0,0,0,0,0,0,0,"- ","- ",33.804630279541016,-117.83174133300781,ORANGE,ORANGE,-117.83169555664062,33.804630279541016
91852991,2022,2022-08-30,9690,2022-08-21,0040,021924,,7,3,9,3000,0,2,4,,2,037,"LIVE OAK CANYON ROAD","MONASTERY ROAD",225.00,S,N,A,-,N,,,,,,,,,,Y,2,0,1,1,A,-,08,22107,,N,E,I,A,A,H,-,D,D,0,,,,,Y,,A,01,1,0,0,0,0,0,0,0,0,"- ","- ",33.669891357421875,-117.60243225097656,ORANGE,UNINCORPORATED,-117.6024169921875,33.669971466064453
9186789,2020,2020-12-04,3001,2020-04-13,1947,,,1,5,7,3001,0,0,0,,0,0D1,"MAGNOLIA AV","BAYLOR CIR",155.00,S,N,B,-,N,,,,,,,,,,Y,2,0,2,2,A,-,01,23152,A,N,A,C,A,A,H,-,C,D,0,,,,,Y,Y,A,01,1,1,0,0,0,0,0,0,0,"- ","- ",33.837779998779297,-117.97579193115234,ORANGE,ANAHEIM,-117.97605133056641,33.837745666503906
9187206,2020,2021-02-04,3005,2020-11-15,2234,8041,C13,7,5,4,3005,0,0,0,,0,002,"LINCOLN AV","LINCOLN PLZ",93.00,W,N,A,-,N,,,,,,,,,,Y,2,0,1,1,C,-,18,,,N,F,A,A,A,C,-,E,D,0,,,Y,,Y,,-,"- ",1,0,0,0,0,0,0,0,1,"- ","- ",,,ORANGE,CYPRESS,-118.06324005126953,33.831668853759766
91873048,2022,2022-09-26,9670,2022-09-19,1330,022493,,1,1,7,3001,0,1,1,,2,503,"I-5 S/B (SANTA ANA FREEWAY)","BROOKHURST ST",1500.00,S,N,A,-,Y,ORA,,5,,,40.411,H,,L,Y,2,0,2,3,A,-,07,21658,A,F,C,2,A,A,H,-,A,D,0,,,,Y,Y,,-,99,1,0,1,0,0,0,0,0,0,"- ","- ",33.84259033203125,-117.95469665527344,ORANGE,ANAHEIM,-117.95465850830078,33.842639923095703
91887576,2022,2022-10-11,9675,2022-09-30,2045,021834,,5,2,9,3000,0,2,4,,2,035,"SILVERADO CANYON ROAD","SANTIAGO CANYON ROAD",5808.00,E,N,A,-,N,,,,,,,,,,N,2,0,1,1,A,-,03,22350,,N,E,I,A,A,H,-,D,D,0,,,,,Y,Y,D,22,1,0,0,0,0,0,0,0,0,"- ","- ",33.744430541992188,-117.65679931640625,ORANGE,UNINCORPORATED,-117.67305755615234,33.748218536376953
91888241,2022,2022-10-12,9670,2022-10-08,0150,022737,,6,3,5,3003,0,1,3,,2,092,"SR-91 (RIVERSIDE FREEWAY) E/B","ORANGETHORPE AVE",150.00,E,N,A,-,Y,,,,,,,,,,Y,2,0,1,2,A,-,03,22350,,N,C,C,A,A,H,-,C,D,0,,,,Y,Y,,A,01,1,0,0,0,0,0,0,0,0,"- ","- ",33.85845947265625,-118.08334350585938,ORANGE,"BUENA PARK",-118.0330810546875,33.858551025390625
91903860,2022,2022-10-28,9675,2022-10-18,1829,019527,,2,2,7,3001,0,1,3,,2,095,"SR-91 E/B","GYPSUM CANYON RD",2100.00,W,N,A,-,Y,ORA,,91,,R,16.015,H,,R,Y,2,0,2,2,A,-,03,22350,,N,C,C,A,A,H,-,C,D,0,,,Y,,Y,,C,02,1,0,1,0,0,0,0,0,1,"- ","- ",33.866451263427734,-117.71840667724609,ORANGE,ANAHEIM,-117.71841430664062,33.866432189941406
91911508,2022,2022-11-07,9675,2022-03-13,1657,020699,,7,2,9,3000,0,1,3,,2,242,"STATE ROUTE 241 NORTHBOUND TO STATE ROUTE 133 SOUT","STATE ROUTE 241 NORTHBOUND",86.90,S,N,A,-,Y,ORA,,241,,,26.851,H,,R,N,1,1,0,1,A,-,01,23152,A,N,E,8,A,A,H,-,A,D,0,,,Y,,Y,Y,C,02,0,0,0,0,0,0,0,1,0,"- ","- ",33.710700988769531,-117.7191162109375,ORANGE,UNINCORPORATED,-117.71935272216797,33.710613250732422
9191775,2020,2021-02-02,3009,2020-11-16,1646,4778,003,1,5,6,3009,0,0,0,,0,1-1,"MANLEY ST","HUNTLEY AV",138.00,S,N,A,-,N,,,,,,,,,,N,2,0,1,2,A,-,11,21954,A,N,G,B,E,A,H,-,A,D,0,Y,,,,Y,,N,60,1,0,0,0,1,0,0,0,0,"- ","- ",,,ORANGE,"GARDEN GROVE",-118.04114532470703,33.784122467041016
91918470,2022,2022-11-15,9675,2022-11-03,1500,019779,,4,2,6,3004,0,1,1,,2,045,"I-405 NORTHBOUND","HARBOR BLVD",1795.00,N,N,A,-,Y,ORA,,405,,,11.917,H,,R,Y,2,0,5,3,A,-,08,22107,,N,C,C,A,A,H,-,A,D,0,,,,,Y,,A,01,2,1,2,0,0,0,0,0,0,"- ","- ",33.692180633544922,-117.92636108398438,ORANGE,"COSTA MESA",-117.92634582519531,33.692203521728516
91929557,2022,2022-11-29,9675,2022-11-19,2131,022103,,6,2,6,3015,0,1,3,,2,550,"SR-55 NORTHBOUND","COLLINS AVE",110.00,S,N,A,-,Y,ORA,,55,,,14.689,H,,R,Y,2,0,1,1,A,-,08,22107,,N,E,I,A,A,H,-,C,D,0,,,,,Y,,A,01,1,0,0,0,0,0,0,0,0,"- ","- ",33.801959991455078,-117.83157348632812,ORANGE,ORANGE,-117.83144378662109,33.801967620849609
91941083,2021,2022-12-13,9675,2021-11-14,0210,022099,,7,3,6,3026,0,1,1,,2,503,"INTERSTATE 5 SOUTHBOUND (SANTA ANA FREEWAY)","YALE AVENUE",540.00,N,N,A,-,Y,,,5,,,,,,S,Y,1,2,4,2,A,-,01,23152,A,F,C,C,A,A,H,-,C,D,0,,,,,Y,Y,A,07,1,1,2,0,0,0,0,0,0,"- ","- ",33.701698303222656,-117.77644348144531,ORANGE,IRVINE,-117.77633666992188,33.701770782470703
91946387,2022,2022-12-19,9675,2022-12-11,0600,022927,,7,1,7,3001,0,1,3,,2,572,"SR-57 S/B (ORANGE FWY)","KATELLA AVE.",200.00,N,N,B,C,Y,ORA,,57,,,12.584,H,,L,Y,2,0,1,2,A,-,03,22350,,N,B,2,A,B,H,-,D,D,0,,,,Y,Y,,A,01,1,0,0,0,0,0,0,0,0,"- ","- ",33.806789398193359,-117.88025665283203,ORANGE,ANAHEIM,-117.88028717041016,33.806793212890625
9195014,2020,2021-01-15,3000,2020-11-20,1155,1056,892D5,5,5,5,3028,0,0,0,,0,751,"ALICIA PKWY","VIA AURORA",419.00,S,N,A,-,N,,,,,,,,,,Y,2,0,1,1,A,-,08,22107,,N,E,I,A,A,H,-,A,D,0,,,Y,,Y,,C,02,1,0,0,0,0,0,0,0,1,"- ","- ",33.624759674072266,-117.6566162109375,ORANGE,"MISSION VIEJO",-117.65679168701172,33.624927520751953
91958529,2022,2024-03-20,9675,2022-12-24,2032,021716,,6,2,7,3019,0,1,3,,2,052,"SR-55 NORTHBOUND","WARNER AVE.",160.00,N,N,A,-,Y,ORA,,55,,R,8.543,H,,R,N,1,1,0,1,A,-,08,22107,,N,E,I,A,A,D,-,C,D,0,,,,,Y,,A,07,0,0,0,0,0,0,0,0,0,"- ","- ",33.716041564941406,-117.84429168701172,ORANGE,"SANTA ANA",-117.84426879882812,33.716026306152344
91971135,2023,2023-01-18,9675,2023-01-08,1430,021397,,7,2,5,3022,0,1,1,,2,503,"I-5 NORTHBOUND","1ST ST.",565.00,S,N,A,-,Y,ORA,,5," "," ",30.790,H,,R,Y,2,0,1,1,C,-,18,,,N,E,I,A,A,H,-,A,D,0,,,,,Y,,-,"- ",1,0,0,0,0,0,0,0,0,"- ","- ",33.744140625,-117.84127807617188,ORANGE,TUSTIN,-117.84120941162109,33.744190216064453
91976951,2023,2023-01-25,9675,2023-01-14,1402,021716,,6,2,7,3019,0,1,1,,2,520,"I-5 SOUTHBOUND","LA VETA AVE.",1270.00,N,N,C,-,Y,ORA,,5," "," ",34.418,H,,L,N,2,0,1,1,A,-,03,22350,,N,E,I,A,B,H,-,A,D,0,,,,,Y,,A,01,1,0,0,0,0,0,0,0,0,"- ","- ",33.782798767089844,-117.88128662109375,ORANGE,"SANTA ANA",-117.88137054443359,33.782730102539062
91981539,2023,2023-01-30,9670,2023-01-16,1513,020505,,1,2,6,3009,0,1,3,,2,024,"SR-22 E/B TO HARBOR BLVD S/B","HARBOR BLVD",320.00,W,N,B,-,Y,ORA,,22," ",R,7.732,H,,R,Y,2,0,2,2,A,-,03,22350,,N,C,C,A,A,H,-,A,D,0,,,,,Y,,-,"- ",1,0,1,0,0,0,0,0,0,"- ","- ",33.766929626464844,-117.92173767089844,ORANGE,"GARDEN GROVE",-117.92185974121094,33.767177581787109
91987595,2023,2023-02-06,9675,2023-01-28,"221 ",022398,,6,3,6,3026,0,1,1,,2,504,"I-5 SOUTHBOUND","JEFFREY ROAD",3168.00,S,N,A,-,Y,ORA,,5," ",R,24.381,H,,L,Y,2,0,2,1,A,-,01,23152,A,N,E,I,A,A,H,-,C,D,0,,,,,Y,Y,A,07,2,0,0,0,0,0,0,0,0,"- ","- ",33.682041168212891,-117.76344299316406,ORANGE,IRVINE,-117.76331329345703,33.682125091552734
91987965,2023,2023-02-06,9675,2023-01-25,1015,023105,,3,1,6,3026,0,1,1,,2,407,"I-405 SOUTHBOUND","VON KARMAN AVE",75.00,S,N,A,-,Y,ORA,,405," "," ",7.378,H,,L,Y,2,0,1,2,A,-,03,22350,,N,C,C,A,A,H,-,A,D,0,,,,,Y,,A,01,1,0,0,0,0,0,0,0,0,"- ","- ",33.679721832275391,-117.85077667236328,ORANGE,IRVINE,-117.85073089599609,33.679801940917969
92001488,2023,2023-02-23,9675,2023-01-11,"530 ",019320,,3,3,6,3008,0,1,3,,2,570,"SR-57 NORTHBOUND","ASSOCIATED RD.",605.00,S,N,A,-,Y,ORA,,57," "," ",19.478,H,,R,N,2,0,1,4,A,-,08,22107,,N,B,C,A,A,H,-,B,D,0,,,,,Y,,A,01,1,0,0,0,0,0,0,0,0,"- ","- ",33.905601501464844,-117.88111877441406,ORANGE,FULLERTON,-117.88109588623047,33.905605316162109
92005037,2023,2023-02-28,9690,2023-02-15,1010,019319,,3,1,4,3018,0,1,1,,2,057,"I-5 N/B (SAN DIEGO FRWY)","JUNIPERO SERRRA",7392.00,N,N,A,-,Y,ORA,,5," "," ",12.373,H,,R,Y,2,0,1,2,A,-,01,23152,A,M,B,C,A,A,D,-,A,D,0,,,,,Y,Y,A,07,1,0,0,0,0,0,0,0,0,"- ","- ",33.539070129394531,-117.67424774169922,ORANGE,"SAN JUAN CAPISTRANO",-117.67425537109375,33.539070129394531
92013449,2023,2023-03-09,9675,2023-02-25,2358,021960,,6,3,6,3004,0,1,1,,2,405,"I-405 SOUTHBOUND TO SR-55 NORTHBOUND",SR-55,380.00,N,N,C,-,Y,,,,,,,,,,N,2,0,1,1,A,-,08,22107,,N,E,I,A,B,H,-,C,D,0,,,,,Y,,D,22,1,0,0,0,0,0,0,0,0,"- ","- ",33.686580657958984,-117.87503814697266,ORANGE,"COSTA MESA",-117.87503814697266,33.686580657958984
92013542,2022,2023-05-30,9670,2022-09-29,0106,022737,,4,3,7,3001,0,1,3,,2,093,"STATE ROUTE 91 (RIVERSIDE FREEWAY) WESTBOUND","STATE COLLEGE BOULEVARD",157.00,W,N,A,-,Y,ORA,,91,,,5.220,H,,L,N,1,1,0,2,A,-,00,21960,A,N,G,B,E,A,H,-,C,D,0,Y,,,,Y,Y,-,"- ",0,0,0,1,0,0,0,0,0,"- ","- ",33.854278564453125,-117.89021301269531,ORANGE,ANAHEIM,-117.89021301269531,33.854305267333984
92014656,2023,2023-03-10,9690,2023-02-28,1955,019925,,2,2,5,3050,0,1,1,,2,550,"I-5 N/B (SAN DIEGO FRWY)","LAKE FOREST DR.",1752.00,S,N,B,-,Y,ORA,,5," "," ",19.537,H,,R,Y,2,0,1,1,A,-,01,23152,A,N,E,I,A,A,H,-,C,D,0,,,,,Y,Y,A,01,1,0,0,0,0,0,0,0,0,"- ","- ",33.624370574951172,-117.71642303466797,ORANGE,"LAKE FOREST",-117.71652984619141,33.624298095703125
92022031,2023,2023-03-20,9675,2023-03-12,1748,023116,,7,2,9,3000,0,3,5,,2,002,"BRITTANY WOODS DRIVE","IRVINE BOULEVARD",7.00,N,N,A,-,N,,,,,,,,,,N,2,0,1,2,A,-,03,22350,,N,D,G,A,A,H,-,A,A,0,,Y,,,Y,,M,91,1,0,0,0,0,0,1,0,0,"- ","- ",33.742259979248047,-117.80055999755859,ORANGE,UNINCORPORATED,-117.80058288574219,33.742145538330078
9202387,2020,2021-02-19,3009,2020-12-02,1817,3927,116,3,5,6,3009,0,0,0,,0,023,"TAFT ST","MALLARD DR",0.00,,Y,A,-,N,,,,,,,,,,N,2,0,1,2,A,-,08,22100,A,N,A,C,A,A,H,-,C,A,0,,,Y,,Y,,C,02,1,0,0,0,0,0,0,0,1,"- ","- ",,,ORANGE,"GARDEN GROVE",-117.94210052490234,33.765270233154297
9203314,2020,2021-01-06,3026,2020-10-21,1324,531,CROSS,3,5,6,3026,0,0,0,,0,004,"POPLAR ST","HARVARD AV",50.00,W,N,A,-,N,,,,,,,,,,Y,2,0,2,2,A,-,12,22450,A,N,C,E,A,A,H,-,A,A,0,,,,,Y,,A,01,1,0,1,0,0,0,0,0,0,"- ","- ",33.706939697265625,-117.79753875732422,ORANGE,IRVINE,-117.79741668701172,33.706958770751953
9203555,2020,2021-02-13,3026,2020-12-08,1743,6352,,2,5,6,3026,0,0,0,,0,,"SKY PARK CIR","SKY PARK CIR  17851",330.00,E,N,A,-,N,,,,,,,,,,N,2,0,1,2,A,-,09,21804,A,N,G,B,D,A,H,-,C,A,0,Y,,,,Y,,A,01,1,0,0,0,1,0,0,0,0,"- ","- ",,,ORANGE,IRVINE,,
92035985,2022,2023-04-03,9675,2022-07-11,2040,022074,,1,2,9,3000,0,3,5,,2,001,"HEWES STREET","CENTER AVENUE",15.00,S,N,A,-,Y,,,,,,,,,,N,1,1,0,2,A,-,10,21950,A,F,G,B,B,A,H,-,C,A,0,Y,,,,Y,Y,-,99,0,0,0,1,0,0,0,0,0,"- ","- ",33.789470672607422,-117.80574798583984,ORANGE,UNINCORPORATED,-117.80571746826172,33.78948974609375
92038280,2023,2023-04-06,9670,2023-03-31,2030,021282,,5,2,6,3009,0,1,3,,2,023,"STATE ROUTE 22 (GARDEN GROVE FREEWAY)","EUCLID AVENUE",200.00,E,N,A,-,Y,ORA,,22," ",R,7.149,H,,L,Y,2,0,1,1,A,-,03,22350,,N,E,I,A,A,H,-,C,D,0,,,Y,,Y,,C,02,1,0,0,0,0,0,0,0,1,"- ","- ",33.766338348388672,-117.93211364746094,ORANGE,"GARDEN GROVE",-117.93210601806641,33.76617431640625
92041045,2023,2023-04-10,9670,2023-04-01,1705,021282,,6,2,6,3009,0,1,3,,2,024,"STATE ROUTE 22 (GARDEN GROVE FREEWAY) E/B","HARBOR BOULEVARD",200.00,W,N,A,-,Y,ORA,,22," ",R,7.450,H,,R,Y,2,0,1,2,A,-,01,23152,A,N,C,C,A,A,H,-,C,D,0,,,Y,,Y,Y,C,02,1,0,0,0,0,0,0,0,1,"- ","- ",33.766071319580078,-117.92680358886719,ORANGE,"GARDEN GROVE",-117.92679595947266,33.766036987304688
92041761,2023,2023-04-11,9675,2023-03-30,1655,021716,,4,2,6,3026,0,1,1,,2,540,"I-5 SOUTHBOUND","BAKE PKWY",150.00,N,N,A,-,Y,ORA,,5," "," ",20.868,H,,L,N,2,0,2,3,A,-,03,22350,,N,C,C,A,A,H,-,A,D,0,,,,,Y,,A,07,1,1,0,0,0,0,0,0,0,"- ","- ",33.639511108398438,-117.73116302490234,ORANGE,IRVINE,-117.73126983642578,33.639446258544922
92045410,2023,2023-04-14,9675,2023-04-01,1344,021716,,6,1,4,3002,0,1,3,,2,570,"SR-57 NORTHBOUND","TONNER CNYN RD.",260.00,S,N,A,-,Y,ORA,,57," "," ",21.792,H,,R,N,2,0,1,2,A,-,01,23152,A,M,C,C,A,A,H,-,A,D,0,,,,,Y,Y,A,01,1,0,0,0,0,0,0,0,0,"- ","- ",33.937870025634766,-117.87734985351562,ORANGE,BREA,-117.87736511230469,33.937873840332031
92048326,2023,2023-04-19,9670,2023-04-13,"456 ",021910,,4,3,4,3020,0,1,1,,2,061,"I-605 S/B",I-405,2112.00,N,N,A,-,Y,ORA,,605," ",R,0.302,H,,L,Y,2,0,2,2,A,-,03,22350,,N,C,C,A,A,H,-,C,D,0,,,,,Y,,A,07,1,0,1,0,0,0,0,0,0,"- ","- ",33.78839111328125,-118.08970642089844,ORANGE,"SEAL BEACH",-118.08975982666016,33.788406372070312
92051337,2023,2023-04-24,9675,2023-04-14,"820 ",023116,,5,1,7,3001,0,1,3,,2,550,"SR-55 N/B TO SR-91 W/B","RIVERDALE AVENUE",550.00,S,N,A,-,Y,ORA,,91," ",R,8.927,H,,L,Y,2,0,7,2,A,-,08,22107,,N,B,C,A,A,H,-,A,D,0,,,,,Y,Y,A,01,2,1,4,0,0,0,0,0,0,"- ","- ",33.846488952636719,-117.83065795898438,ORANGE,ANAHEIM,-117.83083343505859,33.846328735351562
92054562,2023,2023-04-27,9670,2023-02-08,"535 ",018278,,3,3,6,3009,0,1,3,,2,021,"STATE ROUTE 22 WESTBOUND (GARDEN GROVE FREEWAY)","BEACH BOULEVARD",2323.00,E,N,A,-,Y,ORA,,22," ",R,4.032,H,,L,Y,1,1,0,2,A,-,00,21960,A,N,G,B,E,A,H,-,D,D,0,Y,,,,Y,,N,60,0,0,0,1,0,0,0,0,0,"- ","- ",33.770858764648438,-117.98457336425781,ORANGE,"GARDEN GROVE",-117.98458099365234,33.770763397216797
92067909,2023,2023-05-12,9675,2023-03-23,2112,020923,,4,2,9,3000,0,3,5,,2,002,"EAST LEMON HEIGHTS DRIVE (1600 BLOCK)","BECKNOLL LN",10.00,N,N,A,-,N,,,,,,,,,,N,2,0,1,2,A,-,17,21203,,N,H,A,A,A,H,-,C,D,0,,,,,Y,,M,95,1,0,0,0,0,0,0,0,0,"- ","- ",33.764728546142578,-117.77873229980469,ORANGE,UNINCORPORATED,-117.77871704101562,33.7646484375
92084675,2023,2023-06-02,9690,2023-05-22,1328,014424,,1,1,4,3018,0,1,1,,2,057,"I-5 SOUTHBOUND",SR-73,1056.00,S,N,A,-,Y,ORA,,5," "," ",12.416,H,,L,Y,2,0,1,1,A,-,03,22350,,N,F,A,A,A,H,-,A,A,0,,,Y,,Y,,C,02,1,0,0,0,0,0,0,0,1,"- ","- ",33.539531707763672,-117.67459106445312,ORANGE,"SAN JUAN CAPISTRANO",-117.67462921142578,33.539535522460938