CASE_ID,ACCIDENT_YEAR,PROC_DATE,JURIS,COLLISION_DATE,COLLISION_TIME,OFFICER_ID,REPORTING_DISTRICT,DAY_OF_WEEK,CHP_SHIFT,POPULATION,CNTY_CITY_LOC,SPECIAL_COND,BEAT_TYPE,CHP_BEAT_TYPE,CITY_DIVISION_LAPD,CHP_BEAT_CLASS,BEAT_NUMBER,PRIMARY_RD,SECONDARY_RD,DISTANCE,DIRECTION,INTERSECTION,WEATHER_1,WEATHER_2,STATE_HWY_IND,CALTRANS_COUNTY,CALTRANS_DISTRICT,STATE_ROUTE,ROUTE_SUFFIX,POSTMILE_PREFIX,POSTMILE,LOCATION_TYPE,RAMP_INTERSECTION,SIDE_OF_HWY,TOW_AWAY,COLLISION_SEVERITY,NUMBER_KILLED,NUMBER_INJURED,PARTY_COUNT,PRIMARY_COLL_FACTOR,PCF_CODE_OF_VIOL,PCF_VIOL_CATEGORY,PCF_VIOLATION,PCF_VIOL_SUBSECTION,HIT_AND_RUN,TYPE_OF_COLLISION,MVIW,PED_ACTION,ROAD_SURFACE,ROAD_COND_1,ROAD_COND_2,LIGHTING,CONTROL_DEVICE,CHP_ROAD_TYPE,PEDESTRIAN_ACCIDENT,BICYCLE_ACCIDENT,MOTORCYCLE_ACCIDENT,TRUCK_ACCIDENT,NOT_PRIVATE_PROPERTY,ALCOHOL_INVOLVED,STWD_VEHTYPE_AT_FAULT,CHP_VEHTYPE_AT_FAULT,COUNT_SEVERE_INJ,COUNT_VISIBLE_INJ,COUNT_COMPLAINT_PAIN,COUNT_PED_KILLED,COUNT_PED_INJURED,COUNT_BICYCLIST_KILLED,COUNT_BICYCLIST_INJURED,COUNT_MC_KILLED,COUNT_MC_INJURED,PRIMARY_RAMP,SECONDARY_RAMP,LATITUDE,LONGITUDE,COUNTY,CITY,POINT_X,POINT_Y
6843766,2015,2015-03-19,3010,2015-02-24,2224,1122,293,2,5,6,3010,0,0,0,,0,005,ELLIS,DEMION,138.00,W,N,A,-,N,,,,,,,,,,Y,2,0,1,1,A,-,08,22107,,N,E,I,A,A,H,-,C,D,0,,,,,Y,,A,01,1,0,0,0,0,0,0,0,0,"- ","- ",,,ORANGE,"HUNTINGTON BEACH",-117.98663048,33.693942999999997
6845585,2015,2016-09-15,9675,2015-02-18,1425,017993,,3,2,6,3008,0,1,3,,2,570,"RT 57","BIRCH ST",410.00,N,N,A,-,Y,ORA,12,57,-,-,20.490,H,-,N,Y,2,0,1,2,A,-,03,22350,,N,C,C,A,A,H,-,A,D,6,,,,,Y,,D,22,1,0,0,0,0,0,0,0,0,"- ","- ",33.919620000000002,-117.88043999999999,ORANGE,FULLERTON,-117.88037285,33.9193438
6851846,2015,2016-10-24,3011,2015-03-07,1650,31348,34,6,5,4,3011,0,0,0,,0,001,"BROADWAY ST","BEACH ST",130.00,E,N,A,-,Y,ORA,12,133,-,-,0.160,H,-,N,Y,2,0,1,4,A,-,01,23153,A,N,C,E,F,A,H,-,A,D,0,Y,,,,Y,Y,A,07,1,0,0,0,1,0,0,0,0,"- ","- ",,,ORANGE,"LAGUNA BEACH",-117.78362942,33.544532289999999
6854050,2015,2015-03-23,3022,2015-02-10,0726,1249,NORTH,2,5,5,3022,0,0,0,,0,,"NEWPORT AV","BRYAN AV",9.00,S,N,A,-,N,,,,,,,,,,N,1,1,1,3,-,-,"- ",,,N,G,B,B,A,H,-,A,A,0,Y,,,,Y,,-,"- ",1,0,0,1,1,0,0,0,0,"- ","- ",,,ORANGE,TUSTIN,-117.81653956,33.74372151
6854091,2015,2015-03-23,3001,2015-02-18,0621,1740,,3,5,7,3001,0,0,0,,0,0D1,"NORTH MAGNOLIA AV","W MADISON CIR",0.00,S,N,B,-,N,,,,,,,,,,Y,1,1,1,3,A,-,08,21460,5,N,D,C,A,A,H,-,B,D,0,,,,,Y,,A,01,0,1,0,0,0,0,0,0,0,"- ","- ",,,ORANGE,ANAHEIM,-117.97604006,33.836810110000002
6854129,2014,2015-12-17,9690,2014-11-23,0430,18479,,7,3,4,3045,0,1,1,,2,055,"RT 5","EL TORO RD",158.00,N,N,A,-,Y,ORA,12,5,-,-,18.740,H,-,S,Y,1,1,0,1,A,-,08,22107,,N,E,I,A,A,H,-,C,D,1,,,,,Y,,A,01,0,0,0,0,0,0,0,0,0,"- ","- ",33.614600000000003,-117.70778,ORANGE,"LAGUNA HILLS",-117.70829565,33.615082260000001
6854213,2015,2015-04-13,3019,2015-01-20,0606,2647,SE,2,5,7,3019,0,0,0,,0,003,"EDINGER AV","MAPLE ST",21.00,E,N,B,-,N,,,,,,,,,,N,1,1,0,2,A,-,12,21455,,N,G,B,C,A,H,-,C,A,0,Y,,,,Y,,D,22,0,0,0,1,0,0,0,0,0,"- ","- ",,,ORANGE,"SANTA ANA",-117.8640111,33.727240000000002
6854279,2014,2016-01-13,3011,2014-05-21,2229,31216,43,3,5,4,3011,0,0,0,,0,002,"S COAST HWY","MOUNTAIN RD",0.00,,Y,A,-,Y,ORA,12,1,-,-,8.431,I,5,S,Y,1,1,0,2,A,-,10,21950,A,N,G,B,B,A,H,-,C,A,0,Y,,,,Y,Y,A,07,0,0,0,1,0,0,0,0,0,"- ","- ",,,ORANGE,"LAGUNA BEACH",-117.77489537,33.531766699999999
6854313,2014,2015-04-27,3000,2014-11-15,0557,4070,891D6,6,5,3,3051,0,0,0,,0,080,"MOULTON PKWY","SANTA MARIA ST",300.00,S,N,A,-,N,,,,,,,,,,N,1,1,0,2,D,-,00,,,N,H,G,A,A,H,-,C,D,0,,Y,,,Y,,-,"- ",0,0,0,0,0,1,0,0,0,"- ","- ",,,ORANGE,"LAGUNA WOODS",-117.73110134,33.616518489999997
6854420,2014,2015-04-23,3001,2014-12-28,1314,1670,,7,5,7,3001,0,0,0,,0,0D2,"NORTH ANAHEIM BL","W ADELE ST",35.00,S,N,A,-,N,,,,,,,,,,Y,1,1,0,3,A,-,09,21802,A,F,E,I,A,A,H,-,A,A,0,,,Y,,Y,Y,A,01,0,0,0,0,0,0,0,1,0,"- ","- ",,,ORANGE,ANAHEIM,-117.91498919,33.838657560000001
6854450,2014,2015-04-22,3008,2014-10-31,0531,1344,,5,5,6,3008,0,0,0,,0,0Z3,"YORBA LINDA BL","PLACENTIA AV",187.00,E,N,A,-,N,,,,,,,,,,Y,1,1,1,2,A,-,09,21804,A,N,D,C,A,A,H,-,C,A,0,,,Y,,Y,,C,02,1,0,0,0,0,0,0,1,1,"- ","- ",,,ORANGE,FULLERTON,-117.8739363,33.889047269999999
6854459,2014,2016-01-13,3009,2014-08-11,2119,3831,146,1,5,6,3009,0,0,0,,0,022,"CHAPMAN AV","HASTER ST",433.00,E,N,A,-,N,,,,,,,,,,Y,1,1,0,2,A,-,11,21954,A,N,A,B,D,A,H,-,C,D,0,Y,,,,Y,Y,N,60,0,0,0,1,0,0,0,0,0,"- ","- ",,,ORANGE,"GARDEN GROVE",-117.90477828,33.788939999999997
6854462,2014,2015-04-22,3008,2014-11-02,0714,1344,,7,5,6,3008,0,0,0,,0,0Z1,"ORANGETHORPE AV","VINE AV",76.00,E,N,A,-,N,,,,,,,,,,Y,1,1,1,1,C,-,18,,,N,E,I,A,A,H,-,A,D,0,,,,,Y,,-,"- ",0,1,0,0,0,0,0,0,0,"- ","- ",,,ORANGE,FULLERTON,-117.97416024,33.859119999999997
6854582,2014,2015-05-12,3007,2014-12-27,0918,270,34,6,5,5,3007,0,0,0,,0,270M,"BROOKHURST ST","PETUNIA AV",397.00,N,N,A,-,N,,,,,,,,,,Y,1,1,0,2,A,-,01,23152,E,N,H,G,A,A,H,-,A,A,0,,Y,,,Y,,A,01,0,0,0,0,0,1,0,0,0,"- ","- ",,,ORANGE,"FOUNTAIN VALLEY",-117.95463955,33.721338420000002
6854586,2014,2015-05-27,3003,2014-11-19,0227,1114,54,3,5,5,3003,0,0,0,,0,002,"KNOTT AV","MELROSE ST",486.00,S,N,A,-,N,,,,,,,,,,Y,1,1,0,2,A,-,11,21954,A,N,G,B,E,B,F,-,D,D,0,Y,,,Y,Y,Y,N,60,0,0,0,1,0,0,0,0,0,"- ","- ",33.860100000000003,-118.01111,ORANGE,"BUENA PARK",-118.01131828,33.860517600000001
6854610,2015,2015-06-08,9675,2015-02-02,2105,18985,,1,2,6,3026,0,1,3,,2,130,"RT 133","TRABUCO RD",3360.00,S,N,A,-,Y,ORA,12,5,-,R,24.227,R,2,S,Y,1,2,0,1,A,-,01,23152,A,N,E,I,A,A,H,-,C,D,1,,,,,Y,Y,A,08,0,0,0,0,0,0,0,0,0,TO,"- ",33.403910000000003,-117.45106,ORANGE,IRVINE,-117.76140595,33.680367089999997
6855400,2015,2015-03-25,3004,2015-02-22,0243,P593,09,7,5,6,3004,0,0,0,,0,001,"ROSS ST","ARNOLD AV",203.00,E,N,A,-,N,,,,,,,,,,N,2,0,1,2,A,-,01,23152,A,F,G,B,E,A,H,-,C,D,0,Y,,,,Y,Y,A,01,1,0,0,0,1,0,0,0,0,"- ","- ",33.646129999999999,-117.92594,ORANGE,"COSTA MESA",-117.92608457,33.646343420000001
6856788,2015,2015-03-30,3019,2015-03-06,1633,2776,SC,5,5,7,3019,0,0,0,,0,004,"GREENVILLE ST","STANFORD ST",97.00,S,N,A,-,N,,,,,,,,,,N,2,0,1,2,A,-,11,21954,A,N,G,B,D,A,H,-,A,D,0,Y,,,,Y,,N,60,1,0,0,0,1,0,0,0,0,"- ","- ",,,ORANGE,"SANTA ANA",-117.90047739000001,33.726174290000003
6863029,2015,2016-10-10,9675,2015-03-07,0203,020712,,6,3,7,3001,0,1,3,,2,095,"RT 91","COAL CANYON RD",2000.00,W,N,A,-,Y,ORA,12,91,-,R,17.570,H,-,W,Y,2,0,4,2,A,-,01,23152,A,N,A,C,A,A,H,-,C,D,1,,,,,Y,Y,A,08,1,0,3,0,0,0,0,0,0,"- ","- ",33.522669999999998,-117.41343000000001,ORANGE,ANAHEIM,-117.69352229,33.87415661
6863055,2015,2015-03-27,3000,2015-02-02,1639,5163,921G6,1,5,5,3040,0,0,0,,0,18743,"ALISO NIGUEL","MOULTON PKWY",0.00,,Y,A,-,N,,,,,,,,,,Y,2,0,3,3,A,-,12,21453,A,N,D,C,A,A,H,-,A,A,0,,,,,Y,,A,01,1,0,2,0,0,0,0,0,0,"- ","- ",,,ORANGE,"LAGUNA NIGUEL",-117.70218002,33.56503008
6866787,2015,2015-05-15,3010,2015-03-04,1443,2057,283,3,5,6,3010,0,0,0,,0,006,TALBERT,"RT 39",432.00,E,N,A,-,N,,,,,,,,,,Y,1,1,1,1,C,-,18,,,N,H,A,A,A,H,-,A,D,0,,,,,Y,Y,-,"- ",0,1,0,0,0,0,0,0,0,"- ","- ",33.420670000000001,-117.59255,ORANGE,"HUNTINGTON BEACH",-117.987602,33.701152999999998
6884948,2015,2015-04-23,3009,2015-04-01,2318,4330,61,3,5,6,3009,0,0,0,,0,012,"DALE ST","KATELLA AV",496.00,S,N,A,-,N,,,,,,,,,,Y,2,0,2,2,A,-,01,23152,A,N,A,C,A,A,H,-,C,D,0,,,,Y,Y,Y,F,26,1,0,1,0,0,0,0,0,0,"- ","- ",,,ORANGE,"GARDEN GROVE",-117.98444031,33.80163031
6885048,2015,2015-04-23,3009,2015-03-31,0424,4080,144,2,5,6,3009,0,0,0,,0,"2 2","HARBOR BL","LAMPSON AV",79.00,S,N,A,-,N,,,,,,,,,,N,2,0,1,2,A,-,11,21950,B,N,G,B,D,A,H,-,E,A,0,Y,,,,Y,,N,60,1,0,0,0,1,0,0,0,0,"- ","- ",,,ORANGE,"GARDEN GROVE",-117.91494849,33.781433419999999
6886385,2015,2015-04-27,3001,2015-03-27,0205,1814,3,5,5,7,3001,0,0,0,,0,033,"EAST CERRITOS AV","SOUTH LEWIS ST",0.00,,Y,A,-,N,,,,,,,,,,Y,2,0,2,2,A,-,12,21453,A,F,D,C,A,A,H,-,C,A,0,,,,,Y,Y,A,01,1,0,1,0,0,0,0,0,0,"- ","- ",,,ORANGE,ANAHEIM,-117.89792004,33.810590019999999
6888899,2015,2015-04-24,3019,2015-03-22,1751,3346,SC,7,5,7,3019,0,0,0,,0,004,"FLOWER ST","EDINGER AV",300.00,S,N,A,-,N,,,,,,,,,,Y,2,0,2,3,A,-,01,23152,A,N,C,E,A,A,H,-,A,D,0,,,,,Y,Y,A,01,1,0,1,0,0,0,0,0,0,"- ","- ",,,ORANGE,"SANTA ANA",-117.87657797999999,33.726388200000002
6894526,2015,2015-05-08,3007,2015-04-19,1925,265,62,7,5,5,3007,0,0,0,,0,003,"ELLIS AV","MAGNOLIA ST",162.00,W,N,A,-,N,,,,,,,,,,Y,2,0,6,5,-,-,"- ",,,N,C,C,A,A,H,-,A,A,0,,,,,Y,Y,-,"- ",1,1,4,0,0,0,0,0,0,"- ","- ",,,ORANGE,"FOUNTAIN VALLEY",-117.97215129999999,33.69401336
6895201,2014,2016-06-23,9690,2014-12-01,1455,015114,,1,2,9,3000,0,1,3,,2,072,"RT 73","RT 133",1683.00,N,N,B,-,Y,ORA,12,73,-,-,17.250,H,-,S,Y,2,0,1,2,A,-,01,23152,A,N,B,C,A,A,H,-,A,D,0,,,,,Y,Y,A,07,1,0,0,0,0,0,0,0,0,"- ","- ",33.595680000000002,-117.76528,ORANGE,UNINCORPORATED,-117.76510589999999,33.595657670000001
6895303,2015,2016-06-28,9690,2015-03-26,1825,020463,,4,2,9,3000,0,1,3,,1,074,"RT 74","HOT SPRING CANYON RD",0.00,,Y,A,-,Y,ORA,12,74,-,-,12.350,H,-,W,Y,2,0,2,1,A,-,03,22350,,N,F,A,A,A,B,-,A,D,0,,,Y,,Y,,C,02,2,0,0,0,0,0,0,0,2,"- ","- ",33.352710000000002,-117.30504000000001,ORANGE,UNINCORPORATED,-117.51391640999999,33.591144739999997
6898169,2015,2015-05-07,3014,2015-04-02,0755,1046,RD28,4,5,5,3014,0,0,0,,0,0A2,"SHERINGTON PL","IRVINE AV",3.00,E,N,A,-,N,,,,,,,,,,N,2,0,1,2,A,-,09,21804,A,N,D,G,A,A,H,-,A,A,0,,Y,,,Y,,L,04,1,0,0,0,0,0,1,0,0,"- ","- ",,,ORANGE,"NEWPORT BEACH",-117.90938242999999,33.627634749999999
6904926,2015,2017-04-25,3003,2015-03-03,1900,1124,125,2,5,5,3003,0,0,0,,0,005,"LINCOLN AV","VIA VISTA DR",161.00,W,N,A,-,N,,,,,,,,,,Y,1,1,0,1,A,-,08,22107,,N,E,I,A,A,H,-,C,D,0,,,,,Y,Y,A,01,0,0,0,0,0,0,0,0,0,"- ","- ",,,ORANGE,"BUENA PARK",-118.01543896,33.831929639999998
6904934,2015,2017-05-09,3001,2015-03-31,0908,1670,,2,5,7,3001,0,0,0,,0,0D4,"ORANGETHORPE AV","OAK KNOLL DR",0.00,,Y,A,-,N,,,,,,,,,,Y,1,1,1,2,A,-,09,21802,A,N,D,C,A,A,H,-,A,A,0,,,Y,,Y,,A,01,0,0,1,0,0,0,0,1,0,"- ","- ",,,ORANGE,ANAHEIM,-117.79762009,33.863570009999997
6908714,2015,2015-05-21,3009,2015-03-09,1346,3713,96,1,5,6,3009,0,0,0,,0,"1 3","WESTMINSTER AV","BUSHARD ST",167.00,E,N,A,-,N,,,,,,,,,,Y,2,0,1,2,A,-,08,22107,,N,D,G,A,A,H,-,A,A,0,,Y,,,Y,,L,04,1,0,0,0,0,0,1,0,0,"- ","- ",,,ORANGE,"GARDEN GROVE",-117.96308199000001,33.75949
6909202,2015,2015-05-14,3001,2015-04-19,1228,1007,,7,5,7,3001,0,0,0,,0,002,"E LINCOLN AV","CLIFF ROSE",47.00,E,N,A,-,N,,,,,,,,,,Y,2,0,1,1,A,-,03,22350,A,N,E,J,A,A,H,-,A,D,0,,,,,Y,,A,01,1,0,0,0,0,0,0,0,0,"- ","- ",,,ORANGE,ANAHEIM,-117.89203563,33.840257139999999
6911092,2015,2015-05-18,3004,2015-04-28,1001,P541,18,2,5,6,3004,0,0,0,,0,004,"HARBOR BL","VILLAGE WY",0.00,,Y,A,-,N,,,,,,,,,,Y,2,0,2,2,A,-,09,21801,A,N,D,C,A,A,H,-,A,D,0,,,,,Y,,D,22,1,0,1,0,0,0,0,0,0,"- ","- ",33.677909999999997,-117.91934999999999,ORANGE,"COSTA MESA",-117.91938003,33.677480099999997
6912434,2015,2015-05-12,3001,2015-04-18,1943,415,,6,5,7,3001,0,0,0,,0,0D1,"SOUTH KNOTT AV","W ROME",0.00,,Y,A,-,N,,,,,,,,,,Y,2,0,3,2,A,-,09,21802,A,N,D,C,A,A,H,-,B,A,0,,,,,Y,,A,01,1,0,2,0,0,0,0,0,0,"- ","- ",,,ORANGE,ANAHEIM,-118.01081001,33.820480109999998
6912505,2015,2016-11-19,9675,2015-04-13,0352,19492,,1,3,7,3019,0,1,3,,2,551,"RT 55","17TH ST",339.00,S,N,A,-,Y,ORA,12,55,-,-,11.604,R,4,N,Y,2,0,4,1,A,-,01,23152,A,N,E,I,A,A,H,-,C,D,6,,,,,Y,Y,A,07,3,1,0,0,0,0,0,0,0,TO,"- ",33.46528,-117.49523000000001,ORANGE,"SANTA ANA",-117.83116196,33.757148039999997
6912507,2015,2016-11-19,9675,2015-04-25,0105,20668,,6,3,6,3004,0,1,1,,2,405,"RT 405","FAIRVIEW RD",1000.00,S,N,A,-,Y,ORA,12,405,-,-,10.600,H,-,S,Y,2,0,1,3,A,-,03,22350,,N,C,C,A,A,H,-,C,D,6,,,Y,,Y,Y,A,01,1,0,0,0,0,0,0,0,1,"- ","- ",33.411479999999997,-117.54134999999999,ORANGE,"COSTA MESA",-117.90455147999999,33.687654010000003
6912897,2015,2015-05-21,3015,2015-02-27,1836,1518,365,5,5,6,3015,0,0,0,,0,,"WILSON AV","TUSTIN ST",240.00,E,N,A,-,N,,,,,,,,,,N,2,0,1,2,A,-,03,22350,,N,G,B,D,A,H,-,C,D,0,Y,,,,Y,,-,"- ",1,0,0,0,1,0,0,0,0,"- ","- ",,,ORANGE,ORANGE,-117.83492187,33.807460069999998
6918565,2015,2016-11-19,9675,2015-04-24,0959,16923,,5,1,6,3015,0,1,3,,2,551,"RT 55","LA VETA AV",780.00,S,N,B,C,Y,ORA,12,55,-,-,13.080,H,-,N,Y,2,0,1,2,A,-,07,21658,A,N,C,C,A,B,H,-,A,D,6,,,Y,,Y,,A,01,1,0,0,0,0,0,0,0,1,"- ","- ",33.778599999999997,-117.83094,ORANGE,ORANGE,-117.83098428,33.77858955
6921846,2015,2015-05-26,3012,2015-04-30,2223,287,22,4,5,5,3012,0,0,0,,0,002,"HARBOR BL","ARBOLITA DR",187.00,S,N,A,-,N,,,,,,,,,,Y,2,0,3,1,A,-,03,22350,,N,E,I,A,A,H,-,C,D,0,,,,,Y,,A,01,1,0,2,0,0,0,0,0,0,"- ","- ",,,ORANGE,"LA HABRA",-117.93311636999999,33.943625390000001
6922187,2015,2015-06-12,3024,2015-05-01,1501,186,P15,5,5,5,3024,0,0,0,,0,WEST,"EDWARDS ST","WESTMINSTER BL",198.00,S,N,B,-,N,,,,,,,,,,N,2,0,1,2,A,-,11,21954,A,N,G,B,D,A,H,-,A,A,0,Y,,,,Y,,N,60,1,0,0,0,1,0,0,0,0,"- ","- ",,,ORANGE,WESTMINSTER,-118.01588262,33.758497149999997
6922188,2015,2015-06-12,3008,2015-05-02,1816,1364,,6,5,6,3008,0,0,0,,0,0Z3,"COMMONWEALTH AV","CHAPMAN AV",0.00,,Y,A,-,N,,,,,,,,,,Y,2,0,4,2,A,-,01,23152,A,N,A,C,A,A,H,-,A,A,0,,,,,Y,Y,A,07,1,3,0,0,0,0,0,0,0,"- ","- ",,,ORANGE,FULLERTON,-117.88424006,33.874300040000001
6922396,2015,2015-12-01,3001,2015-05-05,0835,3329,798B1,2,5,7,3001,0,0,0,,0,1803,"KENMORE ST","CERRITOS AV",32.00,N,N,A,-,N,,,,,,,,,,N,2,0,1,3,C,-,18,,,N,B,E,A,A,H,-,A,D,0,,,Y,,Y,,-,"- ",1,0,0,0,0,0,0,0,1,"- ","- ",,,ORANGE,ANAHEIM,-117.97684443999999,33.810437659999998
6922479,2015,2015-06-10,3015,2015-03-13,1823,1017,15,5,5,6,3015,0,0,0,,0,751,"W COLLINS AV","N MAIN ST",0.00,,Y,A,-,N,,,,,,,,,,Y,2,0,5,3,A,-,01,23153,A,N,D,C,A,A,H,-,B,A,0,,,,,Y,Y,A,07,1,1,3,0,0,0,0,0,0,"- ","- ",,,ORANGE,ORANGE,-117.86663009999999,33.802430080000001
6925369,2015,2016-11-29,9670,2015-05-23,0745,17022,,6,1,5,3007,0,1,1,,2,041,"RT 405","SLATER AV",189.00,S,N,A,-,Y,ORA,12,405,-,-,14.100,H,-,S,Y,2,0,5,3,A,-,01,23152,A,N,B,C,A,A,H,-,A,D,1,,,,,Y,Y,D,22,1,1,3,0,0,0,0,0,0,"- ","- ",33.70805,-117.9581,ORANGE,"FOUNTAIN VALLEY",-117.95850187000001,33.70855547
6925771,2015,2016-12-22,9675,2015-05-07,2258,18017,,4,3,6,3026,0,1,1,,2,540,"RT 5","SAND CANYON AV",270.00,N,N,C,-,Y,ORA,12,5,-,R,24.030,H,-,N,Y,2,0,4,3,A,-,03,22350,,N,C,C,A,B,H,-,C,D,1,,,,Y,Y,,A,01,1,0,3,0,0,0,0,0,0,"- ","- ",33.681739999999998,-117.76218,ORANGE,IRVINE,-117.75883398000001,33.678556460000003
6927030,2015,2015-06-02,3026,2015-04-20,1003,4991,,1,5,6,3026,0,0,0,,0,00U,"RED HILL",DEERE,0.00,,Y,A,-,N,,,,,,,,,,Y,2,0,2,2,D,-,00,,,N,D,C,A,A,H,-,A,A,0,,,,,Y,,-,"- ",1,0,1,0,0,0,0,0,0,"- ","- ",,,ORANGE,IRVINE,-117.84605012,33.70278003
6932952,2015,2015-06-10,3000,2015-04-20,0116,5036,922B4,1,5,5,3028,0,0,0,,0,754,"OSO PKWY",MONTANOSO,530.00,W,N,B,-,N,,,,,,,,,,Y,2,0,1,1,A,-,01,23152,A,N,F,I,A,A,H,-,C,D,0,,,,,Y,Y,A,07,1,0,0,0,0,0,0,0,0,"- ","- ",,,ORANGE,"MISSION VIEJO",-117.66702057000001,33.581116119999997
6933914,2015,2015-06-09,3014,2015-05-07,0907,1448,RD66,4,5,5,3014,0,0,0,,0,0A4,"PELICAN HILL RD S","PELICAN HILL CIR",450.00,S,N,B,-,N,,,,,,,,,,N,2,0,1,1,A,-,03,22350,,N,H,A,A,A,H,-,A,D,0,,Y,,,Y,,L,04,1,0,0,0,0,0,1,0,0,"- ","- ",33.594999999999999,-117.84831,ORANGE,"NEWPORT BEACH",-117.84832222999999,33.594957919999999
6942578,2015,2016-11-09,3011,2015-05-31,1447,31216,71,7,5,4,3011,0,0,0,,0,001,"RT 133","PHILLIPS ST",20.00,S,N,A,-,Y,ORA,12,133,-,-,3.070,H,-,N,N,2,0,1,2,A,-,04,21703,,N,C,C,A,A,H,-,A,D,0,,,,,Y,,A,01,1,0,0,0,0,0,0,0,0,"- ","- ",,,ORANGE,"LAGUNA BEACH",-117.76240688999999,33.577889579999997
6942660,2015,2016-04-28,3003,2015-03-12,1816,1124,76,4,5,5,3003,0,0,0,,0,004,"BEACH BL","LA PALMA AV",474.00,N,N,A,-,N,,,,,,,,,,Y,2,0,1,2,A,-,09,21801,A,N,D,C,A,A,H,-,A,D,0,,,Y,,Y,,A,01,1,0,0,0,0,0,0,0,1,"- ","- ",33.848500000000001,-117.9982,ORANGE,"BUENA PARK",-117.99803073,33.847949470000003
6944440,2015,2015-06-29,3004,2015-05-22,2043,P497,08,5,5,6,3004,0,0,0,,0,012,"VICTORIA ST","VALLEY RD",0.00,,Y,A,-,N,,,,,,,,,,N,2,0,1,2,A,-,11,21456,B,N,G,B,B,A,H,-,C,A,0,Y,,,,Y,Y,N,60,1,0,0,0,1,0,0,0,0,"- ","- ",33.651699999999998,-117.9465,ORANGE,"COSTA MESA",-117.94631008,33.65218007
6948769,2015,2015-06-19,3007,2015-05-18,1612,290,48,1,5,5,3007,0,0,0,,0,002,"WARNER AV","WINTERSBURG AV",173.00,W,N,A,-,N,,,,,,,,,,Y,2,0,2,3,C,-,18,,,N,B,C,A,A,H,-,A,D,0,,,,,Y,,-,"- ",1,1,0,0,0,0,0,0,0,"- ","- ",,,ORANGE,"FOUNTAIN VALLEY",-117.92517549999999,33.71626638
6951151,2015,2015-07-01,3000,2015-06-03,2035,2742,992J4,3,5,5,3017,0,0,0,,0,778,"CALLE CABALLEROS","AVENIDA PALIZADA",447.00,N,N,A,-,N,,,,,,,,,,Y,2,0,1,1,A,-,03,22350,,N,E,I,A,A,H,-,C,D,0,,,,,Y,,A,01,1,0,0,0,0,0,0,0,0,"- ","- ",,,ORANGE,"SAN CLEMENTE",-117.61496447,33.432185840000002
6955377,2015,2015-07-08,3001,2015-05-30,1536,1278,,6,5,7,3001,0,0,0,,0,0D2,"LA PALMA AV","HAWTHORN ST",0.00,,Y,A,-,N,,,,,,,,,,Y,2,0,1,3,A,-,01,23153,A,F,F,A,A,A,H,-,A,A,0,,,Y,,Y,Y,A,01,1,0,0,0,0,0,0,0,1,"- ","- ",,,ORANGE,ANAHEIM,-117.90149,33.847279999999998
6955813,2015,2016-12-12,9675,2015-06-05,1041,19404,,5,1,7,3001,0,1,3,,2,094,"RT 91","LAKEVIEW AV",1500.00,E,N,B,-,Y,ORA,12,91,-,R,10.370,H,-,W,Y,2,0,2,4,A,-,03,22350,,N,C,C,A,A,H,-,A,D,1,,,Y,,Y,,C,02,1,0,1,0,0,0,0,0,2,"- ","- ",33.854059999999997,-117.80956,ORANGE,ANAHEIM,-117.81056967000001,33.853707630000002
6966556,2015,2015-06-30,3001,2015-05-30,0024,415,D1,6,5,7,3001,0,0,0,,0,,"MAGNOLIA AV","LA PALMA AV",18.00,S,N,B,-,N,,,,,,,,,,N,2,0,1,2,A,-,11,21954,A,N,G,B,D,A,H,-,C,A,0,Y,,,,Y,Y,N,60,1,0,0,0,1,0,0,0,0,"- ","- ",,,ORANGE,ANAHEIM,-117.97614,33.846800649999999
6968596,2015,2015-07-07,3019,2015-05-18,2032,3178,SE,1,5,7,3019,0,0,0,,0,003,STANDARD,OCCIDENTAL,60.00,S,N,A,-,N,,,,,,,,,,Y,2,0,1,4,A,-,01,23152,A,N,B,E,A,A,H,-,C,D,0,,,,,Y,Y,A,01,1,0,0,0,0,0,0,0,0,"- ","- ",,,ORANGE,"SANTA ANA",-117.85651117,33.723565520000001
6968991,2015,2015-07-13,3001,2015-06-12,1545,A1740,,5,5,7,3001,0,0,0,,0,0D3,"WAGNER AV","SUNKIST ST",50.00,W,N,B,-,N,,,,,,,,,,N,2,0,1,2,A,-,08,22100,B,N,D,C,A,A,H,-,A,D,0,,,Y,,Y,,A,01,1,0,0,0,0,0,0,0,1,"- ","- ",,,ORANGE,ANAHEIM,-117.88070423000001,33.825399070000003
6975889,2015,2016-12-12,9675,2015-06-14,1525,19942,,7,2,7,3001,0,1,3,,2,094,"RT 91","IMPERIAL HWY",1584.00,E,N,A,-,Y,ORA,12,91,-,R,11.920,H,-,E,Y,2,0,1,1,A,-,07,21658,A,N,E,J,A,A,H,-,A,D,1,,,,,Y,,A,01,1,0,0,0,0,0,0,0,0,"- ","- ",33.85671,-117.78398,ORANGE,ANAHEIM,-117.78460445,33.856673049999998
6978913,2015,2016-11-19,3004,2015-06-07,1851,P510,33,7,5,6,3004,0,0,0,,0,005,"BRISTOL ST","RT 405",100.00,S,N,A,-,Y,ORA,12,405,-,-,9.341,R,4,N,Y,2,0,1,2,A,-,07,21658,A,N,C,C,A,A,H,-,A,D,0,,,Y,,Y,,A,07,1,0,0,0,0,0,0,0,1,"- ",SF,,,ORANGE,"COSTA MESA",-117.88266624000001,33.68750756
6979980,2015,2015-07-22,3015,2015-06-16,2232,1521,057S,2,5,6,3015,0,0,0,,0,145,"NORTH TUSTIN ST","SANTA ANA CANYON RD",509.00,S,N,A,-,N,,,,,,,,,,Y,2,0,1,1,A,-,08,22107,,N,E,I,A,A,H,-,C,D,0,,,,Y,Y,Y,F,26,1,0,0,0,0,0,0,0,0,"- ","- ",,,ORANGE,ORANGE,-117.83310043,33.841213240000002
6981249,2015,2015-07-14,3000,2015-05-20,1545,9696,952A2,3,5,5,3040,0,0,0,,0,741,"PASEO DE COLINAS",CHARREADAS,0.00,,Y,A,-,N,,,,,,,,,,N,2,0,1,1,A,-,03,22350,,N,F,A,A,A,H,-,A,D,0,,Y,,,Y,,L,04,1,0,0,0,0,0,1,0,0,"- ","- ",,,ORANGE,"LAGUNA NIGUEL",-117.6765901,33.548060079999999