CASE_ID,ACCIDENT_YEAR,PROC_DATE,JURIS,COLLISION_DATE,COLLISION_TIME,OFFICER_ID,REPORTING_DISTRICT,DAY_OF_WEEK,CHP_SHIFT,POPULATION,CNTY_CITY_LOC,SPECIAL_COND,BEAT_TYPE,CHP_BEAT_TYPE,CITY_DIVISION_LAPD,CHP_BEAT_CLASS,BEAT_NUMBER,PRIMARY_RD,SECONDARY_RD,DISTANCE,DIRECTION,INTERSECTION,WEATHER_1,WEATHER_2,STATE_HWY_IND,CALTRANS_COUNTY,CALTRANS_DISTRICT,STATE_ROUTE,ROUTE_SUFFIX,POSTMILE_PREFIX,POSTMILE,LOCATION_TYPE,RAMP_INTERSECTION,SIDE_OF_HWY,TOW_AWAY,COLLISION_SEVERITY,NUMBER_KILLED,NUMBER_INJURED,PARTY_COUNT,PRIMARY_COLL_FACTOR,PCF_CODE_OF_VIOL,PCF_VIOL_CATEGORY,PCF_VIOLATION,PCF_VIOL_SUBSECTION,HIT_AND_RUN,TYPE_OF_COLLISION,MVIW,PED_ACTION,ROAD_SURFACE,ROAD_COND_1,ROAD_COND_2,LIGHTING,CONTROL_DEVICE,CHP_ROAD_TYPE,PEDESTRIAN_ACCIDENT,BICYCLE_ACCIDENT,MOTORCYCLE_ACCIDENT,TRUCK_ACCIDENT,NOT_PRIVATE_PROPERTY,ALCOHOL_INVOLVED,STWD_VEHTYPE_AT_FAULT,CHP_VEHTYPE_AT_FAULT,COUNT_SEVERE_INJ,COUNT_VISIBLE_INJ,COUNT_COMPLAINT_PAIN,COUNT_PED_KILLED,COUNT_PED_INJURED,COUNT_BICYCLIST_KILLED,COUNT_BICYCLIST_INJURED,COUNT_MC_KILLED,COUNT_MC_INJURED,PRIMARY_RAMP,SECONDARY_RAMP,LATITUDE,LONGITUDE,COUNTY,CITY,POINT_X,POINT_Y
81869505,2022,2022-09-21,3019,2022-09-18,1658,3702,SC,7,5,7,3019,0,0,0,,0,004,"FAIRVIEW STREET","EDINGER AVENUE",184.00,S,N,A,-,N,,,,,,,,,,Y,1,1,0,2,A,-,01,23153,A,F,G,B,F,A,H,-,A,D,0,Y,,,,Y,Y,D,22,0,0,0,1,0,0,0,0,0,"- ","- ",33.727031707763672,-117.90664672851562,ORANGE,"SANTA ANA",-117.90634155273438,33.726825714111328
81883571,2022,2022-10-06,3010,2022-10-02,1155,2151,455,7,5,6,3010,0,0,0,,0,002,"MAGNOLIA ST","INDIANAPOLIS AVE",323.00,N,N,A,-,N,,,,,,,,,,N,2,0,1,2,A,-,05,21650,1,N,H,G,A,A,H,-,A,D,0,,Y,,,Y,,L,04,1,0,0,0,0,0,1,0,0,"- ","- ",33.663558959960938,-117.97225952148438,ORANGE,"HUNTINGTON BEACH",-117.97116088867188,33.665855407714844
81890855,2022,2022-10-17,3001,2022-10-01,2203,A1962,,6,5,7,3001,0,0,0,,0,,"STATE COLLEGE BOULEVARD","LINCOLN AVENUE",23.00,N,N,A,-,N,,,,,,,,,,N,2,0,1,2,A,-,11,21456,B,N,G,B,B,A,H,-,C,A,0,Y,,,,Y,,N,60,1,0,0,0,1,0,0,0,0,"- ","- ",33.838428497314453,-117.88893127441406,ORANGE,ANAHEIM,-117.88932800292969,33.840084075927734
8189114,2016,2016-12-15,3001,2016-12-05,0943,A1555,,1,5,7,3001,0,0,0,,0,002,"WEST CORONET AV","NORTH MAPLE ST",0.00,,Y,A,-,N,,,,,,,,,,N,2,0,1,2,A,-,09,21802,A,N,D,G,A,A,H,-,A,A,0,,Y,,,Y,,A,07,1,0,0,0,0,0,1,0,0,"- ","- ",,,ORANGE,ANAHEIM,-117.95491007,33.853380049999998
81896703,2022,2022-10-24,3019,2022-04-09,0212,2859,NE,6,5,7,3019,0,0,0,,0,002,"MAIN STREET","14TH STREET",0.00,,Y,A,-,N,,,,,,,,,,Y,1,1,0,2,A,-,01,23153,A,F,D,C,A,A,H,-,C,D,0,,,,,Y,Y,A,01,0,0,0,0,0,0,0,0,0,"- ","- ",33.756969451904297,-117.86766052246094,ORANGE,"SANTA ANA",-117.86759185791016,33.756721496582031
81900614,2022,2022-10-27,3024,2022-08-19,2154,511,P-31,5,5,5,3024,0,0,0,,0,WEST,"BEACH BOULEVARD (SR 39)","BOLSA AVENUE",19.00,N,N,A,-,Y,ORA,,39,,,6.638,H,,R,N,2,0,1,2,A,-,03,22350,,F,G,B,B,A,H,-,A,A,0,Y,,,,Y,,A,07,1,0,0,0,1,0,0,0,0,"- ","- ",33.744670867919922,-117.98948669433594,ORANGE,WESTMINSTER,-117.98939514160156,33.744670867919922
81909418,2022,2022-11-04,3019,2022-08-26,1455,3359,SC,5,5,7,3019,0,0,0,,0,004,"HARBOR BOULEVARD","MOORE AVENUE",0.00,,Y,A,-,N,,,,,,,,,,N,2,0,1,2,A,-,03,22350,,N,H,G,A,A,H,-,A,D,0,,Y,,,Y,,L,04,1,0,0,0,0,0,1,0,0,"- ","- ",33.703781127929688,-117.9205322265625,ORANGE,"SANTA ANA",-117.91967010498047,33.703891754150391
8190962,2016,2017-04-06,3009,2016-12-05,1843,3397,97,1,5,6,3009,0,0,0,,0,"1    3","BROOKHURST ST","13TH ST",0.00,,Y,A,-,N,,,,,,,,,,Y,1,1,1,2,A,-,00,23153,E,F,G,B,B,A,H,-,C,D,0,Y,,,,Y,,A,01,0,1,0,1,0,0,0,0,0,"- ","- ",,,ORANGE,"GARDEN GROVE",-117.95500002999999,33.755820059999998
81910278,2022,2022-11-07,3001,2022-11-02,0400,A2794,D-2,3,5,7,3001,0,0,0,,0,022,"NORTH ALLEY OF BROADWAY","CITRON STREET",285.00,E,N,C,-,N,,,,,,,,,,N,2,0,1,1,A,-,03,22350,,N,E,I,A,B,H,-,C,D,0,,,,,Y,,A,07,1,0,0,0,0,0,0,0,0,"- ","- ",,,ORANGE,ANAHEIM,-117.92530822753906,33.842292785644531
81911786,2022,2022-11-07,3014,2022-11-01,1223,1501,RD29,2,5,5,3014,0,0,0,,0,"A2  ","TRADEWINDS LN","HOLIDAY RD",352.00,S,N,A,-,N,,,,,,,,,,N,2,0,1,2,A,-,03,22350,,N,C,E,A,A,H,-,A,D,0,,,,,Y,,M,91,1,0,0,0,0,0,0,0,0,"- ","- ",33.638099670410156,-117.89759063720703,ORANGE,"NEWPORT BEACH",-117.89755249023438,33.63824462890625
81913572,2022,2022-11-09,3007,2022-11-05,1416,326,74,6,5,5,3007,0,0,0,,0,003,"BROOKHURST ST","NIAGARA RIVER AVE",0.00,,Y,A,-,N,,,,,,,,,,Y,2,0,1,2,A,-,09,21801,A,N,D,C,A,A,H,-,A,D,0,,,Y,,Y,,A,01,1,0,0,0,0,0,0,0,1,"- ","- ",,,ORANGE,"FOUNTAIN VALLEY",-117.95420074462891,33.689601898193359
81914099,2022,2022-11-09,3026,2022-11-03,0924,7094,,4,5,6,3026,0,0,0,,0,009,"BAKE PKWY.","MUIRLANDS BLVD.",223.00,N,N,A,-,N,,,,,,,,,,N,2,0,1,2,A,-,07,21658,A,F,B,C,A,A,H,-,A,D,0,,,Y,,Y,,A,07,1,0,0,0,0,0,0,0,1,"- ","- ",,,ORANGE,IRVINE,-117.71565246582031,33.640289306640625
81914363,2022,2022-11-10,3019,2022-01-22,1858,3177,WE,6,5,7,3019,0,0,0,,0,001,"1ST STREET","FIGUEROA STREET",25.00,W,N,A,-,N,,,,,,,,,,Y,1,1,0,2,A,-,01,21200,5,N,H,G,A,A,H,-,C,D,0,,Y,,,Y,,L,04,0,0,0,0,0,1,0,0,0,"- ","- ",33.745399475097656,-117.91899108886719,ORANGE,"SANTA ANA",-117.91914367675781,33.745166778564453
81917649,2022,2022-11-15,3001,2022-10-26,0859,A2227,D-1,3,5,7,3001,0,0,0,,0,D-1,"KNOTT AVENUE","ORANGE AVENUE",175.00,S,N,A,-,N,,,,,,,,,,N,2,0,1,2,A,-,08,22107,,F,G,B,F,A,H,-,A,D,0,Y,,,,Y,,A,01,1,0,0,0,1,0,0,0,0,"- ","- ",,,ORANGE,ANAHEIM,-118.01087188720703,33.824100494384766
81918454,2022,2022-11-15,3014,2022-10-22,1927,1602,RD38,6,5,5,3014,0,0,0,,0,"A3  ","FORD RD","JAMBOREE RD",9.00,E,N,A,-,N,,,,,,,,,,N,2,0,1,2,A,-,03,22350,,N,D,J,A,A,H,-,C,A,0,,,,,Y,Y,M,91,1,0,0,0,0,0,0,0,0,"- ","- ",33.631000518798828,-117.87399291992188,ORANGE,"NEWPORT BEACH",-117.8743896484375,33.631031036376953
81920521,2022,2022-11-17,3026,2022-11-11,1528,7094,,5,5,6,3026,0,0,0,,0,006,"IRVINE CENTER DR.",HUBBLE,0.00,,Y,B,-,N,,,,,,,,,,Y,2,0,2,2,A,-,09,21453,C,N,D,C,A,A,H,-,A,A,0,,,,,Y,,A,07,1,0,1,0,0,0,0,0,0,"- ","- ",,,ORANGE,IRVINE,-117.742431640625,33.640525817871094
81921126,2022,2022-11-18,3024,2022-10-09,0546,498,P-18,7,5,5,3024,0,0,0,,0,WEST,"CEDARWOOD AVENUE","11TH STREET",0.00,,Y,A,-,N,,,,,,,,,,Y,2,0,1,3,A,-,01,23152,A,N,C,E,A,A,H,-,C,D,0,,,,,Y,Y,A,01,1,0,0,0,0,0,0,0,0,"- ","- ",33.753150939941406,-117.99677276611328,ORANGE,WESTMINSTER,-117.99406433105469,33.753742218017578
81921759,2022,2022-11-18,3026,2022-10-30,1952,686,,7,5,6,3026,0,0,0,,0,009,"IRVINE BLVD",MODJESKA,0.00,,Y,A,-,N,,,,,,,,,,Y,2,0,7,2,A,-,09,21453,C,N,D,C,A,A,H,-,A,A,0,,,,,Y,,A,01,4,2,1,0,0,0,0,0,0,"- ","- ",,,ORANGE,IRVINE,-117.71914672851562,33.685165405273438
81922243,2022,2022-11-21,3024,2022-10-13,1332,155,,4,5,5,3024,0,0,0,,0,,"MCFADDEN AVENUE","MAGNOLIA STREET",85.00,W,N,B,-,N,,,,,,,,,,N,2,0,1,2,A,-,05,21650,1,N,A,G,A,A,H,-,A,A,0,,Y,,,Y,,L,04,1,0,0,0,0,0,1,0,0,"- ","- ",33.737560272216797,-117.97228240966797,ORANGE,WESTMINSTER,-117.97244262695312,33.737567901611328
81930841,2022,2022-11-30,3007,2022-11-14,1520,1148,56,1,5,5,3007,0,0,0,,0,002,"LOS JARDINES WEST","SLATER AVE",0.00,,Y,A,-,N,,,,,,,,,,N,2,0,1,2,A,-,08,22107,,N,D,G,A,A,H,-,A,A,0,,Y,,,Y,,A,07,1,0,0,0,0,0,1,0,0,"- ","- ",,,ORANGE,"FOUNTAIN VALLEY",-117.94329071044922,33.709392547607422
81932394,2022,2022-12-02,3007,2022-11-28,1846,293,43,1,5,5,3007,0,0,0,,0,001,"LA ESTRELLA AVE","OAK ST",0.00,,Y,A,-,N,,,,,,,,,,N,2,0,1,2,A,-,10,21950,A,F,G,B,D,A,H,-,C,D,0,Y,,,,Y,,A,01,1,0,0,0,1,0,0,0,0,"- ","- ",,,ORANGE,"FOUNTAIN VALLEY",-117.96703338623047,33.711902618408203
81934752,2022,2022-12-06,3019,2022-11-11,2321,3655,SC,5,5,7,3019,0,0,0,,0,004,"BRISTOL STREET","EDINGER AVENUE",340.00,S,N,A,-,N,,,,,,,,,,Y,2,0,2,3,A,-,01,23152,A,N,E,I,A,A,H,-,C,D,0,,,,,Y,Y,A,01,1,0,1,0,0,0,0,0,0,"- ","- ",33.726600646972656,-117.8856201171875,ORANGE,"SANTA ANA",-117.88520812988281,33.726242065429688
81938839,2022,2022-12-12,3015,2022-09-19,0913,1563,"RD 21",1,5,6,3015,0,0,0,,0,731M,"LEWIS ST","METROPOLITAN DR",0.00,,Y,A,-,N,,,,,,,,,,Y,1,1,1,2,A,-,12,21453,A,N,D,C,A,A,H,-,A,A,0,,,,,Y,,A,01,0,1,0,0,0,0,0,0,0,"- ","- ",33.781719207763672,-117.89759063720703,ORANGE,ORANGE,-117.8974609375,33.781707763671875
81945733,2022,2022-12-19,3014,2022-12-07,1627,1520,RD33,3,5,5,3014,0,0,0,,0,"A3  ","IRVINE AVE","ORCHARD DR",925.00,S,N,A,-,N,,,,,,,,,,Y,2,0,4,2,A,-,09,21804,A,N,D,C,A,A,H,-,B,D,0,,,,,Y,,A,01,1,2,1,0,0,0,0,0,0,"- ","- ",33.659900665283203,-117.88179016113281,ORANGE,"NEWPORT BEACH",-117.881591796875,33.659954071044922
81954879,2022,2022-12-29,3001,2022-12-04,1504,A2423,D-3,7,5,7,3001,0,0,0,,0,D-3,"ORANGEWOOD AVENUE","HARBOR BOULEVARD",191.00,E,N,B,-,N,,,,,,,,,,N,2,0,1,2,A,-,07,21658,A,F,C,C,A,A,H,-,A,D,0,,,Y,,Y,,A,01,1,0,0,0,0,0,0,0,1,"- ","- ",33.795860290527344,-117.91525268554688,ORANGE,ANAHEIM,-117.91456604003906,33.79608154296875
81957713,2022,2024-01-09,3014,2022-12-11,1344,1555,RD16,7,5,5,3014,0,0,0,,0,"A1  ","SR-1 (W COAST HWY)","61ST ST",1053.00,E,N,B,-,Y,ORA,,1,,,20.735,H,,R,Y,2,0,1,2,A,-,03,22350,,N,B,C,A,B,H,-,A,D,0,,,Y,,Y,,C,02,1,0,0,0,0,0,0,0,1,"- ","- ",33.625099182128906,-117.94458770751953,ORANGE,"NEWPORT BEACH",-117.944580078125,33.625156402587891
8195963,2016,2017-01-03,3014,2016-12-17,1000,1418,RD15,6,5,5,3014,0,0,0,,0,0A1,"27TH ST","OCEAN FRONT ALLEY W",0.00,,Y,A,-,N,,,,,,,,,,N,2,0,1,2,A,-,09,21804,A,N,H,G,A,A,H,-,A,D,0,,Y,,,Y,,L,04,1,0,0,0,0,0,1,0,0,"- ","- ",33.611499999999999,-117.931,ORANGE,"NEWPORT BEACH",-117.93139004,33.611350010000002
81965118,2023,2023-01-11,3001,2023-01-07,"11  ",A1047,,6,5,7,3001,0,0,0,,0,D-2,"EAST STREET","CYPRESS STREET",5.00,S,N,A,-,N,,,,,,,,,,Y,2,0,1,3,A,-,09,21801,A,N,A,C,A,A,H,-,C,D,0,,,Y,,Y,Y,A,01,1,0,0,0,0,0,0,0,1,"- ","- ",,,ORANGE,ANAHEIM,-117.90334320068359,33.840255737304688
81968188,2023,2023-01-13,3007,2023-01-09,"511 ",333,34,1,5,5,3007,0,0,0,,0,001,SLATER,BUSHARD,0.00,,Y,B,-,N,,,,,,,,,,Y,2,0,2,2,A,-,12,21453,A,N,D,C,A,A,H,-,C,A,0,,,,,Y,Y,A,01,2,0,0,0,0,0,0,0,0,"- ","- ",,,ORANGE,"FOUNTAIN VALLEY",-117.96305084228516,33.708751678466797
81968382,2022,2023-01-16,3015,2022-05-20,2150,1598,25E,5,5,6,3015,0,0,0,,0,712M,"COLLINS AVE","GLASSELL ST",20.00,W,N,A,-,N,,,,,,,,,,Y,1,1,2,2,A,-,01,23152,A,N,C,C,A,A,H,-,A,A,0,,,,,Y,,D,22,0,1,1,0,0,0,0,0,0,"- ","- ",33.801799774169922,-117.85281372070312,ORANGE,ORANGE,-117.85316467285156,33.802383422851562
81968590,2021,2023-01-16,3015,2021-09-21,2215,1507,,2,5,6,3015,0,0,0,,0,721M,"STATE COLLEGE BLVD","FRONTAGE ROAD",0.00,,Y,A,-,N,,,,,,,,,,Y,1,1,0,2,A,-,12,21453,A,N,D,C,A,A,H,-,C,A,0,,,Y,,Y,Y,C,02,0,0,0,0,0,0,0,1,0,"- ","- ",,,ORANGE,ORANGE,,
81973508,2022,2023-01-23,3016,2022-12-22,1429,2169,11,4,5,5,3016,0,0,0,,0,001,"BASTANCHURY ROAD","MCCORMACK LANE",0.00,,Y,A,-,N,,,,,,,,,,Y,2,0,2,2,A,-,09,21801,A,N,D,C,A,A,H,-,A,A,0,,,,Y,Y,,A,07,1,0,1,0,0,0,0,0,0,"- ","- ",33.899379730224609,-117.848388671875,ORANGE,PLACENTIA,-117.84841156005859,33.899383544921875
81975078,2022,2023-01-24,3026,2022-12-31,1230,605,,6,5,6,3026,0,0,0,,0,004,CULVER,"WARNER AVENUE",442.70,S,N,C,-,N,,,,,,,,,,Y,2,0,2,1,A,-,03,22350,,N,E,I,A,B,H,-,A,D,0,,,,,Y,,D,22,2,0,0,0,0,0,0,0,0,"- ","- ",,,ORANGE,IRVINE,-117.80502319335938,33.687450408935547
8198952,2016,2016-12-29,3010,2016-12-06,1052,1109,273,2,5,6,3010,0,0,0,,0,006,WARNER,ASH,236.00,E,N,A,-,N,,,,,,,,,,Y,2,0,1,2,A,-,17,21461,A,N,D,C,A,A,H,-,A,A,0,,,Y,,Y,,A,01,1,0,0,0,0,0,0,0,1,"- ","- ",,,ORANGE,"HUNTINGTON BEACH",-117.99130584,33.71566
81991672,2023,2023-02-10,3007,2023-01-29,1500,333,44,7,5,5,3007,0,0,0,,0,001,SLATER,BUSHARD,66.00,E,N,B,-,N,,,,,,,,,,N,2,0,1,1,A,-,03,22350,,N,E,I,A,A,H,-,A,A,0,,Y,,,Y,,L,04,1,0,0,0,0,0,1,0,0,"- ","- ",,,ORANGE,"FOUNTAIN VALLEY",-117.96283721923828,33.708755493164062
81993319,2023,2023-02-13,3026,2023-01-28,"834 ",598,,6,5,6,3026,0,0,0,,0,007,CULVER,BRYAN,0.00,,Y,A,-,N,,,,,,,,,,Y,2,0,6,4,A,-,08,22107,,N,A,2,A,A,H,-,A,A,0,,,,,Y,,A,01,2,4,0,0,0,0,0,0,0,"- ","- ",33.716049194335938,-117.7764892578125,ORANGE,IRVINE,-117.77662658691406,33.715972900390625
81997303,2022,2023-03-13,3007,2022-12-16,1948,314,35,5,5,5,3007,0,0,0,,0,001,WARNER,"SAN RICARDO",0.00,,Y,A,-,N,,,,,,,,,,Y,2,0,1,2,A,-,03,22349,A,N,D,C,A,A,H,-,C,D,0,,,Y,,Y,,C,02,1,0,0,0,0,0,0,0,1,"- ","- ",,,ORANGE,"FOUNTAIN VALLEY",-117.94417572021484,33.716403961181641
81998510,2022,2023-02-21,3008,2022-10-28,0600,1582,ZONE,5,5,6,3008,0,0,0,,0,,"VALENCIA DR","S PRITCHARD AVE",300.00,W,N,A,-,N,,,,,,,,,,N,2,0,1,2,D,-,00,,,F,G,B,D,A,H,-,C,D,0,Y,,,,Y,Y,-,"- ",1,0,0,0,1,0,0,0,0,"- ","- ",,,ORANGE,FULLERTON,-117.97453308105469,33.866424560546875
81999066,2023,2023-02-21,3014,2023-02-14,1824,1498,RD41,2,5,5,3014,0,0,0,,0,"A3  ","SR-1 (W COAST HWY)","DOVER DR",841.00,E,N,A,-,Y,ORA,,1," ",R,18.275,H,,R,N,2,0,3,2,A,-,01,23152,A,N,A,C,A,A,H,-,C,D,0,,,,,Y,Y,A,01,2,1,0,0,0,0,0,0,0,"- ","- ",33.616809844970703,-117.90438842773438,ORANGE,"NEWPORT BEACH",-117.90439605712891,33.616767883300781
82000592,2022,2023-02-23,3019,2022-11-06,0650,3766,NE,7,5,7,3019,0,0,0,,0,002,"17TH STREET","TUSTIN AVENUE",0.00,,Y,A,-,N,,,,,,,,,,Y,2,0,1,2,A,-,12,21453,A,N,D,C,A,A,H,-,A,A,0,,,,,Y,,-,"- ",1,0,0,0,0,0,0,0,0,"- ","- ",33.759658813476562,-117.83425903320312,ORANGE,"SANTA ANA",-117.83435821533203,33.759811401367188
82000677,2023,2023-02-23,3019,2023-01-22,2228,3658,SC,7,5,7,3019,0,0,0,,0,004,"BRISTOL STREET","MCFADDEN AVENUE",0.00,,Y,-,-,N,,,,,,,,,,N,2,0,3,3,A,-,12,21453,A,F,D,C,A,A,H,-,C,A,0,,,,,Y,,A,01,1,0,2,0,0,0,0,0,0,"- ","- ",33.733890533447266,-117.88545227050781,ORANGE,"SANTA ANA",-117.88520050048828,33.734455108642578
82000773,2023,2023-02-23,3019,2023-02-02,1306,3550,NE,4,5,7,3019,0,0,0,,0,002,"FAIRHAVEN AVENUE","CAMBRIDGE STREET",0.00,,Y,A,-,N,,,,,,,,,,Y,2,0,2,2,A,-,12,21453,A,N,D,C,A,A,H,-,A,A,0,,,,Y,Y,,A,01,1,0,1,0,0,0,0,0,0,"- ","- ",33.772201538085938,-117.84409332275391,ORANGE,"SANTA ANA",-117.84443664550781,33.773311614990234
82000780,2023,2023-02-23,3019,2023-02-03,"8   ",3382,SE,5,5,7,3019,0,0,0,,0,003,"HOBART STREET","MAIN STREET",5.00,E,N,A,-,N,,,,,,,,,,Y,2,0,1,3,A,-,09,21801,A,F,D,G,A,A,H,-,C,D,0,,Y,,,Y,,A,01,1,0,0,0,0,0,1,0,0,"- ","- ",33.729728698730469,-117.86784362792969,ORANGE,"SANTA ANA",-117.86776733398438,33.729820251464844
82000823,2023,2023-02-23,3019,2023-02-07,1229,3439,SC,2,5,7,3019,0,0,0,,0,004,"BRISTOL STREET","EDINGER AVENUE",330.00,S,N,A,-,N,,,,,,,,,,Y,2,0,6,2,A,-,05,21650,,N,A,C,A,A,H,-,A,D,0,,,,,Y,,A,01,2,0,4,0,0,0,0,0,0,"- ","- ",33.727279663085938,-117.88524627685547,ORANGE,"SANTA ANA",-117.88520812988281,33.726272583007812
82013021,2023,2023-03-08,3026,2023-02-19,1940,547,,7,5,6,3026,0,0,0,,0,009,BAKE,JERONIMO,474.00,S,N,A,-,N,,,,,,,,,,Y,2,0,5,5,A,-,03,22350,,N,G,B,E,A,H,-,C,D,0,Y,,,,Y,,A,01,3,2,0,0,4,0,0,0,0,"- ","- ",,,ORANGE,IRVINE,-117.71199035644531,33.643936157226562
8201628,2017,2017-03-29,3015,2017-02-16,0738,1503,44N,4,5,6,3015,0,0,0,,0,211,"EAST CHAPMAN AV","SOUTH HAMLIN ST",0.00,,Y,A,-,N,,,,,,,,,,Y,2,0,2,3,A,-,09,21801,,N,D,B,F,A,H,-,A,D,0,Y,,,,Y,,A,07,1,1,0,0,1,0,0,0,0,"- ","- ",,,ORANGE,ORANGE,-117.80297001,33.787730089999997
8201636,2017,2017-03-29,3015,2017-02-14,1023,1440,23E,2,5,6,3015,0,0,0,,0,716,"S TUSTIN ST","EAST CHAPMAN AV",169.00,S,N,A,-,N,,,,,,,,,,Y,2,0,1,2,A,-,09,21804,A,N,D,C,A,A,H,-,A,D,0,,,Y,,Y,,A,07,1,0,0,0,0,0,0,0,1,"- ","- ",,,ORANGE,ORANGE,-117.83574,33.787366720000001
82016786,2023,2023-03-20,3001,2023-03-09,2321,A1047,,4,5,7,3001,0,0,0,,0,D-1,"LINCOLN AVENUE","STINSON STREET",0.00,W,N,B,-,N,,,,,,,,,,Y,1,1,0,2,A,-,11,21954,A,N,G,B,D,B,H,-,A,D,0,Y,,,,Y,,N,60,0,0,0,1,0,0,0,0,0,"- ","- ",33.83184814453125,-117.97881317138672,ORANGE,ANAHEIM,-117.97893524169922,33.832134246826172
82018081,2023,2023-03-15,3001,2023-03-04,1316,A2703,D-1,6,5,7,3001,0,0,0,,0,011,"KNOTT AVENUE","LINCOLN AVENUE",276.00,S,N,A,-,N,,,,,,,,,,N,2,0,1,2,A,-,11,21955,,N,G,B,E,A,H,-,A,D,0,Y,,,,Y,,N,60,1,0,0,0,1,0,0,0,0,"- ","- ",33.83203125,-118.01081085205078,ORANGE,ANAHEIM,-118.01107025146484,33.832427978515625
8201976,2016,2017-01-05,3011,2016-12-10,1612,31300,63,6,5,4,3011,0,0,0,,0,003,"PARK AV","DONNA DR",436.00,W,N,A,-,N,,,,,,,,,,Y,2,0,2,1,A,-,03,22350,,N,E,I,A,A,H,-,A,D,0,,,,Y,Y,,F,27,1,1,0,0,0,0,0,0,0,"- ","- ",,,ORANGE,"LAGUNA BEACH",-117.765084,33.547041999999998
82020231,2022,2023-03-24,3015,2022-12-22,1500,1374,RD55,4,5,6,3015,0,0,0,,0,751,"KATELLA AVE","XTRA WAY",108.00,E,N,A,-,N,,,,,,,,,,Y,2,0,1,2,A,-,11,21954,A,N,G,B,D,A,H,-,A,A,0,Y,,,,Y,,N,60,1,0,0,0,1,0,0,0,0,"- ","- ",33.809089660644531,-117.85707855224609,ORANGE,ORANGE,,
82020430,2023,2023-03-17,3019,2023-02-22,1836,3482,SC,3,5,7,3019,0,0,0,,0,004,"HARBOR BOULEVARD","WARNER AVENUE",0.00,,Y,A,-,N,,,,,,,,,,Y,2,0,1,2,D,-,00,,,N,A,C,A,A,H,-,C,D,0,,,Y,,Y,,-,"- ",1,0,0,0,0,0,0,0,1,"- ","- ",33.713741302490234,-117.92044830322266,ORANGE,"SANTA ANA",-117.91981506347656,33.713794708251953
82020453,2023,2023-03-17,3019,2023-02-25,2304,3664,SC,6,5,7,3019,0,0,0,,0,004,"MACARTHUR BOULEVARD","FAIRVIEW STREET",569.00,W,N,C,-,N,,,,,,,,,,N,2,0,1,1,A,-,03,22350,,N,E,I,A,B,H,-,C,D,0,,,,,Y,Y,A,01,1,0,0,0,0,0,0,0,0,"- ","- ",33.700180053710938,-117.90770721435547,ORANGE,"SANTA ANA",-117.90967559814453,33.699958801269531
82020515,2023,2023-03-17,3019,2023-03-04,1929,3730,SE,6,5,7,3019,0,0,0,,0,001,"BIRCH STREET","CHESTNUT AVENUE",5.00,S,N,A,-,N,,,,,,,,,,N,2,0,1,2,A,-,10,21950,A,N,G,B,B,A,H,-,D,D,0,Y,,,,Y,,A,01,1,0,0,0,1,0,0,0,0,"- ","- ",33.742351531982422,-117.87077331542969,ORANGE,"SANTA ANA",-117.87096405029297,33.742404937744141
82030058,2023,2023-03-28,3019,2023-02-19,"46  ",3837,WE,7,5,7,3019,0,0,0,,0,001,"HARBOR BOULEVARD","HAZARD AVENUE",395.00,N,N,A,-,N,,,,,,,,,,N,1,1,0,2,A,-,11,21954,A,F,G,B,E,A,H,-,C,D,0,Y,,,,Y,,N,60,0,0,0,1,0,0,0,0,0,"- ","- ",33.752429962158203,-117.92018127441406,ORANGE,"SANTA ANA",-117.92028045654297,33.75360107421875
82036073,2023,2023-04-24,3022,2023-03-27,1650,1403,,1,5,5,3022,0,0,0,,0,,"RED HILL AV","SAN JUAN ST",170.00,S,N,A,B,N,,,,,,,,,,N,2,0,1,2,D,-,00,,,F,G,B,F,A,H,-,A,D,0,Y,,,,Y,,-,"- ",1,0,0,0,1,0,0,0,0,"- ","- ",33.7364501953125,-117.8126220703125,ORANGE,TUSTIN,-117.81301116943359,33.735927581787109
82036145,2022,2023-04-05,3008,2022-12-26,0721,1582,ZONE,1,5,6,3008,0,0,0,,0,,"HARBOR BLVD","BASTANCHURY RD",0.00,,Y,A,-,N,,,,,,,,,,Y,2,0,2,2,A,-,12,21453,A,N,D,C,A,A,H,-,A,A,0,,,,,Y,,A,01,1,0,1,0,0,0,0,0,0,"- ","- ",,,ORANGE,FULLERTON,-117.92890167236328,33.895618438720703
8204338,2016,2017-01-18,3008,2016-10-09,0615,1482,NJC,7,5,6,3008,0,0,0,,0,0Z1,"MAGNOLIA AV","ORANGETHORPE AV",0.00,,Y,A,-,N,,,,,,,,,,N,2,0,1,2,A,-,11,21950,B,N,G,B,B,A,H,-,C,A,0,Y,,,,Y,Y,N,60,1,0,0,0,1,0,0,0,0,"- ","- ",,,ORANGE,FULLERTON,-117.97628005999999,33.859110080000001
82045777,2022,2023-04-19,3024,2022-10-06,1938,426,P-26,4,5,5,3024,0,0,0,,0,EAST,"MAGNOLIA STREET","HAZARD AVENUE",0.00,,Y,A,-,N,,,,,,,,,,Y,1,1,0,2,A,-,12,21453,A,F,D,G,A,A,H,-,C,A,0,,Y,,,Y,,L,04,0,0,0,0,0,1,0,0,0,"- ","- ",33.752101898193359,-117.97215270996094,ORANGE,WESTMINSTER,-117.97234344482422,33.752151489257812