CASE_ID,ACCIDENT_YEAR,PROC_DATE,JURIS,COLLISION_DATE,COLLISION_TIME,OFFICER_ID,REPORTING_DISTRICT,DAY_OF_WEEK,CHP_SHIFT,POPULATION,CNTY_CITY_LOC,SPECIAL_COND,BEAT_TYPE,CHP_BEAT_TYPE,CITY_DIVISION_LAPD,CHP_BEAT_CLASS,BEAT_NUMBER,PRIMARY_RD,SECONDARY_RD,DISTANCE,DIRECTION,INTERSECTION,WEATHER_1,WEATHER_2,STATE_HWY_IND,CALTRANS_COUNTY,CALTRANS_DISTRICT,STATE_ROUTE,ROUTE_SUFFIX,POSTMILE_PREFIX,POSTMILE,LOCATION_TYPE,RAMP_INTERSECTION,SIDE_OF_HWY,TOW_AWAY,COLLISION_SEVERITY,NUMBER_KILLED,NUMBER_INJURED,PARTY_COUNT,PRIMARY_COLL_FACTOR,PCF_CODE_OF_VIOL,PCF_VIOL_CATEGORY,PCF_VIOLATION,PCF_VIOL_SUBSECTION,HIT_AND_RUN,TYPE_OF_COLLISION,MVIW,PED_ACTION,ROAD_SURFACE,ROAD_COND_1,ROAD_COND_2,LIGHTING,CONTROL_DEVICE,CHP_ROAD_TYPE,PEDESTRIAN_ACCIDENT,BICYCLE_ACCIDENT,MOTORCYCLE_ACCIDENT,TRUCK_ACCIDENT,NOT_PRIVATE_PROPERTY,ALCOHOL_INVOLVED,STWD_VEHTYPE_AT_FAULT,CHP_VEHTYPE_AT_FAULT,COUNT_SEVERE_INJ,COUNT_VISIBLE_INJ,COUNT_COMPLAINT_PAIN,COUNT_PED_KILLED,COUNT_PED_INJURED,COUNT_BICYCLIST_KILLED,COUNT_BICYCLIST_INJURED,COUNT_MC_KILLED,COUNT_MC_INJURED,PRIMARY_RAMP,SECONDARY_RAMP,LATITUDE,LONGITUDE,COUNTY,CITY,POINT_X,POINT_Y
90441331,2017,2017-04-25,9690,2017-04-20,2220,018526,,4,3,5,3028,0,1,1,,2,056,"I-5 N/B FROM CROWN VALLEY PKWY E/B","CROWN VALLEY PKWY",370.00,S,N,A,-,Y,,,5,,,,R,,N,Y,2,0,2,2,A,-,01,23152,A,N,A,C,A,A,H,-,C,D,0,,,,,Y,Y,A,01,1,0,1,0,0,0,0,0,0,"- ","- ",33.558190000000003,-117.67191,ORANGE,"MISSION VIEJO",-117.67191,33.558190000000003
90445248,2017,2017-04-28,9690,2017-04-23,1235,018953,,7,1,4,3018,0,1,1,,2,057,"I-5 S/B (SAN DIEGO FRWY)","PACIFIC COAST HIGHWAY",150.00,N,N,A,-,Y,,,5,,,,,,S,Y,2,0,1,3,A,-,07,21658,A,N,B,C,A,A,H,-,A,D,0,,,,,Y,,A,01,1,0,0,0,0,0,0,0,0,"- ","- ",33.467210000000001,-117.67064999999999,ORANGE,"SAN JUAN CAPISTRANO",-117.67063207,33.467252559999999
90446483,2017,2017-05-01,9675,2017-02-18,0322,020650,,6,3,7,3019,0,1,3,,2,552,"STATE ROUTE 55 NORTHBOUND","WARNER AVENUE",600.00,S,N,A,-,Y,,,55,,,,,,N,Y,1,1,2,2,A,-,01,23152,A,N,C,C,A,A,H,-,D,D,0,,,,Y,Y,Y,A,01,0,1,1,0,0,0,0,0,0,"- ","- ",33.71414,-117.84596999999999,ORANGE,"SANTA ANA",-117.84614496,33.714312829999997
90447804,2017,2017-05-02,9690,2017-04-24,2025,016986,,1,2,9,3000,0,1,3,,1,074,"SR-74 (ORTEGA HWY)","REATA RD.",30.00,W,N,A,-,Y,,,74,,,,,,,N,2,0,1,2,A,-,11,21954,A,N,G,B,D,A,H,-,D,A,0,Y,,,,Y,,N,60,1,0,0,0,1,0,0,0,0,"- ","- ",33.51849,-117.62781,ORANGE,UNINCORPORATED,-117.62778788,33.518448880000001
90449606,2017,2017-05-05,9670,2017-02-23,1644,017022,,4,2,6,3009,0,1,3,,2,021,"SR-22 EASTBOUND FROM GARDEN GROVE BLVD.","VALLEY VIEW STREET",452.00,E,N,A,-,Y,,,22,,,,R,,E,Y,1,1,0,3,A,-,01,23152,F,N,C,C,A,A,H,-,A,D,0,,,Y,,Y,,C,02,0,0,0,0,0,0,0,1,0,"- ","- ",33.774030000000003,-118.03803000000001,ORANGE,"GARDEN GROVE",-118.03803000000001,33.774030000000003
90450654,2017,2017-05-08,9670,2017-04-28,1234,012956,,5,1,5,3024,0,1,1,,2,041,"I-405 SOUTHBOUND (SAN DIEGO FREEWAY)","NEWLAND STREET",990.00,S,N,A,-,Y,,,405,,,,,,S,Y,2,0,2,2,A,-,01,23152,F,N,C,C,A,A,H,-,A,D,0,,,,,Y,,A,01,1,1,0,0,0,0,0,0,0,"- ","- ",33.724989999999998,-117.97945,ORANGE,WESTMINSTER,-117.97913239,33.725447770000002
90450774,2017,2017-05-08,9690,2017-04-16,0805,020966,,7,1,9,3000,0,1,3,,1,074,"SR 74 W/B (ORTEGA HWY)","ANTONIO PKWY",10.00,W,N,A,-,Y,,,74,,,,,,W,Y,2,0,1,2,A,-,09,21453,B,N,B,C,A,A,H,-,A,A,0,,,Y,,Y,,A,07,1,0,0,0,0,0,0,0,1,"- ","- ",33.519660000000002,-117.62027,ORANGE,UNINCORPORATED,-117.6202746,33.519684130000002
90451388,2017,2017-05-08,9690,2017-05-07,1027,020194,,7,1,9,3000,0,2,4,,2,037,"TRABUCO CREEK ROAD","2 MILE MPM",300.00,N,N,B,C,N,,,,,,,,,,N,2,0,1,2,A,-,03,22350,,N,D,C,A,D,H,-,A,D,0,,,Y,,Y,,C,02,1,0,0,0,0,0,0,0,1,"- ","- ",33.672020000000003,-117.55386,ORANGE,UNINCORPORATED,,
90460269,2017,2017-05-22,9675,2017-02-18,0300,021297,,6,3,7,3019,0,1,3,,2,552,"SR-55 NORTHBOUND","WARNER AVE",1944.00,N,N,B,-,Y,,,55,,,,,,N,Y,2,0,1,2,A,-,11,21956,,N,G,B,E,B,H,-,D,D,0,Y,,,,Y,,N,60,1,0,0,0,1,0,0,0,0,"- ","- ",33.719000000000001,-117.84083,ORANGE,"SANTA ANA",-117.84114947,33.719312610000003
90460660,2017,2017-05-24,9675,2017-04-10,1612,021406,,1,2,9,3000,0,1,3,,2,241,"STATE ROUTE 241 NORTHBOUND","SANTIAGO CANYON ROAD",5539.00,S,N,A,-,Y,,,241,,,,,,N,N,1,1,0,2,A,-,21,22106,,N,G,B,E,A,H,-,A,D,0,Y,,,,Y,,D,22,0,0,0,1,0,0,0,0,0,"- ","- ",33.759340000000002,-117.73244,ORANGE,UNINCORPORATED,-117.73246057,33.759343569999999
90462346,2017,2017-05-24,9670,2017-05-12,0001,021585,,5,3,3,3013,0,1,1,,2,061,"I-605 SOUTHBOUND (SAN GABRIEL FWY.)","SR-22 W/B",528.00,N,N,A,-,Y,,,,,,,,,,Y,2,0,1,1,A,-,03,22350,,N,F,A,A,A,H,-,C,D,0,,,,,Y,,A,01,1,0,0,0,0,0,0,0,0,"- ","- ",33.776620000000001,-118.09172,ORANGE,"LOS ALAMITOS",,
9046235,2020,2020-02-21,3012,2020-01-24,1343,623,4,5,5,5,3012,0,0,0,,0,004,"PALM ST","TANGLEWOOD CT",37.00,S,N,A,-,N,,,,,,,,,,N,2,0,1,2,A,-,10,21950,C,N,G,B,C,A,H,-,A,D,0,Y,,,,Y,,A,07,1,0,0,0,1,0,0,0,0,"- ","- ",,,ORANGE,"LA HABRA",-117.92437744140625,33.928867340087891
90463382,2017,2017-05-25,9675,2017-05-17,0420,020027,,3,3,7,3001,0,1,3,,2,094,"SR-91 EASTBOUND","IMPERIAL HIGHWAY",400.00,W,N,A,-,Y,,,91,,,,,,E,Y,2,0,1,1,A,-,08,22107,,N,E,I,A,A,H,-,C,D,0,,,,,Y,,A,01,1,0,0,0,0,0,0,0,0,"- ","- ",33.853900000000003,-117.79213,ORANGE,ANAHEIM,-117.7921382,33.854139150000002
90463750,2017,2017-05-25,9670,2017-04-21,1830,021543,,5,2,5,3003,0,1,3,,2,091,"SR-91 W/B","VALLEY VIEW ST",1056.00,E,N,A,-,Y,,,91,,,,,,W,Y,2,0,1,2,A,-,03,22350,,N,C,C,A,A,H,-,A,D,0,,,Y,,Y,,C,02,1,0,0,0,0,0,0,0,1,"- ","- ",33.85604,-118.02245000000001,ORANGE,"BUENA PARK",-118.02244965,33.856063669999998
90466406,2017,2017-05-29,9670,2017-05-05,2230,020809,,5,3,7,3001,0,1,3,,2,093,"SR-91 W/B","EUCLID ST",660.00,E,N,A,-,Y,,,91,,,,,,W,Y,2,0,1,1,A,-,01,23152,A,N,E,I,A,A,H,-,C,D,0,,,Y,,Y,Y,C,02,1,0,0,0,0,0,0,0,1,"- ","- ",33.85436,-117.93911,ORANGE,ANAHEIM,-117.93911070999999,33.85423239
90468209,2017,2017-05-31,9670,2017-04-20,0855,014497,,4,1,6,3009,0,1,3,,2,025,"SR-22 W/B","EUCLID ST",528.00,W,N,A,-,Y,,,22,,,,,,W,Y,2,0,1,2,A,-,07,21658,A,F,B,C,A,A,H,-,A,D,0,,,Y,,Y,,A,07,1,0,0,0,0,0,0,0,1,"- ","- ",33.766019999999997,-117.93978,ORANGE,"GARDEN GROVE",-117.93978208,33.766116060000002
90479916,2017,2017-06-16,9675,2017-03-24,0843,021377,,5,1,7,3019,0,1,3,,2,222,"STATE ROUTE 22 EASTBOUND","BRISTOL STREET",300.00,E,N,A,-,Y,,,22,,,,,,E,Y,1,1,0,2,A,-,03,22350,,N,F,A,A,A,H,-,A,D,0,,,Y,,Y,,C,02,0,0,0,0,0,0,0,1,0,"- ","- ",33.778869999999998,-117.88265,ORANGE,"SANTA ANA",-117.88264959,33.77893341
90488064,2017,2017-06-26,9690,2017-06-17,0812,020966,,6,1,9,3000,0,1,3,,1,074,"SR 74 W/B (ORTEGA HWY)","GATEWAY PLACE",4382.00,E,N,A,-,Y,,,74,,,,,,W,Y,2,0,1,3,A,-,08,22107,,N,A,C,A,A,H,-,A,D,0,,,Y,,Y,,D,22,1,0,0,0,0,0,0,0,1,"- ","- ",33.521810000000002,-117.61047000000001,ORANGE,UNINCORPORATED,-117.61047000000001,33.521839610000001
90489292,2017,2017-06-28,9690,2017-06-26,1305,014919,,1,1,5,3017,0,1,1,,2,059,"I-5 N/B (SAN DIEGO FRWY)","EL CAMINO REAL",197.00,N,N,A,-,Y,,,5,,,,,,N,Y,2,0,3,3,A,-,03,22350,,N,C,C,A,A,D,-,A,D,0,,,,,Y,,D,22,1,0,2,0,0,0,0,0,0,"- ","- ",33.419289999999997,-117.60542,ORANGE,"SAN CLEMENTE",-117.60537441,33.419326499999997
90491251,2017,2017-06-30,9670,2017-06-23,1525,021543,,5,2,7,3001,0,1,3,,2,091,"SR-91 W/B","MAGNOLIA AVE",2640.00,E,N,A,-,Y,,,91,,,,,,W,Y,2,0,5,5,A,-,03,22350,,N,C,C,A,A,H,-,A,D,0,,,,,Y,,A,07,1,2,2,0,0,0,0,0,0,"- ","- ",33.855089999999997,-117.96898,ORANGE,ANAHEIM,-117.96898308999999,33.855080729999997
90495412,2017,2017-07-06,9675,2017-06-24,0730,020694,,6,1,6,3004,0,1,3,,2,553,"SR-55 NORTHBOUND TO SR-73 NORTHBOUND","BRISTOL ST",850.00,E,N,A,-,Y,,,55,,,,R,,N,Y,2,0,1,2,A,-,01,23152,A,N,E,I,A,A,H,-,A,D,0,,,,,Y,Y,A,01,1,0,0,0,0,0,0,0,0,"- ","- ",33.671990000000001,-117.88696,ORANGE,"COSTA MESA",-117.88696,33.671990000000001
90506423,2017,2017-07-24,9675,2017-07-09,1819,021483,,7,2,6,3015,0,1,3,,2,222,"SR-22 EASTBOUND","THE CITY DRIVE",50.00,W,N,A,-,Y,,,22,,,,,,E,Y,2,0,1,2,A,-,07,21658,A,N,C,C,A,A,H,-,A,D,0,,,Y,,Y,,A,01,1,0,0,0,0,0,0,0,1,"- ","- ",33.778750000000002,-117.89042999999999,ORANGE,ORANGE,-117.89042796,33.778943099999999
90506802,2017,2017-07-24,9690,2017-07-12,0417,014953,,3,3,4,3049,0,1,3,,2,073,"SR-73 S/B (SJHTC) FROM EL TORO RD.","EL TORO RD",3190.00,S,N,B,-,Y,,,73,,,,R,,S,Y,2,0,1,1,A,-,01,23152,F,N,E,I,A,A,H,-,D,D,0,,,,,Y,,D,22,1,0,0,0,0,0,0,0,0,"- ","- ",33.587670000000003,-117.74248,ORANGE,"ALISO VIEJO",-117.74248,33.587670000000003
90508253,2017,2017-07-25,9690,2017-07-22,0145,018646,,6,3,9,3000,0,1,3,,1,074,"SR 74 E/B (ORTEGA HWY)","CASPER REGIONAL PARK",2100.00,W,N,A,-,Y,,,74,,,,,,E,Y,2,0,1,1,A,-,08,22107,,N,E,I,A,A,H,-,D,D,0,,,,,Y,,A,01,1,0,0,0,0,0,0,0,0,"- ","- ",33.528120000000001,-117.55389,ORANGE,UNINCORPORATED,-117.55303356,33.528008290000002
90513535,2017,2017-08-01,9670,2017-07-20,1446,021670,,4,2,4,3020,0,1,1,,2,045,"I-405 S/B","SEAL BEACH BLVD",200.00,S,N,A,-,Y,,,405,,,,,,S,Y,2,0,3,5,A,-,03,22350,,N,C,C,A,A,H,-,A,D,0,,,,,Y,,A,01,1,0,2,0,0,0,0,0,0,"- ","- ",33.774160000000002,-118.07461000000001,ORANGE,"SEAL BEACH",-118.07461075000001,33.774282839999998
90514066,2017,2017-08-01,9675,2017-07-25,1435,019407,,2,2,7,3019,0,1,1,,2,502,"I-5 SOUTHBOUND","MAIN ST",250.00,S,N,A,-,Y,,,,,,,,,,Y,2,0,1,1,A,-,08,22107,,N,E,I,A,A,H,-,A,D,0,,,,,Y,,A,01,1,0,0,0,0,0,0,0,0,"- ","- ",33.459180000000003,-117.51966,ORANGE,"SANTA ANA",-117.86731,33.766970000000001
90517558,2017,2017-08-07,9690,2017-07-22,2100,020695,,6,2,9,3000,0,3,5,,2,003,"TRABUCO CREEK ROAD","MPM 2.25",528.00,W,N,A,-,N,,,,,,,,,,N,2,0,1,1,C,-,18,,,N,H,A,A,A,A,-,D,D,0,,,,,Y,,-,"- ",1,0,0,0,0,0,0,0,0,"- ","- ",33.672049999999999,-117.55399,ORANGE,UNINCORPORATED,,
90518340,2017,2017-08-07,9670,2017-07-23,0132,021210,,7,3,4,3020,0,1,1,,2,045,"I-405 S/B (SAN DIEGO FREEWAY)","SEAL BEACH BLVD",6864.00,S,N,A,-,Y,,,405,,,,,,S,Y,2,0,1,2,A,-,03,22350,,N,C,C,A,A,H,-,C,D,0,,,,,Y,,D,22,1,0,0,0,0,0,0,0,0,"- ","- ",33.774099999999997,-118.0518,ORANGE,"SEAL BEACH",-118.05180076000001,33.774233150000001
90519916,2017,2017-08-09,9670,2017-04-24,1615,017951,,1,2,6,3009,0,1,3,,2,022,"STATE ROUTE 22 EASTBOUND","BROOKHURST STREET",1356.00,W,N,A,-,Y,,,22,,,,,,E,Y,1,1,1,3,A,-,07,21658,A,N,D,C,A,A,H,-,A,D,0,,,Y,,Y,,A,01,0,0,1,0,0,0,0,1,0,"- ","- ",33.765830000000001,-117.96321,ORANGE,"GARDEN GROVE",-117.96320995000001,33.765823470000001
90533680,2017,2017-08-25,9675,2017-07-18,2330,018017,,2,3,7,3001,0,1,3,,2,240,"STATE ROUTE 241 NORTHBOUND","STATE ROUTE 91",3898.00,S,N,A,-,Y,,,241,,,,,,N,Y,1,1,0,1,A,-,08,22107,,N,F,A,A,A,H,-,D,D,0,,,,,Y,,A,07,0,0,0,0,0,0,0,0,0,"- ","- ",33.856200000000001,-117.7169,ORANGE,ANAHEIM,-117.71677683999999,33.856200000000001
90535505,2017,2017-08-28,9690,2017-06-21,0645,016128,,3,1,9,3000,0,1,3,,1,074,"SR 74 W/B (ORTEGA HWY)","NICHOLS INSTITUTE",3505.00,E,N,A,-,Y,,,74,,,,,,W,Y,1,1,0,4,A,-,06,21750,A,N,B,C,A,A,H,-,A,D,0,,,Y,,Y,,C,02,0,0,0,0,0,0,0,1,0,"- ","- ",33.5717,-117.54228999999999,ORANGE,UNINCORPORATED,-117.54230913000001,33.571710340000003
90535800,2017,2017-08-29,9675,2017-08-19,0930,019618,,6,1,7,3001,0,1,3,,2,094,"SR-91 W/B","IMPERIAL HIGHWAY",3379.00,E,N,A,-,Y,,,91,,,,,,W,Y,2,0,1,3,A,-,07,21658,A,N,C,C,A,A,H,-,A,D,0,,,Y,,Y,,A,07,1,0,0,0,0,0,0,0,1,"- ","- ",33.858890000000002,-117.78052,ORANGE,ANAHEIM,-117.78054142000001,33.858933819999997
90536600,2017,2017-08-29,9675,2017-08-19,1134,021349,,6,1,6,3004,0,1,1,,2,405,"I-405 N/B","EUCLID ST",2000.00,S,N,A,-,Y,,,405,,,,,,N,Y,2,0,1,1,A,-,03,22350,,N,F,A,A,A,H,-,A,D,0,,,Y,,Y,,C,02,1,0,0,0,0,0,0,0,1,"- ","- ",33.694400000000002,-117.93172,ORANGE,"COSTA MESA",-117.93171267,33.69441741
90537668,2017,2017-08-31,9675,2017-08-19,2309,021225,,6,3,7,3001,0,1,3,,2,094,"SR-91 WESTBOUND","LAKEVIEW AVE",250.00,E,N,A,-,Y,,,91,,,,,,W,Y,2,0,1,2,A,-,03,22350,,F,C,C,A,A,H,-,D,D,0,,,Y,,Y,,-,99,1,0,0,0,0,0,0,0,1,"- ","- ",33.852910000000001,-117.81211,ORANGE,ANAHEIM,-117.81212729000001,33.852945339999998
90538523,2017,2017-09-01,9675,2017-08-04,2305,021322,,5,3,7,3001,0,1,3,,2,092,"STATE ROUTE 91 WESTBOUND","TUSTIN AVENUE",1305.00,W,N,A,-,Y,,,91,,,,,,W,N,1,1,0,2,A,-,11,21954,A,N,G,B,E,A,H,-,C,D,0,Y,,,,Y,,N,60,0,0,0,1,0,0,0,0,0,"- ","- ",33.851239999999997,-117.84241,ORANGE,ANAHEIM,-117.84244335,33.851365180000002
90542718,2017,2017-09-08,9670,2017-03-25,0128,020597,,6,3,6,3008,0,1,3,,2,093,"STATE ROUTE 91 WESTBOUND","BROOKHURST STREET",1960.00,E,N,B,-,Y,,,91,,,,,,W,Y,1,1,0,2,A,-,01,23152,A,N,C,C,A,A,H,-,D,D,0,,,,Y,Y,Y,A,01,0,0,0,0,0,0,0,0,0,"- ","- ",33.854210000000002,-117.9526,ORANGE,FULLERTON,-117.95259824,33.854112540000003
90543782,2017,2017-09-08,9675,2017-07-08,1630,021377,,6,2,9,3000,0,2,4,,2,034,"SANTIAGO CANYON ROAD NORTHBOUND","SILVERADO CANYON ROAD",869.00,N,N,B,-,N,,,,,,,,,,Y,1,1,0,2,A,-,03,22350,,N,F,A,A,A,H,-,A,D,0,,,Y,,Y,,C,02,0,0,0,0,0,0,0,1,0,"- ","- ",33.747729999999997,-117.67592,ORANGE,UNINCORPORATED,-117.67034588999999,33.747707320000004
90544344,2017,2017-09-29,9670,2017-04-18,0448,021207,,2,3,5,3003,0,1,3,,2,091,"STATE ROUTE 91 WESTBOUND","VALLEY VIEW STREET",1041.00,E,N,A,-,Y,,,91,,,,,,W,Y,1,1,0,2,A,-,11,21954,A,F,G,B,E,A,H,-,B,D,0,Y,,,,Y,,N,60,0,0,0,1,0,0,0,0,0,"- ","- ",33.856189999999998,-118.0252,ORANGE,"BUENA PARK",-118.02520629999999,33.856135010000003
90561561,2017,2017-10-03,9675,2017-09-24,2334,021716,,7,3,7,3001,0,1,3,,2,093,"SR-91 WESTBOUND TO SR-55 SOUTHBOUND","LAKEVIEW AVE",3150.00,W,N,A,-,Y,,,91,,,,R,,W,Y,2,0,1,1,A,-,01,23152,A,N,E,I,A,A,H,-,C,D,0,,,,,Y,Y,A,07,1,0,0,0,0,0,0,0,0,"- ","- ",33.845500000000001,-117.8235,ORANGE,ANAHEIM,-117.8235,33.845500000000001
90565554,2017,2017-10-24,9690,2017-09-21,1634,020366,,4,2,4,3045,0,1,1,,2,550,"I-5 S/B (SAN DIEGO FRWY)","LAKE FOREST DR",1180.00,S,N,A,-,Y,,,5,,,,,,S,Y,2,0,1,2,A,-,03,22350,,N,C,C,A,A,H,-,A,D,0,,,Y,,Y,,C,02,1,0,0,0,0,0,0,0,1,"- ","- ",33.625630000000001,-117.71819000000001,ORANGE,"LAGUNA HILLS",-117.71827752,33.625546960000001
90565731,2017,2017-10-09,9675,2017-09-26,0649,019088,,2,1,7,3001,0,1,3,,2,195,"SR-91 E/B","COAL CYN RD",6336.00,W,N,A,-,Y,,,91,,,,,,E,Y,2,0,1,2,A,-,08,22107,,N,B,C,A,A,H,-,A,D,0,,,Y,,Y,,A,01,1,0,0,0,0,0,0,0,1,"- ","- ",33.873519999999999,-117.6913,ORANGE,ANAHEIM,-117.69133829,33.873375340000003
90566407,2017,2017-10-10,9675,2017-10-06,0221,021752,,5,3,6,3015,0,1,1,,2,520,"I-5 NORTHBOUND","THE CITY DRIVE",500.00,S,N,A,-,Y,,,5,,,,,,N,Y,2,0,1,3,A,-,01,23152,A,F,B,C,A,A,H,-,A,D,0,,,Y,,Y,Y,A,01,1,0,0,0,0,0,0,0,1,"- ","- ",33.789879999999997,-117.88782,ORANGE,ORANGE,-117.88776503,33.78994153
90567182,2017,2017-10-11,9675,2017-10-01,1355,021801,,7,1,6,3026,0,1,1,,2,407,"I-405 N/B TO SR-133 S/B","SR-133 S/B",175.00,N,N,A,-,Y,,,405,,,,R,,N,Y,2,0,1,1,A,-,08,22107,,N,F,A,A,A,H,-,A,D,0,,,Y,,Y,,C,02,1,0,0,0,0,0,0,0,1,"- ","- ",33.65249,-117.76214,ORANGE,IRVINE,-117.76214,33.65249
90567485,2017,2017-10-11,9675,2017-09-26,1740,021377,,2,2,7,3001,0,1,3,,2,572,"SR-57 NORTHBOUND","BALL RD",300.00,S,N,A,-,Y,,,57,,,,,,N,Y,2,0,1,2,A,-,03,22350,,N,C,C,A,A,H,-,A,D,0,,,Y,,Y,,C,02,1,0,0,0,0,0,0,0,1,"- ","- ",33.81718,-117.87645000000001,ORANGE,ANAHEIM,-117.876385,33.817164630000001
90570982,2017,2017-10-16,9670,2017-10-09,1707,021242,,1,2,5,3003,0,1,3,,2,091,"SR-91 W/B","WALKER ST",528.00,W,N,A,-,Y,,,,,,,,,,Y,2,0,1,3,A,-,08,22107,,F,B,C,A,A,H,-,A,D,0,,,Y,,Y,,C,02,1,0,0,0,0,0,0,0,1,"- ","- ",33.860759999999999,-118.03828,ORANGE,"BUENA PARK",-118.03912706,33.861028959999999
90571239,2017,2017-10-16,9675,2017-10-08,1340,021447,,7,1,6,3004,0,1,1,,2,405,"I-405 NORTHBOUND","BRISTOL ST",700.00,N,N,A,-,Y,,,405,,,,,,N,Y,2,0,2,2,A,-,08,22107,,N,D,C,A,A,H,-,A,D,0,,,,,Y,,A,01,1,0,1,0,0,0,0,0,0,"- ","- ",33.6875,-117.88938,ORANGE,"COSTA MESA",-117.88937968,33.687539409999999
90573415,2017,2017-10-18,9675,2017-10-08,2355,021752,,7,3,6,3008,0,1,3,,2,570,"SR-57 NORTHBOUND","IMPERIAL HIGHWAY",450.00,S,N,A,-,Y,,,57,,,,,,N,Y,2,0,1,1,A,-,01,23152,A,N,E,I,A,A,H,-,C,D,0,,,,,Y,Y,A,01,1,0,0,0,0,0,0,0,0,"- ","- ",33.905619999999999,-117.88108,ORANGE,FULLERTON,-117.88110206,33.905613029999998
90573790,2017,2017-10-19,9675,2017-10-04,2325,021716,,3,3,6,3026,0,1,3,,2,074,"SR-73 SOUTHBOUND","NEWPORT COAST DR",1132.00,S,N,A,-,Y,,,73,,,,,,S,Y,2,0,1,1,A,-,01,23152,F,N,F,A,A,A,H,-,C,D,0,,,,,Y,,A,07,1,0,0,0,0,0,0,0,0,"- ","- ",33.617800000000003,-117.82040000000001,ORANGE,IRVINE,-117.82025152,33.61789899
90576102,2017,2017-10-23,9675,2017-10-08,0218,018924,,7,3,6,3026,0,1,1,,2,407,"I-405 S/B","IRVINE CENTER DRIVE",1000.00,S,N,A,-,Y,,,,,,,,,,Y,2,0,2,2,A,-,01,23152,A,N,E,I,A,A,H,-,C,D,0,,,,,Y,Y,A,01,1,1,0,0,0,0,0,0,0,"- ","- ",33.64649,-117.41706000000001,ORANGE,IRVINE,-117.74386712,33.646949829999997
90581015,2017,2017-10-27,9675,2017-10-12,1150,021272,,4,1,4,3002,0,3,5,,2,001,"BREA CANYON RD. S/B","TONNER CYN RD",1700.00,S,N,A,-,N,,,,,,,,,,Y,2,0,2,2,A,-,08,22107,,N,D,C,A,A,H,-,A,D,0,,,Y,,Y,,A,01,2,0,0,0,0,0,0,0,1,"- ","- ",33.940860000000001,-117.88388999999999,ORANGE,BREA,-117.87815000000001,33.940770000000001
9058255,2020,2020-08-06,3004,2020-04-29,0623,P459,01,3,5,6,3004,0,0,0,,0,009,"PLACENTIA AV","W 18TH ST",448.00,S,N,B,-,N,,,,,,,,,,Y,2,0,2,2,A,-,01,23152,F,N,C,C,A,A,H,-,B,D,0,,,,Y,Y,,A,07,1,0,1,0,0,0,0,0,0,"- ","- ",33.638439178466797,-117.93192291259766,ORANGE,"COSTA MESA",-117.93193817138672,33.638511657714844
90582653,2017,2017-10-30,9670,2017-10-21,1000,021755,,6,1,6,3008,0,1,3,,2,093,"SR-91 W/B","MAGNOLIA ST",2112.00,E,N,A,-,Y,,,91,,,,,,W,Y,2,0,4,3,A,-,08,22107,,N,D,C,A,A,H,-,A,D,0,,,,,Y,,A,01,1,0,3,0,0,0,0,0,0,"- ","- ",33.855359999999997,-117.96984,ORANGE,FULLERTON,-117.96983797999999,33.855366050000001
90587485,2017,2017-11-07,9670,2017-02-20,0454,019304,,1,3,6,3009,0,1,3,,2,021,"STATE ROUTE 22 WESTBOUND","KNOTT STREET",717.00,W,N,B,C,Y,,,,,,,,,,Y,1,1,1,3,C,-,18,,,N,D,C,E,B,H,-,D,D,0,Y,,,,Y,,-,"- ",1,0,0,1,0,0,0,0,0,"- ","- ",33.462829999999997,-118.04293,ORANGE,"GARDEN GROVE",-118.009845,33.774760000000001
90588074,2017,2017-11-21,9675,2017-10-25,1340,018087,,3,1,6,3004,0,1,1,,2,405,"I-405 (SAN DIEGO FREEWAY) SOUTHBOUND","SANTA ANA RIVER",1500.00,S,N,A,-,Y,,,405,,,,,,S,Y,2,0,3,3,A,-,07,21658,A,N,B,C,A,A,H,-,A,D,0,,,,,Y,,A,01,1,1,1,0,0,0,0,0,0,"- ","- ",33.69323,-117.92977,ORANGE,"COSTA MESA",-117.92974488999999,33.693291449999997
9058999,2020,2020-05-27,3000,2020-02-28,1705,5013,951F6,5,5,5,3040,0,0,0,,0,743,"CROWN VALLEY PKWY","WEST NINE DR",0.00,,Y,A,-,N,,,,,,,,,,Y,2,0,2,2,A,-,09,21801,A,N,A,C,A,A,H,-,A,A,0,,,,,Y,,A,01,1,1,0,0,0,0,0,0,0,"- ","- ",,,ORANGE,"LAGUNA NIGUEL",-117.72030639648438,33.502399444580078
90599692,2017,2017-11-21,9675,2017-11-14,1804,018832,,2,2,6,3026,0,1,1,,2,504,"I-5 N/B","BAKE PKWY",200.00,S,N,A,-,Y,,,5,,,,,,N,Y,2,0,1,3,A,-,07,21658,A,N,B,C,A,A,H,-,D,D,0,,,,,Y,,A,07,1,0,0,0,0,0,0,0,0,"- ","- ",33.636400000000002,-117.7281,ORANGE,IRVINE,-117.72821903000001,33.636303220000002