CASE_ID,ACCIDENT_YEAR,PROC_DATE,JURIS,COLLISION_DATE,COLLISION_TIME,OFFICER_ID,REPORTING_DISTRICT,DAY_OF_WEEK,CHP_SHIFT,POPULATION,CNTY_CITY_LOC,SPECIAL_COND,BEAT_TYPE,CHP_BEAT_TYPE,CITY_DIVISION_LAPD,CHP_BEAT_CLASS,BEAT_NUMBER,PRIMARY_RD,SECONDARY_RD,DISTANCE,DIRECTION,INTERSECTION,WEATHER_1,WEATHER_2,STATE_HWY_IND,CALTRANS_COUNTY,CALTRANS_DISTRICT,STATE_ROUTE,ROUTE_SUFFIX,POSTMILE_PREFIX,POSTMILE,LOCATION_TYPE,RAMP_INTERSECTION,SIDE_OF_HWY,TOW_AWAY,COLLISION_SEVERITY,NUMBER_KILLED,NUMBER_INJURED,PARTY_COUNT,PRIMARY_COLL_FACTOR,PCF_CODE_OF_VIOL,PCF_VIOL_CATEGORY,PCF_VIOLATION,PCF_VIOL_SUBSECTION,HIT_AND_RUN,TYPE_OF_COLLISION,MVIW,PED_ACTION,ROAD_SURFACE,ROAD_COND_1,ROAD_COND_2,LIGHTING,CONTROL_DEVICE,CHP_ROAD_TYPE,PEDESTRIAN_ACCIDENT,BICYCLE_ACCIDENT,MOTORCYCLE_ACCIDENT,TRUCK_ACCIDENT,NOT_PRIVATE_PROPERTY,ALCOHOL_INVOLVED,STWD_VEHTYPE_AT_FAULT,CHP_VEHTYPE_AT_FAULT,COUNT_SEVERE_INJ,COUNT_VISIBLE_INJ,COUNT_COMPLAINT_PAIN,COUNT_PED_KILLED,COUNT_PED_INJURED,COUNT_BICYCLIST_KILLED,COUNT_BICYCLIST_INJURED,COUNT_MC_KILLED,COUNT_MC_INJURED,PRIMARY_RAMP,SECONDARY_RAMP,LATITUDE,LONGITUDE,COUNTY,CITY,POINT_X,POINT_Y
90601032,2017,2017-11-22,9670,2017-02-20,0453,019304,,1,3,6,3009,0,1,3,,2,021,"STATE ROUTE 22 WESTBOUND","KNOTT STREET",712.00,W,N,B,C,Y,,,,,,,,,,Y,2,0,1,2,A,-,11,21954,A,N,G,B,E,B,H,-,D,D,0,Y,,,,Y,,N,60,1,0,0,0,1,0,0,0,0,"- ","- ",33.46284,-118.04293,ORANGE,"GARDEN GROVE",-118.00982858,33.774760000000001
90601143,2017,2017-11-22,9670,2017-10-13,0557,021894,,5,3,7,3001,0,1,1,,2,502,"I-5 N/B FROM EUCLID ST.","EUCLID ST",22.00,W,N,A,-,Y,,,5,,,,R,,N,N,2,0,1,2,A,-,11,21954,A,N,G,B,D,A,H,-,C,A,0,Y,,,,Y,,N,60,1,0,0,0,1,0,0,0,0,"- ","- ",33.836539999999999,-117.94190999999999,ORANGE,ANAHEIM,-117.94190999999999,33.836539999999999
9060609,2020,2020-03-05,3001,2020-01-22,1806,A1047,,3,5,7,3001,0,0,0,,0,0D2,"ANAHEIM BL","LORRAINE DR",7.00,S,N,A,-,N,,,,,,,,,,Y,2,0,1,2,A,-,11,21954,A,N,G,B,D,A,H,-,C,D,0,Y,,Y,,Y,Y,N,60,1,0,0,0,1,0,0,0,0,"- ","- ",33.821090698242188,-117.90883636474609,ORANGE,ANAHEIM,-117.90900421142578,33.820781707763672
90610272,2017,2017-12-05,9690,2017-11-26,1849,020637,,7,2,4,3018,0,1,1,,2,057,"I-5 S/B (SAN DIEGO FRWY)","JUNIPERO SERRA RD",4500.00,N,N,A,-,Y,,,5,,,,,,S,Y,2,0,1,3,A,-,01,23152,A,N,B,C,A,A,H,-,D,D,0,,,Y,,Y,Y,C,02,1,0,0,0,0,0,0,0,1,"- ","- ",33.530830000000002,-117.6741,ORANGE,"SAN JUAN CAPISTRANO",-117.67415689000001,33.530790690000003
90611048,2017,2018-03-08,9670,2017-06-27,0012,021302,,2,3,7,3001,0,1,3,,2,094,"STATE ROUTE 91 EASTBOUND","LEMON STREET",189.00,E,N,A,-,Y,,,91,,,,,,E,Y,1,1,0,2,A,-,11,21954,A,N,G,B,E,A,H,-,D,D,0,Y,,,,Y,,N,60,0,0,0,1,0,0,0,0,0,"- ","- ",33.85416,-117.91916000000001,ORANGE,ANAHEIM,-117.91916576,33.854046680000003
90611100,2017,2017-12-06,9670,2017-12-01,0650,021719,,5,1,6,3009,0,1,3,,2,024,"SR-22 E/B","HARBOR BLVD",200.00,W,N,A,-,Y,,,22,,,,,,E,Y,2,0,1,2,A,-,07,21658,A,F,B,A,A,A,H,-,A,D,0,,,Y,,Y,,-,99,1,0,0,0,0,0,0,0,1,"- ","- ",33.767510000000001,-117.9207,ORANGE,"GARDEN GROVE",-117.92074511,33.767640630000002
90611186,2017,2017-12-06,9675,2017-09-30,2246,021233,,6,3,5,3022,0,1,3,,2,051,"STATE ROUTE 55 NORTHBOUND","MAIN STREET",29.00,N,N,B,-,Y,,,55,,,,,,N,Y,1,1,0,2,A,-,03,22350,,N,C,C,A,A,H,-,C,D,0,,,Y,,Y,,C,02,0,0,0,0,0,0,0,1,0,"- ","- ",33.742229999999999,-117.83378999999999,ORANGE,TUSTIN,-117.83373774,33.742228420000004
90616255,2017,2017-12-13,9675,2017-12-12,1135,018929,,2,1,7,3001,0,1,3,,2,093,"SR-91 WESTBOUND FROM LAKEVIEW AVE","LAKEVIEW AVE",400.00,W,N,A,-,Y,,,,,,,,,,Y,2,0,2,2,A,-,03,22350,,N,C,C,A,A,H,-,A,A,0,,,,,Y,,A,01,1,0,1,0,0,0,0,0,0,"- ","- ",33.854109999999999,-117.83741000000001,ORANGE,ANAHEIM,-117.81541151,33.850218740000003
90621319,2017,2017-12-20,9690,2017-12-09,1945,020496,,6,2,9,3000,0,2,4,,2,037,"TRABUCO CREEK ROAD","TRABUCO CANYON ROAD",7920.00,E,N,A,-,N,,,,,,,,,,Y,2,0,1,1,A,-,08,22107,,N,F,A,A,A,H,-,D,D,0,,,,,Y,,A,07,1,0,0,0,0,0,0,0,0,"- ","- ",33.667819999999999,-117.56571,ORANGE,UNINCORPORATED,-117.56363356,33.668655379999997
90621653,2017,2017-12-20,9675,2017-12-19,2250,021483,,2,3,7,3001,0,1,3,,2,572,"SR-57 NORTHBOUND","LINCOLN AVE",75.00,S,N,A,-,Y,,,57,,,,,,N,Y,2,0,3,4,A,-,01,23152,A,N,C,C,A,A,D,-,C,D,0,,,,,Y,Y,A,07,1,2,0,0,0,0,0,0,0,"- ","- ",33.837429999999998,-117.87588,ORANGE,ANAHEIM,-117.87589727,33.83743012
90632347,2017,2018-01-03,9675,2017-12-31,0910,021272,,7,1,6,3015,0,1,1,,2,502,"I-5 SOUTHBOUND","CHAPMAN AVE",400.00,S,N,B,-,Y,,,5,,,,,,S,Y,2,0,1,2,A,-,07,21658,A,M,B,C,A,A,H,-,A,D,0,,,,,Y,,A,07,1,0,0,0,0,0,0,0,0,"- ","- ",33.786360000000002,-117.88529,ORANGE,ORANGE,-117.88514066,33.786483480000001
90634653,2017,2018-01-08,9675,2017-12-28,2155,021225,,4,2,9,3000,0,1,3,,2,240,"SR-241 SOUTHBOUND","UPPER BLIND CYN RD",1050.00,N,N,A,-,Y,,,241,,,,,,S,Y,2,0,1,1,A,-,08,22107,,N,E,I,A,A,H,-,D,D,0,,,,,Y,,A,01,1,0,0,0,0,0,0,0,0,"- ","- ",33.819110000000002,-117.71735,ORANGE,UNINCORPORATED,-117.71770309999999,33.819222490000001
90637164,2018,2018-01-10,9690,2018-01-01,1134,014552,,1,1,9,3000,0,1,3,,1,074,"SR-74 (ORTEGA HWY)","SAN JUAN CREEK BRIDGE",3115.00,E,N,A,-,Y,,,74,,,,,,,Y,2,0,2,2,A,-,03,22350,,N,F,A,A,A,H,-,A,D,0,,,Y,,Y,,C,02,1,1,0,0,0,0,0,0,1,"- ","- ",33.592319488525391,-117.49308776855469,ORANGE,UNINCORPORATED,-117.49309539794922,33.592315673828125
90637520,2018,2018-01-10,9675,2018-01-03,1940,021435,,3,2,7,3001,0,1,3,,2,572,"SR-57 SOUTHBOUND","WAGNER AVE",1800.00,N,N,A,-,Y,,,57,,,,,,S,Y,2,0,1,1,A,-,08,22107,,N,E,I,A,A,H,-,C,D,0,,,,,Y,,A,01,1,0,0,0,0,0,0,0,0,"- ","- ",33.830341339111328,-117.87638092041016,ORANGE,ANAHEIM,-117.87628173828125,33.830337524414062
90642429,2018,2018-01-18,9690,2018-01-17,0020,018349,,3,3,9,3000,0,2,4,,2,035,"OSO PKWY","ANTONIO PKWY",404.00,W,N,A,-,N,,,,,,,,,,Y,2,0,2,1,A,-,01,23152,A,F,E,I,A,A,H,-,C,D,0,,,,,Y,Y,A,01,1,1,0,0,0,0,0,0,0,"- ","- ",33.583599090576172,-117.63227081298828,ORANGE,UNINCORPORATED,-117.63212585449219,33.583644866943359
90642799,2017,2018-01-18,9670,2017-09-10,0213,021207,,7,3,7,3001,0,1,1,,2,502,"INTERSTATE 5 NORTHBOUND","WEST BROADWAY",386.00,N,N,A,-,Y,,,5,,,,,,N,Y,1,1,0,2,A,-,11,21954,A,N,G,B,E,A,H,-,C,D,0,Y,,,,Y,,N,60,0,0,0,1,0,0,0,0,0,"- ","- ",33.830269999999999,-117.92946000000001,ORANGE,ANAHEIM,-117.92952004,33.830206959999998
90644013,2018,2018-01-22,9675,2018-01-06,1935,021801,,6,2,9,3000,0,2,4,,2,034,"SANTIAGO CANYON ROAD N/B","JACKSON RANCH",0.00,,Y,A,-,N,,,,,,,,,,Y,2,0,3,2,A,-,09,21802,A,N,D,C,A,A,H,-,C,A,0,,,Y,,Y,,A,01,2,0,1,0,0,0,0,0,2,"- ","- ",33.727680206298828,-117.64990234375,ORANGE,UNINCORPORATED,-117.64994812011719,33.72760009765625
90647410,2018,2018-01-25,9690,2018-01-22,1035,014849,,1,1,5,3017,0,1,1,,2,059,"I-5 N/B (SAN DIEGO FRWY)","AVENIDA PICO",85.00,N,N,A,-,Y,,,5,,,,,,N,Y,2,0,4,3,A,-,03,22350,,N,C,C,A,A,D,-,A,D,0,,,,,Y,,A,01,1,0,3,0,0,0,0,0,0,"- ","- ",33.439201354980469,-117.62287139892578,ORANGE,"SAN CLEMENTE",-117.62283325195312,33.439262390136719
90649823,2018,2018-01-29,9670,2018-01-02,2049,021894,,2,2,7,3001,0,1,3,,2,094,"SR-91 E/B (RIVERSIDE FREEWAY)","RAYMOND ST. U/C",1373.00,W,N,A,-,Y,,,91,,,,,,E,Y,2,0,2,2,A,-,08,22107,,F,B,C,A,A,H,-,C,D,0,,,,,Y,,-,99,1,1,0,0,0,0,0,0,0,"- ","- ",33.853660583496094,-117.91281127929688,ORANGE,ANAHEIM,-117.91281127929688,33.853649139404297
90652018,2018,2018-01-31,9675,2018-01-23,0121,019897,,2,3,9,3000,0,3,5,,2,001,"BREA BLVD N/B","TONNER CYN RD",2357.00,S,N,A,-,N,,,,,,,,,,Y,2,0,1,1,A,-,08,22107,,N,E,I,A,A,H,-,D,D,0,,,,,Y,,A,01,1,0,0,0,0,0,0,0,0,"- ","- ",33.940868377685547,-117.88770294189453,ORANGE,UNINCORPORATED,-117.88770294189453,33.940868377685547
90652734,2018,2018-02-01,9675,2018-01-24,1850,021435,,3,2,7,3001,0,1,3,,2,094,"SR-91 WESTBOUND FROM IMPERIAL HWY","IMPERIAL HIGHWAY",25.00,W,N,A,-,Y,,,91,,,,R,,W,N,2,0,1,2,A,-,05,21650,,N,H,G,A,A,H,-,C,D,0,,Y,,,Y,,L,04,1,0,0,0,0,0,1,0,0,"- ","- ",33.856021881103516,-117.79067230224609,ORANGE,ANAHEIM,-117.79067230224609,33.856021881103516
90656269,2018,2018-05-25,9670,2018-02-05,1148,016194,,1,1,4,3020,0,1,1,,2,045,"I-405 S/B TO SEAL BEACH BLVD.","SEAL BEACH BLVD",305.00,S,N,A,-,Y,,,405,,,,R,,S,Y,2,0,1,1,A,-,03,22350,,N,E,I,A,A,H,-,A,D,0,,,Y,,Y,,C,02,1,0,0,0,0,0,0,0,1,"- ","- ",33.773769378662109,-118.07436370849609,ORANGE,"SEAL BEACH",-118.07436370849609,33.773769378662109
9066060,2020,2020-07-09,3003,2020-04-01,1753,1200,,3,5,5,3003,0,0,0,,0,003,"BEACH BL","CRESCENT AV",0.00,,Y,A,-,N,,,,,,,,,,Y,2,0,2,4,A,-,01,23153,A,N,D,C,F,A,H,-,A,A,0,Y,,,,Y,Y,A,01,1,1,0,0,1,0,0,0,0,"- ","- ",33.839401245117188,-117.99500274658203,ORANGE,"BUENA PARK",-117.99556732177734,33.839389801025391
9066246,2020,2020-07-29,3001,2020-04-03,0818,A1740,D2,5,5,7,3001,0,0,0,,0,0D2,"EUCLID ST","WESTMONT DR",165.00,N,N,A,-,N,,,,,,,,,,,2,0,2,2,A,-,03,22350,,M,C,C,A,A,H,-,A,A,0,,,,,Y,,A,07,1,0,1,0,0,0,0,0,0,"- ","- ",33.837818145751953,-117.94155883789062,ORANGE,ANAHEIM,-117.94158172607422,33.838050842285156
90663405,2018,2018-02-16,9675,2018-02-10,1045,019348,,6,1,7,3001,0,1,3,,2,095,"SR-91 EASTBOUND","SR-241 SOUTHBOUND",600.00,W,N,A,-,Y,,,91,,,,,,E,Y,2,0,2,2,A,-,08,22107,,N,C,C,A,A,H,-,A,D,0,,,Y,,Y,,A,07,1,0,1,0,0,0,0,0,1,"- ","- ",33.866100311279297,-117.72164154052734,ORANGE,ANAHEIM,-117.72157287597656,33.866767883300781
90664416,2018,2018-04-13,9675,2018-02-09,1546,021801,,5,2,6,3015,0,1,3,,2,572,"SR-57 S/B","ORANGEWOOD AVE",120.00,N,N,A,-,Y,,,57,,,,,,S,Y,2,0,1,2,A,-,03,22350,,N,C,C,A,A,H,-,A,D,0,,,Y,,Y,,C,02,1,0,0,0,0,0,0,0,1,"- ","- ",33.7989501953125,-117.87776947021484,ORANGE,ORANGE,-117.87784576416016,33.798934936523438
90683724,2018,2018-03-16,9675,2018-03-10,0223,021233,,6,3,7,3001,0,1,3,,2,572,"SR-57 NORTHBOUND","KATELLA AVE",650.00,S,N,B,-,Y,,,57,,,,,,N,Y,2,0,1,1,A,-,08,22107,,N,F,A,A,A,H,-,C,D,0,,,,,Y,,D,22,1,0,0,0,0,0,0,0,0,"- ","- ",33.804130554199219,-117.87985229492188,ORANGE,ANAHEIM,-117.87990570068359,33.804111480712891
90684242,2018,2018-03-19,9675,2018-03-09,0112,021960,,5,3,6,3015,0,1,3,,2,550,"SR-55 NORTHBOUND","LINCOLN AVE",1580.00,N,N,A,-,Y,,,55,,,,,,N,Y,2,0,1,1,A,-,01,23152,A,N,E,I,A,A,H,-,C,D,0,,,,,Y,Y,A,01,1,0,0,0,0,0,0,0,0,"- ","- ",33.839458465576172,-117.83354187011719,ORANGE,ORANGE,-117.83354949951172,33.839469909667969
9068449,2020,2020-07-24,3026,2020-04-20,1222,4779,P,1,5,6,3026,0,0,0,,0,00P,"SAND CANYON AV",NIGHTMIST,99.00,S,N,B,-,N,,,,,,,,,,Y,2,0,1,1,C,-,18,,,N,E,I,A,A,H,-,A,D,0,,,,Y,Y,,-,"- ",1,0,0,0,0,0,0,0,0,"- ","- ",,,ORANGE,IRVINE,-117.75467681884766,33.681343078613281
90685203,2018,2020-02-18,9675,2018-03-18,0100,019018,,7,3,6,3026,0,1,1,,2,503,"INTERSTATE 5 S/B (SAN DIEGO FREEWAY)","CULVER DR",400.00,N,N,A,-,N,,,5,,,,,,S,Y,1,1,2,3,A,-,01,23152,A,N,C,E,E,A,H,-,C,D,0,Y,,,,Y,Y,A,01,0,2,0,1,0,0,0,0,0,"- ","- ",33.710639953613281,-117.78331756591797,ORANGE,IRVINE,-117.78323364257812,33.710731506347656
90685751,2017,2018-03-20,9670,2017-10-13,0149,021282,,5,3,4,3020,0,1,1,,2,045,"INTERSTATE 405 SOUTHBOUND","SEAL BEACH BOULEVARD",4427.00,S,N,B,-,Y,,,405,,,,,,S,Y,1,1,0,1,A,-,01,23152,A,N,E,I,A,A,H,-,C,D,0,,,,,Y,Y,A,01,0,0,0,0,0,0,0,0,0,"- ","- ",33.773980000000002,-118.05697000000001,ORANGE,"SEAL BEACH",-118.05696721,33.774230789999997
90686097,2017,2018-03-27,9690,2017-12-18,1115,020463,,1,1,9,3000,0,2,4,,2,035,"OSO PKWY","BRIDLE PATH",603.00,E,N,A,-,N,,,,,,,,,,Y,1,1,1,3,A,-,01,23152,F,N,B,C,A,A,H,-,A,D,0,,,,,Y,,D,22,1,0,0,0,0,0,0,0,0,"- ","- ",33.580889999999997,-117.59318,ORANGE,UNINCORPORATED,-117.59320074999999,33.580178420000003
90688889,2017,2018-03-23,9670,2017-11-12,0205,021302,,7,3,7,3001,0,1,3,,2,094,"STATE ROUTE 91 EASTBOUND","HARBOR BOULEVARD OVERCROSSING",718.00,W,N,A,-,Y,,,91,,,,,,E,Y,1,1,3,2,A,-,08,22107,,N,C,E,A,A,H,-,C,D,0,,,,,Y,Y,A,08,2,1,0,0,0,0,0,0,0,"- ","- ",33.8536,-117.92588000000001,ORANGE,ANAHEIM,-117.92588229,33.85373457
90695648,2018,2018-03-30,9670,2018-03-24,2315,021282,,6,3,6,3009,0,1,3,,2,021,"SR-22 W/B","VALLEY VIEW ST",5280.00,E,N,A,-,Y,,,22,,,,,,W,Y,2,0,1,2,A,-,01,23152,A,N,C,C,A,A,H,-,C,D,0,,,,,Y,Y,A,01,1,0,0,0,0,0,0,0,0,"- ","- ",33.774448394775391,-118.03501129150391,ORANGE,"GARDEN GROVE",-118.03501129150391,33.774421691894531
90699311,2018,2018-04-05,9670,2018-03-30,0342,020860,,5,3,7,3001,0,1,1,,2,502,"I-5 N/B","GENE AUTRY WAY",5.00,S,N,A,-,Y,,,5,,,,,,N,Y,2,0,1,1,A,-,03,22350,,N,E,J,A,A,H,-,C,D,0,,,Y,,Y,,C,02,1,0,0,0,0,0,0,0,1,"- ","- ",33.799308776855469,-117.89779663085938,ORANGE,ANAHEIM,-117.897705078125,33.799404144287109
90700154,2018,2018-04-06,9675,2018-04-01,0810,020668,,7,1,9,3000,0,2,4,,2,034,"SANTIAGO CANYON ROAD N/B","SCHOOL ROAD",130.00,N,N,A,-,N,,,,,,,,,,N,2,0,2,2,A,-,04,21703,,N,H,G,A,A,H,-,A,D,0,,Y,,,Y,,L,04,1,1,0,0,0,0,2,0,0,"- ","- ",33.734451293945312,-117.65383148193359,ORANGE,UNINCORPORATED,-117.65383148193359,33.734451293945312
90700922,2018,2018-04-09,9675,2018-04-05,1326,021749,,4,1,7,3019,0,1,3,,2,552,"SR-55 NORTHBOUND","MACARTHUR BLVD",1000.00,N,N,A,-,Y,,,55,,,,,,N,Y,2,0,1,2,A,-,07,21658,A,N,C,C,A,A,H,-,A,D,0,,,Y,,Y,,A,01,1,0,0,0,0,0,0,0,1,"- ","- ",33.700809478759766,-117.85929870605469,ORANGE,"SANTA ANA",-117.85935211181641,33.700859069824219
9070898,2020,2020-06-10,3012,2020-02-15,1818,623,ZONE,6,5,5,3012,0,0,0,,0,002,"HARBOR BL",ARBOLITA,0.00,,Y,A,-,N,,,,,,,,,,Y,2,0,1,2,A,-,09,21801,A,N,D,C,A,A,H,-,C,A,0,,,Y,,Y,,A,01,1,0,0,0,0,0,0,0,1,"- ","- ",,,ORANGE,"LA HABRA",-117.93302154541016,33.944129943847656
90709684,2018,2018-04-20,9690,2018-04-11,2145,018296,,3,2,9,3000,0,2,4,,2,037,"CADILLAC RIDGE RD","TRABUCO CREEK ROAD",500.00,N,N,B,-,N,,,,,,,,,,Y,2,0,2,1,A,-,01,23152,A,N,F,A,A,A,H,-,D,D,0,,,,,Y,Y,A,07,1,1,0,0,0,0,0,0,0,"- ","- ",33.671741485595703,-117.55962371826172,ORANGE,UNINCORPORATED,,
90710472,2018,2018-04-23,9675,2018-04-13,1625,021435,,5,2,5,3022,0,1,3,,2,551,"SR-55 SOUTHBOUND","SANTA CLARA AVE",700.00,N,N,A,-,Y,,,55,,,,,,S,Y,2,0,1,1,A,-,03,22350,,N,F,A,A,A,H,-,A,D,0,,,Y,,Y,,C,02,1,0,0,0,0,0,0,0,1,"- ","- ",33.768928527832031,-117.83106231689453,ORANGE,TUSTIN,-117.83116912841797,33.768928527832031
90712866,2018,2018-04-25,9690,2018-04-15,2240,020469,,7,3,4,3029,0,1,3,,2,051,"SR 1 (PACIFIC COAST HWY)","I-5 SOUTHBOUND TO SR-1",0.00,,Y,A,-,Y,,,1,,,,,,,Y,2,0,1,1,A,-,01,23152,G,N,E,I,A,A,H,-,C,D,0,,,,,Y,Y,A,01,1,0,0,0,0,0,0,0,0,"- ","- ",33.466190338134766,-117.67050933837891,ORANGE,"DANA POINT",-117.67057800292969,33.466251373291016
90713400,2018,2018-04-26,9670,2018-03-25,2144,020860,,7,2,6,3009,0,1,3,,2,021,"SR-22 W/B","GARDEN GROVE BLVD",217.00,S,N,A,-,Y,,,,,,,,,,Y,2,0,1,2,A,-,11,21954,A,N,G,B,D,A,H,-,D,D,0,Y,,,,Y,Y,N,60,1,0,0,0,1,0,0,0,0,"- ","- ",33.773078918457031,-117.99302673339844,ORANGE,"GARDEN GROVE",-118.00493621826172,33.773391723632812
90713654,2018,2018-10-01,9675,2018-04-17,0330,021982,,2,3,6,3008,0,1,3,,2,570,"SR-57 S/B","BASTANCHURY RD",200.00,N,N,A,-,Y,,,57,,,,,,S,Y,2,0,1,1,A,-,08,22107,,N,F,A,A,A,H,-,D,D,0,,,,Y,Y,,G,25,1,0,0,0,0,0,0,0,0,"- ","- ",33.896949768066406,-117.88089752197266,ORANGE,FULLERTON,-117.88112640380859,33.896930694580078
90717114,2018,2018-05-01,9690,2018-04-29,2035,020537,,7,2,9,3000,0,1,3,,1,074,"SR 74 W/B (ORTEGA HWY)","NICHOLS INSTITUTE",2640.00,W,N,A,-,Y,,,74,,,,,,W,Y,2,0,2,1,A,-,01,23152,A,N,F,A,A,A,H,-,C,D,0,,,,,Y,Y,A,07,1,1,0,0,0,0,0,0,0,"- ","- ",33.556190490722656,-117.54914855957031,ORANGE,UNINCORPORATED,-117.54911804199219,33.556182861328125
90717173,2018,2018-05-01,9675,2018-04-25,0940,019088,,3,1,6,3015,0,1,1,,2,502,"I-5 S/B","SR-22 WESTBOUND",200.00,N,N,A,-,Y,,,5,,,,,,S,Y,2,0,1,2,A,-,08,22107,,F,B,C,A,A,H,-,A,D,0,,,Y,,Y,,-,99,1,0,0,0,0,0,0,0,1,"- ","- ",33.779701232910156,-117.87738037109375,ORANGE,ORANGE,-117.87745666503906,33.779613494873047
90718389,2018,2018-05-02,9675,2018-04-27,1721,021716,,5,2,6,3004,0,1,3,,2,553,"SR-55 SOUTHBOUND","PAULARINO AVE",200.00,S,N,A,-,Y,,,55,,,,,,S,Y,2,0,2,2,A,-,03,22350,,N,C,C,A,A,H,-,A,D,0,,,Y,,Y,,C,02,1,0,1,0,0,0,0,0,1,"- ","- ",33.681480407714844,-117.87783050537109,ORANGE,"COSTA MESA",-117.87787628173828,33.681529998779297
9072028,2020,2020-08-04,3001,2020-02-07,2007,A1047,,5,5,7,3001,0,0,0,,0,0D1,BROADWAY,"ARCHER ST",71.00,W,N,A,-,N,,,,,,,,,,N,2,0,1,3,A,-,01,23152,A,N,C,E,A,A,H,-,C,D,0,,,,,Y,Y,A,01,1,0,0,0,0,0,0,0,0,"- ","- ",33.828769683837891,-117.95703887939453,ORANGE,ANAHEIM,-117.95750427246094,33.828891754150391
90720763,2018,2018-05-07,9670,2018-04-26,1710,021821,,4,2,6,3009,0,1,3,,2,024,"SR-22 E/B","GARDEN GROVE BLVD",515.00,W,N,A,-,Y,,,22,,,,,,E,Y,2,0,1,3,A,-,07,21658,A,N,B,C,A,A,H,-,A,D,0,,,Y,,Y,,A,01,1,0,0,0,0,0,0,0,1,"- ","- ",33.773540496826172,-117.90624237060547,ORANGE,"GARDEN GROVE",-117.90630340576172,33.773654937744141
90723842,2018,2018-05-10,9675,2018-05-06,0940,020627,,7,1,9,3000,0,2,4,,2,034,"SANTIAGO CANYON ROAD","LOMA RIDGE RD.",1640.00,N,N,A,-,N,,,,,,,,,,N,2,0,1,1,A,-,03,22350,,N,F,A,A,A,B,-,A,D,0,,Y,,,Y,,L,04,1,0,0,0,0,0,1,0,0,"- ","- ",33.775650024414062,-117.74484252929688,ORANGE,UNINCORPORATED,-117.74474334716797,33.775531768798828
90733121,2018,2019-04-25,9670,2018-04-27,0130,021715,,5,3,6,3009,0,1,3,,2,022,"SR-22 E/B","BROOKHURST ST",150.00,W,N,A,-,Y,,,22,,,,,,E,Y,2,0,1,2,A,-,03,22350,,N,C,C,A,A,H,-,D,D,0,,,,,Y,Y,A,01,1,0,0,0,0,0,0,0,0,"- ","- ",33.765720367431641,-117.95606994628906,ORANGE,"GARDEN GROVE",-117.95606994628906,33.765880584716797
90735340,2018,2018-05-28,9675,2018-05-17,0726,016748,,4,1,4,3002,0,1,3,,2,070,"SR-57 SOUTHBOUND","LAMBERT RD",1200.00,S,N,A,-,Y,,,,,,,,,,Y,2,0,1,3,A,-,07,21658,A,N,B,C,A,A,H,-,A,D,0,,,Y,,Y,,A,07,1,0,0,0,0,0,0,0,1,"- ","- ",33.551849365234375,-117.52487945556641,ORANGE,BREA,-117.88031005859375,33.922111511230469
9074261,2020,2020-10-09,3001,2020-03-08,0140,A1012,,7,5,7,3001,0,0,0,,0,D-2,"BALL RD","TRIDENT ST",0.00,,Y,A,-,N,,,,,,,,,,Y,2,0,1,2,A,-,01,23152,A,N,D,C,A,A,H,-,C,A,0,,,Y,,Y,Y,C,02,1,0,0,0,0,0,0,0,1,"- ","- ",33.817108154296875,-117.94583892822266,ORANGE,ANAHEIM,-117.9456787109375,33.817909240722656
90743023,2018,2018-06-07,9675,2018-05-25,1628,021690,,5,2,6,3004,0,1,3,,2,073,"SR-73 N/B","BRISTOL ST",100.00,N,N,A,-,Y,,,73,,,,,,N,Y,2,0,1,3,A,-,03,22350,,N,C,C,A,A,H,-,A,D,0,,,Y,,Y,,C,02,1,0,0,0,0,0,0,0,1,"- ","- ",33.677108764648438,-117.88929748535156,ORANGE,"COSTA MESA",-117.88922119140625,33.677169799804688
90746017,2018,2018-06-12,9670,2018-06-01,0650,022081,,5,1,6,3009,0,1,3,,2,023,"SR-22 W/B TO SR-39 (BEACH BLVD.)","SR-39 (BEACH BLVD)",200.00,E,N,A,-,Y,,,22,,,,R,,W,Y,2,0,1,1,A,-,03,22350,,N,H,A,A,A,H,-,A,D,0,,,Y,,Y,,C,02,1,0,0,0,0,0,0,0,1,"- ","- ",33.771381378173828,-117.99015045166016,ORANGE,"GARDEN GROVE",-117.99015045166016,33.771381378173828
90747238,2018,2018-06-13,9675,2018-04-20,0521,020027,,5,3,6,3004,0,1,1,,2,405,"INTERSTATE 405 NORTHBOUND","STATE ROUTE 73",505.00,S,N,A,-,Y,,,405,,,,,,N,Y,1,1,0,2,A,-,11,21954,A,N,G,B,E,A,H,-,C,D,0,Y,,,,Y,,N,60,0,0,0,1,0,0,0,0,0,"- ","- ",33.687919616699219,-117.89707183837891,ORANGE,"COSTA MESA",-117.89707946777344,33.687675476074219