CASE_ID,ACCIDENT_YEAR,PROC_DATE,JURIS,COLLISION_DATE,COLLISION_TIME,OFFICER_ID,REPORTING_DISTRICT,DAY_OF_WEEK,CHP_SHIFT,POPULATION,CNTY_CITY_LOC,SPECIAL_COND,BEAT_TYPE,CHP_BEAT_TYPE,CITY_DIVISION_LAPD,CHP_BEAT_CLASS,BEAT_NUMBER,PRIMARY_RD,SECONDARY_RD,DISTANCE,DIRECTION,INTERSECTION,WEATHER_1,WEATHER_2,STATE_HWY_IND,CALTRANS_COUNTY,CALTRANS_DISTRICT,STATE_ROUTE,ROUTE_SUFFIX,POSTMILE_PREFIX,POSTMILE,LOCATION_TYPE,RAMP_INTERSECTION,SIDE_OF_HWY,TOW_AWAY,COLLISION_SEVERITY,NUMBER_KILLED,NUMBER_INJURED,PARTY_COUNT,PRIMARY_COLL_FACTOR,PCF_CODE_OF_VIOL,PCF_VIOL_CATEGORY,PCF_VIOLATION,PCF_VIOL_SUBSECTION,HIT_AND_RUN,TYPE_OF_COLLISION,MVIW,PED_ACTION,ROAD_SURFACE,ROAD_COND_1,ROAD_COND_2,LIGHTING,CONTROL_DEVICE,CHP_ROAD_TYPE,PEDESTRIAN_ACCIDENT,BICYCLE_ACCIDENT,MOTORCYCLE_ACCIDENT,TRUCK_ACCIDENT,NOT_PRIVATE_PROPERTY,ALCOHOL_INVOLVED,STWD_VEHTYPE_AT_FAULT,CHP_VEHTYPE_AT_FAULT,COUNT_SEVERE_INJ,COUNT_VISIBLE_INJ,COUNT_COMPLAINT_PAIN,COUNT_PED_KILLED,COUNT_PED_INJURED,COUNT_BICYCLIST_KILLED,COUNT_BICYCLIST_INJURED,COUNT_MC_KILLED,COUNT_MC_INJURED,PRIMARY_RAMP,SECONDARY_RAMP,LATITUDE,LONGITUDE,COUNTY,CITY,POINT_X,POINT_Y
91289599,2020,2020-08-20,9675,2020-08-10,2329,020018,,1,3,7,3001,0,1,3,,2,094,"SR-91 WESTBOUND","SR-241 NORTHBOUND",2640.00,W,N,A,-,Y,,,91,,,,,,W,Y,2,0,1,1,A,-,01,23152,A,N,E,I,A,A,H,-,C,D,0,,,,,Y,Y,A,01,1,0,0,0,0,0,0,0,0,"- ","- ",33.868968963623047,-117.72968292236328,ORANGE,ANAHEIM,-117.72966003417969,33.869029998779297
91291932,2020,2020-08-25,9675,2020-08-17,0055,022222,,1,3,6,3015,0,1,1,,2,502,"I-5 NORTHBOUND",BROADWAY,750.00,S,N,A,-,Y,,,,,,,,,,Y,2,0,2,2,A,-,01,23152,A,N,E,I,A,A,H,-,D,D,0,,,,,Y,Y,A,01,1,1,0,0,0,0,0,0,0,"- ","- ",33.774410247802734,-117.87197113037109,ORANGE,ORANGE,-117.92733001708984,33.828144073486328
91296151,2020,2020-08-31,9675,2020-08-23,0445,020694,,7,3,6,3026,0,1,1,,2,504,"INTERTSTATE 5 N/B TO INTERSTATE 405 N/B","BAKE PARKWAY",1545.00,N,N,B,-,Y,,,5,,,,R,,N,Y,2,0,2,1,A,-,08,22107,,N,E,I,A,A,H,-,C,D,0,,,,,Y,,A,07,1,1,0,0,0,0,0,0,0,"- ","- ",33.643638610839844,-117.73332214355469,ORANGE,IRVINE,-117.73332214355469,33.643638610839844
91296704,2020,2020-09-01,9675,2020-08-22,0405,022283,,6,3,7,3001,0,1,3,,2,095,"SR-91 WESTBOUND","GYPSUM CANYON ROAD",4100.00,E,N,A,-,Y,,,91,,,,,,W,Y,2,0,4,3,A,-,01,23152,A,N,C,C,A,A,D,-,D,D,0,,,,,Y,Y,D,22,1,1,2,0,0,0,0,0,0,"- ","- ",33.872428894042969,-117.69956970214844,ORANGE,ANAHEIM,-117.69960021972656,33.872501373291016
91308199,2020,2020-09-21,9675,2020-09-13,1305,016748,,7,1,7,3001,0,1,3,,2,071,"SR-57 S/B TO SR-91 W/B HOV CONNECTOR RD","SR-91 WESTBOUND",160.00,N,N,A,-,Y,,,,,,,,,,Y,2,0,1,1,A,-,03,22350,,N,E,I,A,A,H,-,A,D,0,,,Y,,Y,,C,02,1,0,0,0,0,0,0,0,1,"- ","- ",33.510341644287109,-117.52365112304688,ORANGE,ANAHEIM,-117.87595367431641,33.849918365478516
9131527,2020,2020-10-01,3009,2020-07-11,2055,4432,153,6,5,6,3009,0,0,0,,0,022,"CHAPMAN AV","SOMERSET PL",18.00,E,N,A,-,N,,,,,,,,,,Y,2,0,2,2,A,-,03,22350,,N,C,C,A,A,H,-,C,A,0,,,,,Y,,D,22,1,0,1,0,0,0,0,0,0,"- ","- ",,,ORANGE,"GARDEN GROVE",-117.91043090820312,33.788921356201172
91316713,2020,2020-10-02,9675,2020-07-10,1905,019320,,5,2,5,3016,0,1,3,,2,571,"STATE ROUTE 57 S/B TO ORANGETHORPE AVE.","SOUTH PLACENTIA RAILROAD",330.00,S,N,A,-,Y,,,57,,,,R,,S,Y,1,1,0,1,A,-,01,23152,G,N,E,I,A,A,H,-,A,D,0,,,,,Y,Y,D,22,0,0,0,0,0,0,0,0,0,"- ","- ",33.862800598144531,-117.87819671630859,ORANGE,PLACENTIA,-117.87819671630859,33.862800598144531
91317640,2020,2020-10-05,9690,2020-09-26,0030,020472,,6,3,5,3017,0,1,1,,2,059,"I-5 S/B (SAN DIEGO FRWY)","CAMINO DE ESTRELLA",240.00,S,N,A,-,Y,,,5,,,,,,S,Y,2,0,1,1,A,-,01,23152,A,N,E,I,A,A,H,-,C,D,0,,,,,Y,Y,D,22,1,0,0,0,0,0,0,0,0,"- ","- ",33.458171844482422,-117.65541839599609,ORANGE,"SAN CLEMENTE",-117.65534210205078,33.458293914794922
91317886,2020,2020-10-05,9675,2020-09-28,1601,021274,,1,2,6,3015,0,1,3,,2,572,"STATE ROUTE 57 N/B TO ORANGEWOOD AVE.","ORANGEWOOD AVENUE",225.00,S,N,A,-,Y,,,57,,,,R,,N,Y,2,0,1,2,A,-,08,22107,,N,E,I,A,A,H,-,A,D,0,,,,,Y,,D,22,1,0,0,0,0,0,0,0,0,"- ","- ",33.795059204101562,-117.87647247314453,ORANGE,ORANGE,-117.87647247314453,33.795059204101562
91318560,2020,2020-10-06,9670,2020-07-23,2346,021287,,4,3,7,3001,0,1,1,,2,502,"INTERSTATE 5 NORTHBOUND (SANTA ANA FWY)","EUCLID STREET",4.00,N,N,A,-,Y,,,5,,,,,,N,Y,1,1,0,2,A,-,11,21954,A,N,G,B,E,A,H,-,C,D,0,Y,,,,Y,,N,60,0,0,0,1,0,0,0,0,0,"- ","- ",33.836528778076172,-117.94243621826172,ORANGE,ANAHEIM,-117.94248199462891,33.836456298828125
91335554,2020,2020-10-30,9675,2020-10-24,1038,021272,,6,1,7,3019,0,1,3,,2,222,"SR-22 EASTBOUND","BRISTOL ST",250.00,E,N,B,-,Y,,,,,,,,,,Y,2,0,1,1,A,-,08,22107,,N,F,A,A,A,H,-,A,D,0,,,Y,,Y,,C,02,1,0,0,0,0,0,0,0,1,"- ","- ",33.787921905517578,-117.88571166992188,ORANGE,"SANTA ANA",-117.88414001464844,33.764518737792969
91338662,2020,2020-11-04,9675,2020-10-25,0215,022283,,7,3,5,3022,0,1,1,,2,503,"I-5 SOUTHBOUND","NEWPORT AVE",745.00,S,N,B,-,Y,,,5,,,,,,S,Y,2,0,2,6,A,-,03,22350,,N,C,C,A,A,H,-,C,D,0,,,,,Y,Y,A,01,1,1,0,0,0,0,0,0,0,"- ","- ",33.736270904541016,-117.82079315185547,ORANGE,TUSTIN,-117.82081604003906,33.736190795898438
91339859,2020,2020-11-05,9675,2020-10-30,0040,021960,,5,3,7,3019,0,1,1,,2,502,"I-5 N/B","GRAND AVE",1584.00,S,N,A,-,Y,,,5,,,,,,N,Y,2,0,2,1,A,-,01,23152,A,N,E,I,A,A,H,-,C,D,0,,,,,Y,Y,A,07,1,1,0,0,0,0,0,0,0,"- ","- ",33.752738952636719,-117.84664916992188,ORANGE,"SANTA ANA",-117.84673309326172,33.75262451171875
91345897,2020,2020-11-16,9675,2020-11-05,1445,020550,,4,2,7,3001,0,1,3,,2,094,"SR-91 EASTBOUND","IMPERIAL HIGHWAY",7900.00,E,N,B,-,Y,,,91,,,,,,E,Y,2,0,1,3,A,-,03,22350,,N,B,C,A,A,H,-,A,D,0,,,Y,,Y,,C,02,1,0,0,0,0,0,0,0,1,"- ","- ",33.865478515625,-117.76645660400391,ORANGE,ANAHEIM,-117.76645660400391,33.865467071533203
91350190,2020,2020-11-20,9675,2020-07-11,0928,019942,,6,1,6,3026,0,1,1,,2,406,"INTERSTATE 405 N/B FROM JEFFREY ROAD","JEFFREY RD",23.00,N,N,A,-,Y,,,405,,,,R,,N,Y,1,1,0,2,A,-,08,22107,,N,D,G,A,A,H,-,A,D,0,,Y,,,Y,,L,04,0,0,0,0,0,1,0,0,0,"- ","- ",33.6650390625,-117.79351043701172,ORANGE,IRVINE,-117.79351043701172,33.6650390625
91355468,2020,2020-11-30,9670,2020-11-22,0220,021821,,7,3,7,3001,0,1,1,,2,503,"I-5 S/B","EUCLID ST",2112.00,N,N,A,-,Y,,,,,,,,,,Y,2,0,2,2,A,-,07,21658,A,F,C,C,A,A,H,-,C,D,0,,,,,Y,Y,-,99,1,1,0,0,0,0,0,0,0,"- ","- ",33.839359283447266,-117.98471069335938,ORANGE,ANAHEIM,-117.94303131103516,33.836399078369141
91360055,2020,2020-12-07,9670,2020-12-01,1930,021459,,2,2,7,3001,0,1,1,,2,502,"I-5 N/B","HARBOR BLVD",500.00,S,N,A,-,Y,,,5,,,,,,N,Y,2,0,1,1,C,-,18,,,N,E,J,A,A,H,-,C,D,0,,,Y,,Y,,-,"- ",1,0,0,0,0,0,0,0,1,"- ","- ",33.8143310546875,-117.9139404296875,ORANGE,ANAHEIM,-117.9139404296875,33.814327239990234
91361288,2020,2020-12-08,9690,2020-12-03,1440,020038,,4,2,9,3000,0,2,4,,2,034,"ANTONIO PKWY","OSO PKWY",0.00,,Y,A,-,N,,,,,,,,,,Y,2,0,1,2,A,-,09,21453,C,N,D,C,A,A,H,-,A,A,0,,,,,Y,,A,01,1,0,0,0,0,0,0,0,0,"- ","- ",33.583728790283203,-117.63075256347656,ORANGE,UNINCORPORATED,-117.63081359863281,33.583541870117188
9136413,2020,2020-08-14,3026,2020-05-29,1606,6352,,5,5,6,3026,0,0,0,,0,00U,"UNIVERSITY DR","CULVER DR",0.00,,Y,A,-,N,,,,,,,,,,Y,2,0,1,2,A,-,12,21453,A,N,H,G,A,A,H,-,A,A,0,,Y,,,Y,,L,04,1,0,0,0,0,0,1,0,0,"- ","- ",,,ORANGE,IRVINE,-117.82785797119141,33.657428741455078
9137092,2020,2020-09-28,3012,2020-07-25,1847,659,,6,5,5,3012,0,0,0,,0,004,"E LA HABRA BL","CYPRESS ST",0.00,,Y,A,-,N,,,,,,,,,,N,2,0,1,2,A,-,12,21453,A,F,D,C,A,A,H,-,A,A,0,,,,,Y,,D,22,1,0,0,0,0,0,0,0,0,"- ","- ",,,ORANGE,"LA HABRA",-117.94178009033203,33.931869506835938
9137363,2020,2020-10-08,3008,2020-07-02,0937,1158,,4,5,6,3008,0,0,0,,0,,"HARBOR BL","BASTANCHURY RD",930.00,N,N,A,-,N,,,,,,,,,,N,2,0,1,2,A,-,09,21804,A,N,D,C,A,A,H,-,A,D,0,,,Y,,Y,,A,07,1,0,0,0,0,0,0,0,1,"- ","- ",,,ORANGE,FULLERTON,-117.92927551269531,33.898147583007812
9137839,2020,2020-09-16,3000,2020-07-14,0832,9135,891D7,2,5,3,3051,0,0,0,,0,180,"EL TORO AV","MOULTON PKWY",0.00,,Y,A,-,N,,,,,,,,,,Y,2,0,1,2,A,-,12,21453,A,N,D,C,A,A,H,-,A,A,0,,,,,Y,,A,01,1,0,0,0,0,0,0,0,0,"- ","- ",,,ORANGE,"LAGUNA WOODS",-117.72531127929688,33.610141754150391
91381697,2020,2021-01-06,9675,2020-12-28,2005,021690,,1,2,7,3019,0,1,1,,2,503,"I-5 S/B","1ST ST",820.00,S,N,C,-,Y,,,5,,,,,,S,Y,2,0,2,2,A,-,03,22350,,N,C,C,A,B,H,-,C,D,0,,,,,Y,,A,01,1,1,0,0,0,0,0,0,0,"- ","- ",33.742820739746094,-117.83995819091797,ORANGE,"SANTA ANA",-117.83995056152344,33.742832183837891
91386374,2021,2021-01-12,9675,2021-01-05,2035,017998,,2,2,6,3026,0,1,1,,2,406,"I-405 SOUTHBOUND","HARVARD AVENUE",300.00,S,N,A,-,Y,,,405,,,,,,S,Y,2,0,1,2,A,-,03,22350,,N,C,C,A,A,H,-,D,D,0,,,,,Y,,A,07,1,0,0,0,0,0,0,0,0,"- ","- ",33.671600341796875,-117.8294677734375,ORANGE,IRVINE,-117.82947540283203,33.671577453613281
91388048,2021,2021-03-30,9670,2021-01-12,1800,017022,,2,2,9,3000,0,3,5,,2,005,"BOLSA AVENUE","JACKSON STREET",0.00,,Y,A,-,N,,,,,,,,,,N,1,1,0,2,A,-,10,21950,A,N,G,B,B,A,H,-,C,A,0,Y,,,,Y,,N,60,0,0,0,1,0,0,0,0,0,"- ","- ",33.744770050048828,-117.98737335205078,ORANGE,UNINCORPORATED,-117.98748779296875,33.74468994140625
91388280,2021,2021-01-15,9675,2021-01-10,0600,020027,,7,1,6,3026,0,1,1,,2,407,"I-405 SOUTHBOUND","SAND CANYON AVE",2010.00,N,N,A,-,Y,,,405,,,,,,S,Y,2,0,1,1,A,-,08,22107,,N,E,I,A,A,H,-,C,D,0,,,,,Y,,A,01,1,0,0,0,0,0,0,0,0,"- ","- ",33.660228729248047,-117.78299713134766,ORANGE,IRVINE,-117.78292083740234,33.660373687744141
91389461,2020,2022-04-18,9670,2020-11-11,1941,019925,,3,2,9,3000,0,3,5,,2,005,"SR-39 N/B (BEACH BLVD), 15400 BLOCK","MCFADDEN AVENUE",19.00,N,N,A,-,Y,,,39,,,,,,N,N,1,1,0,3,A,-,11,21456,C,N,G,B,B,A,H,-,C,A,0,Y,,,,Y,,N,60,0,0,0,1,0,0,0,0,0,"- ","- ",33.737598419189453,-117.98934936523438,ORANGE,UNINCORPORATED,-117.98931121826172,33.737602233886719
91392705,2021,2021-01-22,9675,2021-01-19,1125,018868,,2,1,6,3015,0,1,3,,2,572,"SR-57 NORTHBOUND","ORANGEWOOD AVE",400.00,S,N,A,G,Y,,,57,,,,,,N,Y,2,0,2,2,A,-,07,21658,A,N,B,C,A,A,H,-,A,D,0,,,,Y,Y,,F,26,1,0,1,0,0,0,0,0,0,"- ","- ",33.795890808105469,-117.87760162353516,ORANGE,ORANGE,-117.87773132324219,33.795936584472656
91399861,2021,2021-02-01,9675,2021-01-23,1811,020699,,6,2,7,3019,0,1,3,,2,552,"SR-55 S/B","MCFADDEN AVE",1175.00,S,N,B,-,Y,,,55,,,,,,S,Y,2,0,2,2,A,-,03,22350,,N,D,C,A,B,H,-,C,D,0,,,,,Y,,A,01,1,0,1,0,0,0,0,0,0,"- ","- ",33.730541229248047,-117.83402252197266,ORANGE,"SANTA ANA",-117.83384704589844,33.730518341064453
91408545,2021,2021-02-16,9675,2021-02-07,0058,021984,,7,3,9,3000,0,1,3,,2,242,"SR-241 SOUTHBOUND",SR-133,5800.00,S,N,A,-,Y,,,241,,,,,,S,Y,2,0,2,1,A,-,08,22107,,N,E,I,A,A,H,-,C,D,0,,,,,Y,,D,72,2,0,0,0,0,0,0,0,0,"- ","- ",33.705570220947266,-117.71366119384766,ORANGE,UNINCORPORATED,-117.71369934082031,33.705471038818359
91413752,2021,2021-02-23,9675,2021-02-18,1004,020544,,4,1,6,3004,0,1,3,,2,553,"SR-55 NORTHBOUND","SANTA ISABEL AVE",175.00,N,N,A,-,Y,,,55,,,,,,N,Y,2,0,1,3,A,-,07,21658,A,N,B,C,A,A,H,-,A,D,0,,,,,Y,,A,01,1,0,0,0,0,0,0,0,0,"- ","- ",33.657611846923828,-117.90283203125,ORANGE,"COSTA MESA",-117.90297698974609,33.657752990722656
91426420,2021,2021-03-12,9675,2021-03-06,0230,021984,,6,3,6,3015,0,1,3,,2,551,"SR-55 NORTHBOUND TO SR-22 WESTBOUND","FAIRHAVEN AVE",300.00,N,N,A,-,Y,,,55,,,,R,,N,Y,2,0,1,1,A,-,01,23152,A,N,E,I,A,A,H,-,C,D,0,,,Y,,Y,Y,C,02,1,0,0,0,0,0,0,0,1,"- ","- ",33.776279449462891,-117.83099365234375,ORANGE,ORANGE,-117.83099365234375,33.776279449462891
91426689,2021,2021-03-15,9675,2021-03-03,0135,021716,,3,3,6,3015,0,1,3,,2,550,"SR-55 NORTHBOUND","LINCOLN AVE",2370.00,S,N,A,-,Y,,,55,,,,,,N,Y,2,0,1,2,A,-,03,22350,,N,C,C,A,A,H,-,C,D,0,,,,,Y,,A,01,1,0,0,0,0,0,0,0,0,"- ","- ",33.828338623046875,-117.83293914794922,ORANGE,ORANGE,-117.83299255371094,33.828311920166016
9143226,2020,2020-09-14,3008,2020-03-01,2156,1159,ZONE1,7,5,6,3008,0,0,0,,0,,"GRANGETHORPE AV","EUCLID ST",0.00,,Y,A,-,N,,,,,,,,,,Y,2,0,1,2,-,-,"- ",,A,N,G,B,E,A,H,-,C,A,0,Y,,,,Y,Y,N,60,1,0,0,0,1,0,0,0,0,"- ","- ",,,ORANGE,FULLERTON,-117.94183,33.859349999999999
91434267,2021,2021-03-24,9690,2021-03-21,1233,016128,,7,1,9,3000,0,2,4,,2,030,"SANTIAGO CANYON ROAD","LIVE OAK CANYON ROAD",750.00,E,N,A,-,N,,,,,,,,,,Y,2,0,1,1,A,-,03,22350,,N,E,I,A,A,H,-,A,D,0,,,Y,,Y,,C,02,1,0,0,0,0,0,0,0,1,"- ","- ",33.685100555419922,-117.62069702148438,ORANGE,UNINCORPORATED,-117.62065124511719,33.683330535888672
91435542,2020,2021-03-25,9675,2020-09-18,2152,022222,,5,2,7,3019,0,1,1,,2,502,"INTERSTATE 5 NORTHBOUND","MAIN STREET",1595.00,S,N,B,-,Y,,,5,,,,,,N,Y,1,1,0,2,A,-,01,23152,F,N,C,C,A,A,D,-,D,D,0,,,Y,,Y,,C,02,0,0,0,0,0,0,0,1,0,"- ","- ",33.764198303222656,-117.8651123046875,ORANGE,"SANTA ANA",-117.86514282226562,33.764179229736328
91437881,2021,2021-03-29,9675,2021-03-19,0020,021960,,5,3,6,3026,0,1,1,,2,504,"I-5 S/B TO ALTON PKWY","ALTON PKWY",440.00,S,N,A,-,Y,,,5,,,,R,,S,Y,2,0,1,1,A,-,01,23152,G,N,E,I,A,A,H,-,C,D,0,,,,,Y,Y,A,07,1,0,0,0,0,0,0,0,0,"- ","- ",33.654369354248047,-117.74366760253906,ORANGE,IRVINE,-117.74366760253906,33.654369354248047
9143789,2020,2020-10-13,3007,2020-08-04,1400,280,55,2,5,5,3007,0,0,0,,0,003,BROOKHURST,TALBERT,0.00,,Y,A,-,N,,,,,,,,,,Y,2,0,3,4,A,-,03,22350,,N,C,C,A,A,H,-,A,A,0,,,,,Y,,A,01,2,0,1,0,0,0,0,0,0,"- ","- ",,,ORANGE,"FOUNTAIN VALLEY",-117.95442962646484,33.701698303222656
91438190,2020,2021-03-29,9675,2020-11-19,2344,022283,,4,3,5,3022,0,1,1,,2,503,"INTERSTATE 5 SOUTHBOUND","TUSTIN RANCH ROAD",461.00,N,N,A,-,Y,,,5,,,,,,S,Y,1,1,0,3,C,-,18,,,N,G,B,E,A,H,-,C,D,0,Y,,,,Y,Y,-,"- ",0,0,0,1,0,0,0,0,0,"- ","- ",33.7264404296875,-117.80535888671875,ORANGE,TUSTIN,-117.80537414550781,33.726421356201172
91439367,2020,2021-03-30,9675,2020-07-14,0020,021716,,2,3,9,3000,0,3,5,,2,002,"PROSPECT AVENUE","FIESTA WAY",130.00,N,N,A,-,N,,,,,,,,,,Y,1,1,0,2,C,-,18,,,N,G,B,E,A,H,-,C,D,0,Y,,,,Y,Y,-,"- ",0,0,0,1,0,0,0,0,0,"- ","- ",33.757419586181641,-117.82244873046875,ORANGE,UNINCORPORATED,-117.82244873046875,33.757415771484375
91440610,2021,2021-04-01,9670,2021-03-29,0750,016209,,1,1,5,3003,0,1,1,,2,500,"I-5 N/B (SANTA ANA FREEWAY)","BEACH BLVD.",200.00,S,N,A,-,Y,,,5,,,,,,N,Y,2,0,1,3,A,-,03,22350,,N,C,C,A,A,H,-,A,D,0,,,Y,,Y,,C,02,1,0,0,0,0,0,0,0,1,"- ","- ",33.865921020507812,-117.99732208251953,ORANGE,"BUENA PARK",-117.99724578857422,33.866062164306641
91441201,2020,2021-04-15,9670,2020-06-05,2318,018757,,5,3,7,3001,0,1,3,,2,094,"SR-91 EASTBOUND (RIVERSIDE FREEWAY)","STATE COLLEGE BLVD",1830.00,W,N,A,-,Y,,,91,,,,,,E,Y,2,0,1,1,A,-,08,22107,,N,E,I,A,A,H,-,D,D,0,,,Y,,Y,,C,02,1,0,0,0,0,0,0,0,1,"- ","- ",33.853771209716797,-117.90328216552734,ORANGE,ANAHEIM,-117.90328216552734,33.853763580322266
91451302,2020,2021-04-15,9690,2020-10-27,0130,016430,,2,3,4,3049,0,1,3,,2,073,"STATE ROUTE 73 NORTHBOUND","LA PAZ ROAD (UNDERCROSSING)",58.00,N,N,A,-,Y,,,73,,,,,,N,Y,1,1,0,1,A,-,01,23152,A,N,E,I,A,A,H,-,C,D,0,,,,,Y,Y,A,01,0,0,0,0,0,0,0,0,0,"- ","- ",33.574089050292969,-117.70603179931641,ORANGE,"ALISO VIEJO",-117.70618438720703,33.573799133300781
91452587,2021,2021-04-19,9690,2021-04-17,2222,020469,,6,3,5,3028,0,1,1,,2,056,"I-5 N/B (SAN DIEGO FRWY)","OSO PKWY",2000.00,S,N,A,-,Y,,,5,,,,,,N,Y,2,0,2,2,A,-,01,23152,A,N,C,C,A,A,D,-,C,D,0,,,,,Y,Y,A,01,1,1,0,0,0,0,0,0,0,"- ","- ",33.571640014648438,-117.67166137695312,ORANGE,"MISSION VIEJO",-117.67176055908203,33.571643829345703
91457746,2021,2021-05-06,9675,2021-04-17,1058,020131,,6,1,9,3000,0,3,5,,2,002,"CHAPMAN AVENUE","ORANGE PARK BOULEVARD",320.00,E,N,A,-,N,,,,,,,,,,Y,2,0,1,2,A,-,09,21804,A,N,D,C,A,A,H,-,A,D,0,,,Y,,Y,,D,22,1,0,0,0,0,0,0,0,1,"- ","- ",33.795669555664062,-117.78102874755859,ORANGE,UNINCORPORATED,-117.78118133544922,33.795619964599609
91460534,2021,2021-04-28,9670,2021-04-21,2215,021071,,3,3,7,3001,0,1,1,,2,500,"INTERSTATE 5 NORTHBOUND","MAGNOLIA STREET",1584.00,S,N,A,-,Y,,,,,,,,,,Y,2,0,3,5,A,-,03,22350,,N,C,C,E,A,H,-,C,D,0,Y,,,Y,Y,,A,07,1,0,2,0,1,0,0,0,0,"- ","- ",33.951778411865234,-117.970947265625,ORANGE,ANAHEIM,-117.97230529785156,33.852531433105469
91464514,2021,2021-05-03,9670,2021-04-26,1658,013977,,1,2,6,3009,0,1,3,,2,024,"SR-22 E/B (GARDEN GROVE FWY)","GARDEN GROVE BLVD",760.00,E,N,A,-,Y,,,22,,,,,,E,Y,2,0,1,4,A,-,03,22350,,F,C,C,A,A,D,-,A,D,0,,,Y,,Y,,A,07,1,0,0,0,0,0,0,0,1,"- ","- ",33.775760650634766,-117.90203857421875,ORANGE,"GARDEN GROVE",-117.90208435058594,33.775840759277344
91465127,2021,2021-05-04,9670,2021-04-28,1833,021679,,3,2,3,3013,0,1,1,,2,450,"I-405 S/B (SAN DIEGO FREEWAY)","I-605 OC",325.00,N,N,A,-,Y,,,405,,,,,,S,Y,2,0,1,1,A,-,03,22350,,N,E,I,A,A,G,-,A,D,0,,,Y,,Y,,C,02,1,0,0,0,0,0,0,0,1,"- ","- ",33.785148620605469,-118.09246826171875,ORANGE,"LOS ALAMITOS",-118.09246063232422,33.785160064697266
91480327,2021,2021-05-24,9675,2021-05-16,0330,021982,,7,3,7,3001,0,1,3,,2,095,"SR-91 W/B","COAL CYN RD",1000.00,E,N,A,-,Y,,,,,,,,,,Y,2,0,1,1,A,-,08,22107,,N,E,I,A,A,H,-,D,D,0,,,,,Y,,A,01,1,0,0,0,0,0,0,0,0,"- ","- ",33.869781494140625,-117.86139678955078,ORANGE,ANAHEIM,,
91488295,2021,2021-06-03,9670,2021-06-02,0200,021210,,3,3,6,3010,0,1,1,,2,041,"I-405 S/B FROM CENTER AVE","EDINGER AVE",55.00,S,N,A,-,Y,,,405,,,,R,,S,Y,2,0,2,1,A,-,01,23152,A,F,E,J,A,A,C,D,C,D,0,,,,,Y,Y,A,01,1,0,1,0,0,0,0,0,0,"- ","- ",33.730018615722656,-117.98587036132812,ORANGE,"HUNTINGTON BEACH",-117.98587036132812,33.730018615722656
91488512,2021,2021-06-03,9675,2021-05-25,1552,017998,,2,2,6,3026,0,1,1,,2,047,"I-405 N/B","SAND CANYON AVE",50.00,N,N,A,-,Y,,,405,,,,,,N,Y,2,0,1,2,A,-,08,22107,,N,C,C,A,A,H,-,A,D,0,,,Y,,Y,,A,01,1,0,0,0,0,0,0,0,1,"- ","- ",33.658290863037109,-117.77873229980469,ORANGE,IRVINE,-117.77871704101562,33.658306121826172
91495251,2021,2021-06-11,9675,2021-06-04,1741,020699,,5,2,6,3026,0,1,1,,2,504,"I-5 NORTHBOUND TO BAKE PKWY.","BAKE PKWY.",400.00,S,N,A,-,Y,,,5,,,,R,,N,Y,2,0,1,1,A,-,03,22350,,N,E,I,A,A,H,-,A,D,0,,,Y,,Y,,C,02,1,0,0,0,0,0,0,0,1,"- ","- ",33.633609771728516,-117.72795104980469,ORANGE,IRVINE,-117.72795104980469,33.633609771728516
91498637,2021,2021-06-16,9690,2021-06-07,0150,021991,,1,3,5,3017,0,1,1,,2,059,"I-5 SOUTHBOUND (SAN DIEGO FREEWAY)","CAMINO DE ESTRELLA",1226.00,S,N,A,-,Y,,,5,,,,,,S,Y,2,0,1,1,A,-,01,23152,A,N,E,8,A,A,H,-,D,D,0,,,,,Y,Y,A,01,1,0,0,0,0,0,0,0,0,"- ","- ",33.456558227539062,-117.6527099609375,ORANGE,"SAN CLEMENTE",-117.65263366699219,33.456714630126953
9150086,2019,2020-10-08,3008,2019-03-08,1732,1544,ZONE2,5,5,6,3008,0,0,0,,0,,"HARBOR BL","COSTCO WY",0.00,,Y,A,-,N,,,,,,,,,,N,2,0,1,2,A,-,12,21453,A,N,G,B,B,A,H,-,B,A,0,Y,,,,Y,,A,01,1,0,0,0,1,0,0,0,0,"- ","- ",,,ORANGE,FULLERTON,-117.92429351806641,33.861888885498047
9150143,2019,2020-11-03,3000,2019-10-24,2015,5705,972D7,4,5,5,3017,0,0,0,,0,1760,"CAMINO MIRA COSTA","CAMINO DE ESTRELLA",151.00,S,N,A,-,N,,,,,,,,,,N,2,0,1,3,D,-,00,,,N,G,B,D,A,H,-,C,D,0,Y,,,,Y,,-,"- ",1,0,0,0,1,0,0,0,0,"- ","- ",33.156360626220703,-117.4658203125,ORANGE,"SAN CLEMENTE",-117.65781402587891,33.456153869628906