CASE_ID,ACCIDENT_YEAR,PROC_DATE,JURIS,COLLISION_DATE,COLLISION_TIME,OFFICER_ID,REPORTING_DISTRICT,DAY_OF_WEEK,CHP_SHIFT,POPULATION,CNTY_CITY_LOC,SPECIAL_COND,BEAT_TYPE,CHP_BEAT_TYPE,CITY_DIVISION_LAPD,CHP_BEAT_CLASS,BEAT_NUMBER,PRIMARY_RD,SECONDARY_RD,DISTANCE,DIRECTION,INTERSECTION,WEATHER_1,WEATHER_2,STATE_HWY_IND,CALTRANS_COUNTY,CALTRANS_DISTRICT,STATE_ROUTE,ROUTE_SUFFIX,POSTMILE_PREFIX,POSTMILE,LOCATION_TYPE,RAMP_INTERSECTION,SIDE_OF_HWY,TOW_AWAY,COLLISION_SEVERITY,NUMBER_KILLED,NUMBER_INJURED,PARTY_COUNT,PRIMARY_COLL_FACTOR,PCF_CODE_OF_VIOL,PCF_VIOL_CATEGORY,PCF_VIOLATION,PCF_VIOL_SUBSECTION,HIT_AND_RUN,TYPE_OF_COLLISION,MVIW,PED_ACTION,ROAD_SURFACE,ROAD_COND_1,ROAD_COND_2,LIGHTING,CONTROL_DEVICE,CHP_ROAD_TYPE,PEDESTRIAN_ACCIDENT,BICYCLE_ACCIDENT,MOTORCYCLE_ACCIDENT,TRUCK_ACCIDENT,NOT_PRIVATE_PROPERTY,ALCOHOL_INVOLVED,STWD_VEHTYPE_AT_FAULT,CHP_VEHTYPE_AT_FAULT,COUNT_SEVERE_INJ,COUNT_VISIBLE_INJ,COUNT_COMPLAINT_PAIN,COUNT_PED_KILLED,COUNT_PED_INJURED,COUNT_BICYCLIST_KILLED,COUNT_BICYCLIST_INJURED,COUNT_MC_KILLED,COUNT_MC_INJURED,PRIMARY_RAMP,SECONDARY_RAMP,LATITUDE,LONGITUDE,COUNTY,CITY,POINT_X,POINT_Y
91501802,2021,2021-06-21,9690,2021-06-11,2015,014765,,5,2,9,3000,0,3,5,,2,004,"SKLAR ST","SAVANNAH LANE",121.00,S,N,A,-,N,,,,,,,,,,N,2,0,2,2,A,-,08,22107,,N,C,E,A,A,H,-,C,D,0,,Y,,,Y,,L,04,1,1,0,0,0,0,2,0,0,"- ","- ",33.331501007080078,-117.38043212890625,ORANGE,UNINCORPORATED,-117.63351440429688,33.554248809814453
91505136,2020,2021-06-24,9675,2020-12-18,0246,021983,,5,3,6,3015,0,1,3,,2,551,"STATE ROUTE 55 SOUTHBOUND","LA VETA AVENUE",200.00,S,N,A,-,Y,,,55,,,,,,S,Y,1,1,0,1,A,-,08,22107,,N,F,A,A,A,H,-,C,D,0,,,,,Y,,A,01,0,0,0,0,0,0,0,0,0,"- ","- ",33.779869079589844,-117.83135986328125,ORANGE,ORANGE,-117.83123016357422,33.779872894287109
91509201,2021,2021-06-29,9675,2021-06-23,1320,021272,,3,1,7,3001,0,1,3,,2,572,"SR-57 N/B TO KATELLA AVE OFF RAMP","KATELLA AVE",500.00,S,N,A,-,Y,,,57,,,,R,,N,Y,2,0,1,1,A,-,03,22350,,N,E,I,A,A,H,-,A,D,0,,,Y,,Y,,C,02,1,0,0,0,0,0,0,0,1,"- ","- ",33.804710388183594,-117.87896728515625,ORANGE,ANAHEIM,-117.87896728515625,33.804710388183594
91509753,2021,2021-06-30,9675,2021-06-19,1735,021690,,6,2,9,3000,0,3,5,,2,002,"BARRETT ST","FAIRHAVEN EXT",0.00,,Y,A,-,N,,,,,,,,,,Y,2,0,1,2,A,-,12,22450,A,N,D,C,A,A,H,-,A,A,0,,,Y,,Y,,C,02,1,0,0,0,0,0,0,0,1,"- ","- ",33.779361724853516,-117.79415893554688,ORANGE,UNINCORPORATED,-117.79415893554688,33.779331207275391
9150980,2020,2020-09-21,3000,2020-07-02,1335,1920,"797 H",4,5,4,3021,0,0,0,,0,721,"MERCANTILE AV","KATELLA AV",134.00,S,N,A,-,N,,,,,,,,,,N,2,0,1,2,D,-,00,,,N,G,B,F,A,H,-,A,D,0,Y,,,,Y,,-,"- ",1,0,0,0,1,0,0,0,0,"- ","- ",,,ORANGE,STANTON,-118.0001220703125,33.802532196044922
9151064,2020,2020-09-18,3000,2020-07-28,2007,5207,891C,2,5,3,3051,0,0,0,,0,480,"CALLE SONORA","VIA VISTA",123.00,E,N,A,-,N,,,,,,,,,,Y,2,0,1,3,A,-,08,22107,,N,B,E,A,A,H,-,D,D,0,,,,,Y,,A,01,1,0,0,0,0,0,0,0,0,"- ","- ",,,ORANGE,"LAGUNA WOODS",-117.73431396484375,33.612041473388672
91518233,2021,2021-07-12,9670,2021-07-02,1938,017951,,5,2,6,3009,0,1,3,,2,024,"SR-22 EASTBOUND (GARDEN GROVE FREEWAY)","HARBOR BOULEVARD",1563.00,E,N,A,-,Y,,,22,,,,,,E,Y,2,0,1,1,C,-,18,,,N,E,J,A,A,H,-,B,D,0,,,Y,,Y,,-,"- ",1,0,0,0,0,0,0,0,1,"- ","- ",33.769420623779297,-117.91535949707031,ORANGE,"GARDEN GROVE",-117.91538238525391,33.769493103027344
91522406,2021,2021-11-01,9675,2021-07-06,2052,021690,,2,2,7,3019,0,1,1,,2,502,"I-5 S/B",BROADWAY,500.00,N,N,A,-,Y,,,,,,,,,,Y,2,0,1,2,A,-,08,22107,,N,B,C,A,A,H,-,C,D,0,,,,Y,Y,,-,"- ",1,0,0,0,0,0,0,0,0,"- ","- ",,,ORANGE,"SANTA ANA",-117.87038421630859,33.771492004394531
91524099,2021,2021-07-20,9670,2021-05-31,1942,020860,,1,2,5,3007,0,1,1,,2,040,"I-405 N/B (SAN DIEGO FREEWAY) TO WARNER AVENUE/ MA","BUSHARD STREET",1678.00,N,N,B,-,Y,,,405,,,,R,,N,Y,1,1,1,1,A,-,08,22107,,N,E,I,A,A,D,E,B,D,0,,,,,Y,,A,01,1,0,0,0,0,0,0,0,0,"- ","- ",33.716239929199219,-117.96704864501953,ORANGE,"FOUNTAIN VALLEY",-117.96704864501953,33.716239929199219
91524581,2021,2021-07-20,9670,2021-07-10,0338,021715,,6,3,5,3003,0,1,3,,2,092,"SR-91 W/B","KNOTT AVE",450.00,E,N,A,-,Y,,,91,,,,,,W,Y,2,0,2,3,C,-,18,,,N,C,C,E,A,H,-,D,D,0,Y,,,,Y,,-,"- ",1,1,0,0,1,0,0,0,0,"- ","- ",33.856128692626953,-118.00446319580078,ORANGE,"BUENA PARK",-118.00446319580078,33.856128692626953
9152766,2020,2020-11-20,3002,2020-09-08,2250,1695,,2,5,4,3002,0,0,0,,0,011,"CENTRAL AV","STEELE DR",775.00,E,N,A,-,N,,,,,,,,,,Y,2,0,1,1,A,-,01,23152,F,N,E,I,A,A,H,-,C,A,0,,,,,Y,,A,07,1,0,0,0,0,0,0,0,0,"- ","- ",33.931850433349609,-117.91156768798828,ORANGE,BREA,-117.90901947021484,33.931880950927734
9152968,2020,2020-10-22,3000,2020-08-19,0730,2849,892A2,3,5,5,3050,0,0,0,,0,764,"QUEENSBURY DR","LAKE FOREST DR",9.00,S,N,B,-,N,,,,,,,,,,N,2,0,1,2,B,-,22,,,N,D,G,A,A,H,-,A,D,0,,Y,,,Y,,L,04,1,0,0,0,0,0,1,0,0,"- ","- ",,,ORANGE,"LAKE FOREST",-117.67990875244141,33.648086547851562
91530480,2021,2021-07-28,9675,2021-07-21,0005,021388,,3,3,6,3004,0,1,3,,2,553,"SR-55 NORTHBOUND","SANTA ISABEL AVE",265.00,S,N,A,-,Y,,,55,,,,,,N,Y,2,0,1,1,A,-,08,22107,,N,E,I,A,A,H,-,D,D,0,,,Y,,Y,,C,02,1,0,0,0,0,0,0,0,1,"- ","- ",33.656940460205078,-117.90370941162109,ORANGE,"COSTA MESA",-117.90374755859375,33.656978607177734
91535973,2021,2021-08-03,9670,2021-06-18,0445,022001,,5,3,5,3024,0,1,1,,2,042,"INTERSTATE 405 NORTHBOUND (SAN DIEGO FREEWAY)","BOLSA CHICA ROAD",2218.00,S,N,A,-,Y,,,405,,,,,,N,Y,1,1,1,1,A,-,08,22107,,N,E,J,A,A,D,E,C,D,0,,,,,Y,,A,01,1,0,0,0,0,0,0,0,0,"- ","- ",33.769088745117188,-118.03370666503906,ORANGE,WESTMINSTER,-118.03377532958984,33.769012451171875
91537584,2021,2021-08-05,9670,2021-07-27,1739,020325,,2,2,5,3003,0,1,1,,2,500,"I-5 N/B","WESTERN AVE.",400.00,S,N,A,-,Y,,,5,,,,,,N,N,2,0,1,2,A,-,07,21658,A,N,F,A,A,A,H,-,A,D,0,,,Y,,Y,,A,08,1,0,0,0,0,0,0,0,1,"- ","- ",33.868251800537109,-118.00151824951172,ORANGE,"BUENA PARK",-118.00147247314453,33.868339538574219
91539058,2021,2021-08-06,9690,2021-07-29,2145,021991,,4,2,9,3000,0,2,4,,2,034,"ANTONIO PKWY","COW CAMP ROAD",50.00,S,N,A,-,N,,,,,,,,,,Y,2,0,1,1,A,-,01,23152,A,N,E,I,A,A,H,-,C,A,0,,,,,Y,Y,A,07,1,0,0,0,0,0,0,0,0,"- ","- ",33.526149749755859,-117.61859893798828,ORANGE,UNINCORPORATED,-117.61867700000001,33.526189000000002
91541022,2021,2021-08-10,9675,2021-07-29,2115,022222,,4,2,7,3019,0,1,1,,2,502,"I-5 NORTHBOUND","MAIN STREET",1500.00,S,N,A,-,Y,,,5,,,,,,N,Y,2,0,1,2,A,-,03,22350,,N,C,C,A,A,H,-,C,D,0,,,Y,,Y,,C,02,1,0,0,0,0,0,0,0,1,"- ","- ",33.764118194580078,-117.86508178710938,ORANGE,"SANTA ANA",-117.86510467529297,33.764106750488281
91541838,2021,2021-08-10,9675,2021-06-16,2210,022283,,3,3,6,3004,0,1,3,,2,553,"STATE ROUTE 55 SOUTHBOUND","INTERSTATE 405 NORTHBOUND",113.00,S,N,A,-,Y,,,55,,,,,,S,Y,1,1,0,2,A,-,03,22350,,N,C,C,A,A,H,-,C,D,0,,,Y,,Y,,C,02,0,0,0,0,0,0,0,1,0,"- ","- ",33.686931610107422,-117.87270355224609,ORANGE,"COSTA MESA",-117.8726806640625,33.686908721923828
91543252,2021,2021-08-12,9670,2021-08-07,2145,021910,,6,2,5,3007,0,1,1,,2,040,"I-405 N/B (SAN DIEGO FREEWAY)","EUCILID STREET",2112.00,N,N,A,-,Y,,,405,,,,,,N,N,2,0,1,2,A,-,11,21954,A,F,G,B,E,A,D,-,C,D,0,Y,,,,Y,,N,60,1,0,0,0,1,0,0,0,0,"- ","- ",33.69873046875,-117.94190979003906,ORANGE,"FOUNTAIN VALLEY",-117.94194030761719,33.698661804199219
9154619,2020,2020-10-23,3026,2020-08-14,2210,629,,5,5,6,3026,0,0,0,,0,00C,"IRVINE CENTER DR",ALTON,0.00,,Y,A,-,N,,,,,,,,,,Y,2,0,4,2,A,-,09,21453,C,N,D,C,A,A,H,-,C,A,0,,,,,Y,,A,01,1,0,3,0,0,0,0,0,0,"- ","- ",,,ORANGE,IRVINE,-117.74903106689453,33.655391693115234
91547235,2021,2021-08-17,9675,2021-02-12,0452,021984,,5,3,7,3001,0,1,3,,2,093,"SR-91 W/B FROM LAKEVIEW AVE. S/B","MCKINNON DRIVE",200.00,W,N,C,-,Y,,,91,,,,R,,W,Y,1,1,0,2,A,-,11,21954,A,N,G,B,D,B,H,-,C,D,0,Y,,,,Y,Y,N,60,0,0,0,1,0,0,0,0,0,"- ","- ",33.852069854736328,-117.81561279296875,ORANGE,ANAHEIM,-117.81561279296875,33.852069854736328
91551136,2021,2022-07-12,9675,2021-08-11,1817,021377,,3,2,6,3004,0,1,3,,2,553,"SR-55 SOUTHBOUND",I-405,1000.00,N,N,B,-,Y,,,55,,,,,,S,N,2,0,1,2,A,-,07,21658,A,N,C,C,A,A,H,-,A,D,0,,,Y,,Y,,A,01,1,0,0,0,0,0,0,0,1,"- ","- ",33.689529418945312,-117.87023162841797,ORANGE,"COSTA MESA",-117.87020111083984,33.689502716064453
91551844,2021,2021-08-23,9670,2021-08-16,2323,022055,,1,3,7,3001,0,1,1,,2,500,"I-5 N/B","MAGNOLIA AVE.",300.00,S,N,A,-,Y,,,,,,,,,,Y,2,0,5,2,A,-,01,23152,A,N,C,C,A,A,D,-,C,D,0,,,,,Y,Y,A,01,1,1,3,0,0,0,0,0,0,"- ","- ",38.819801330566406,-121.02760314941406,ORANGE,ANAHEIM,-117.97556304931641,33.854759216308594
91554060,2021,2021-08-25,9670,2021-08-16,0034,022065,,1,3,7,3001,0,1,3,,2,094,"SR-91 E/B","RAYMOND AVE",300.00,E,N,A,-,Y,,,91,,,,,,E,Y,2,0,2,2,A,-,03,22350,,N,C,C,A,A,H,-,D,D,0,,,,Y,Y,Y,F,26,2,0,0,0,0,0,0,0,0,"- ","- ",33.853710174560547,-117.90557861328125,ORANGE,ANAHEIM,-117.90557861328125,33.853736877441406
9155834,2020,2020-10-29,3001,2020-08-20,1701,A1047,,4,5,7,3001,0,0,0,,0,0D3,"BALL RD","WALNUT ST",120.00,W,N,A,-,N,,,,,,,,,,Y,2,0,4,3,A,-,08,22107,,N,E,I,F,A,H,-,A,A,0,Y,,,,Y,,A,08,1,0,3,0,1,0,0,0,0,"- ","- ",33.817020416259766,-117.9285888671875,ORANGE,ANAHEIM,-117.92889404296875,33.817970275878906
91563895,2021,2021-09-07,9670,2021-08-27,1143,019420,,5,1,3,3013,0,1,1,,2,061,"I-605 S/B FROM KATELLA AVENUE","KATELLA AVE",25.00,N,N,A,-,Y,,,605,,,,R,,S,Y,2,0,1,1,A,-,03,22350,,N,E,A,A,A,H,-,A,D,0,,,Y,,Y,,C,02,1,0,0,0,0,0,0,0,1,"- ","- ",33.803531646728516,-118.08200836181641,ORANGE,"LOS ALAMITOS",-118.08200836181641,33.803531646728516
91564352,2021,2021-09-07,9670,2021-07-04,0222,022055,,7,3,6,3009,0,1,3,,2,021,"STATE ROUTE 22 WESTBOUND (GARDEN GROVE FREEWAY)","KNOTT STREET",400.00,E,N,A,-,Y,,,22,,,,,,W,Y,1,1,1,2,A,-,11,21954,A,N,G,B,E,A,H,-,C,D,0,Y,,,,Y,,N,60,0,1,0,1,0,0,0,0,0,"- ","- ",33.773830413818359,-118.00579833984375,ORANGE,"GARDEN GROVE",-118.00581359863281,33.773811340332031
91566429,2021,2021-09-09,9675,2021-09-01,1110,019979,,3,1,7,3001,0,1,3,,2,572,"SR-57 SOUTHBOUND","LINCOLN AVE.",2000.00,S,N,A,-,Y,,,57,,,,,,S,N,2,0,1,3,A,-,03,22350,,F,C,C,A,A,H,-,A,D,0,,,Y,,Y,,C,02,1,0,0,0,0,0,0,0,1,"- ","- ",33.826011657714844,-117.87619781494141,ORANGE,ANAHEIM,-117.87630462646484,33.826011657714844
91567176,2021,2021-09-10,9675,2021-09-02,1521,019938,,4,2,6,3026,0,1,1,,2,503,"I-5 SOUTHBOUND","YALE AVENUE",100.00,S,N,A,-,Y,,,5,,,,,,S,Y,2,0,1,2,A,-,03,22350,,F,C,C,A,A,H,-,A,D,0,,,Y,,Y,,C,02,1,0,0,0,0,0,0,0,1,"- ","- ",33.698928833007812,-117.77430725097656,ORANGE,IRVINE,-117.77444458007812,33.698844909667969
91569631,2021,2021-09-14,9690,2021-09-04,1440,020038,,6,2,9,3000,0,3,5,,2,007,"AVENIDA LA PATA (N/B)",SR-74,528.00,S,N,A,-,N,,,,,,,,,,Y,2,0,3,2,A,-,09,21802,A,N,D,C,A,A,H,-,A,A,0,,,,,Y,,A,01,1,2,0,0,0,0,0,0,0,"- ","- ",33.517799377441406,-117.61985015869141,ORANGE,UNINCORPORATED,-117.61992645263672,33.518108367919922
91571171,2021,2021-09-15,9670,2021-09-08,1500,013977,,3,2,6,3009,0,1,3,,2,022,"SR-22 E/B (GARDEN GROVE FWY) TO BROOKHURST STREET","BROOKHURST ST.",234.00,W,N,A,-,Y,,,22,,,,R,,E,Y,2,0,1,3,A,-,03,22350,,N,E,C,A,A,H,-,A,A,0,,,,,Y,,D,22,1,0,0,0,0,0,0,0,0,"- ","- ",33.7646484375,-117.95562744140625,ORANGE,"GARDEN GROVE",-117.95562744140625,33.7646484375
91578004,2021,2021-10-27,9675,2021-09-14,1750,021690,,2,2,6,3015,0,1,3,,2,572,"SR-22 WESTBOUND FROM SR-57 SOUTHBOUND","THE CITY DRIVE",700.00,E,N,A,-,Y,,,22,,,,R,,W,N,2,0,1,2,A,-,03,22350,,N,C,C,A,A,H,-,A,D,0,,,Y,,Y,,C,02,1,0,0,0,0,0,0,0,1,"- ","- ",33.779399871826172,-117.88569641113281,ORANGE,ORANGE,-117.88569641113281,33.779399871826172
91582462,2021,2021-09-29,9670,2021-09-25,0005,019942,,6,3,7,3001,0,1,3,,2,094,"SR-91 EASTBOUND FROM EUCLID ST.","EUCLID AVE",150.00,E,N,A,-,Y,,,91,,,,R,,E,Y,2,0,2,1,A,-,01,23152,A,N,E,I,A,A,H,-,A,D,0,,,,,Y,Y,A,01,1,1,0,0,0,0,0,0,0,"- ","- ",33.853691101074219,-117.94110107421875,ORANGE,ANAHEIM,-117.94110107421875,33.853691101074219
91583422,2021,2021-09-30,9675,2021-09-20,1825,022099,,1,2,7,3019,0,1,1,,2,502,"INTERSTATE 5 N/B (SANTA ANA FWY)","4TH ST.",300.00,S,N,A,-,Y,,,5,,,,,,N,Y,2,0,1,2,A,-,08,22107,,N,B,C,A,A,H,-,A,D,0,,,Y,,Y,,A,07,1,0,0,0,0,0,0,0,1,"- ","- ",33.747699737548828,-117.84300994873047,ORANGE,"SANTA ANA",-117.84294128417969,33.747722625732422
91588821,2021,2021-10-05,9675,2021-06-13,0525,019652,,7,3,6,3026,0,1,1,,2,503,"INTERSTATE 5 NORTHBOUND","YALE AVENUE",1250.00,N,N,A,-,Y,,,5,,,,,,N,Y,1,1,2,1,A,-,01,23152,F,N,E,8,A,A,H,-,B,D,0,,,,,Y,,A,01,1,1,0,0,0,0,0,0,0,"- ","- ",33.704071044921875,-117.77725219726562,ORANGE,IRVINE,-117.77737426757812,33.703987121582031
91597718,2021,2021-10-15,9675,2021-10-06,1322,021272,,3,1,7,3019,0,1,1,,2,502,"I-5 NORTHBOUND TO 4TH STREET","4TH STREET",30.00,S,N,A,-,Y,,,5,,,,R,,N,Y,2,0,1,1,A,-,03,22350,,N,E,8,A,A,H,-,A,A,0,,,,,Y,,A,01,1,0,0,0,0,0,0,0,0,"- ","- ",33.748359680175781,-117.84262847900391,ORANGE,"SANTA ANA",-117.84262847900391,33.748359680175781
9160085,2020,2021-01-14,3010,2020-10-03,1712,2222,149,6,5,6,3010,0,0,0,,0,009,"MCFADDEN AV","GOLDENDWEST ST",0.00,,Y,A,-,,,,,,,,,,,Y,2,0,4,4,A,-,12,21453,A,N,D,C,A,A,H,-,A,A,0,,,,,Y,,A,07,1,3,0,0,0,0,0,0,0,"- ","- ",33.737331390380859,-118.00657653808594,ORANGE,"HUNTINGTON BEACH",,
91603844,2021,2021-10-22,9675,2021-10-14,0645,017773,,4,1,6,3026,0,1,1,,2,045,"I-405 N/B","MACARTHUR BLVD",528.00,N,N,A,-,Y,,,405,,,,,,N,Y,2,0,1,1,A,-,03,22350,,N,F,A,A,A,H,-,A,D,0,,,Y,,Y,,C,02,1,0,0,0,0,0,0,0,1,"- ","- ",33.684638977050781,-117.86123657226562,ORANGE,IRVINE,-117.86119842529297,33.684730529785156
91606539,2021,2021-10-26,9675,2021-10-21,0155,021691,,4,3,9,3000,0,3,5,,2,002,"YORBA ST","SANTA CLARA AVE",200.00,S,N,A,-,N,,,,,,,,,,Y,2,0,1,1,A,-,01,23152,A,N,F,A,A,A,H,-,C,D,0,,,,,Y,Y,A,07,1,0,0,0,0,0,0,0,0,"- ","- ",33.766868591308594,-117.8270263671875,ORANGE,UNINCORPORATED,-117.82703399658203,33.766582489013672
91612142,2021,2021-11-01,9675,2021-10-22,2010,021960,,5,2,7,3001,0,1,3,,2,094,"SR-91 WESTBOUND","IMPERIAL HIGHWAY",4752.00,E,N,A,-,Y,,,91,,,,,,W,Y,2,0,1,2,A,-,01,23152,A,N,C,C,A,A,H,-,C,D,0,,,Y,,Y,Y,D,22,1,0,0,0,0,0,0,0,1,"- ","- ",33.861289978027344,-117.77564239501953,ORANGE,ANAHEIM,-117.77565765380859,33.861320495605469
9161810,2020,2020-11-25,3001,2020-09-03,0118,A1047,,4,5,7,3001,0,0,0,,0,0D3,"STATE COLLEGE BL","WAGNER AV",0.00,,Y,A,-,N,,,,,,,,,,Y,2,0,1,1,A,-,03,22350,,N,E,I,A,A,H,-,C,A,0,,,,,Y,,A,01,1,0,0,0,0,0,0,0,0,"- ","- ",33.825401306152344,-117.88899993896484,ORANGE,ANAHEIM,-117.88935089111328,33.825370788574219
91622516,2021,2021-11-11,9690,2021-11-04,0240,021924,,4,3,9,3000,0,3,5,,2,004,"CROWN VALLEY PARKWAY","ONEILL DRIVE",439.00,E,N,E,-,N,,,,,,,,,,Y,2,0,1,1,A,-,01,23152,A,N,E,I,A,B,H,-,C,D,0,,,Y,,Y,Y,C,02,1,0,0,0,0,0,0,0,1,"- ","- ",33.565620422363281,-117.64202880859375,ORANGE,UNINCORPORATED,-117.64231872558594,33.565769195556641
91622631,2021,2021-11-11,9675,2021-11-01,0705,021397,,1,1,5,3022,0,1,1,,2,503,"I-5 SOUTHBOUND","SR-55 SOUTHBOUND",25.00,N,N,A,-,Y,,,5,,,,,,S,Y,2,0,1,1,A,-,08,22107,,N,F,A,A,A,H,-,A,D,0,,,Y,,Y,,C,02,1,0,0,0,0,0,0,0,1,"- ","- ",33.7406005859375,-117.83415985107422,ORANGE,TUSTIN,-117.83414459228516,33.740646362304688
91622900,2021,2021-11-12,9675,2021-11-02,0230,018102,,2,3,6,3026,0,1,1,,2,047,"I-405 SOUTHBOUND TO I-5 SOUTHBOUND","IRVINE CENTER DRIVE",1500.00,S,N,A,-,Y,,,405,,,,R,,S,Y,2,0,4,1,A,-,08,22107,,N,E,I,A,A,H,-,C,D,0,,,,,Y,,A,08,2,2,0,0,0,0,0,0,0,"- ","- ",33.646339416503906,-117.74140167236328,ORANGE,IRVINE,-117.74140167236328,33.646339416503906
9163696,2020,2020-11-12,3015,2020-09-24,1727,1598,97,4,5,6,3015,0,0,0,,0,712M,"TAFT AV","FERN ST",465.00,E,N,A,-,N,,,,,,,,,,Y,2,0,1,2,A,-,05,21460,A,N,A,C,A,A,H,-,A,D,0,,,Y,,Y,,A,01,1,0,0,0,0,0,0,0,1,"- ","- ",33.817661285400391,-117.82688140869141,ORANGE,ORANGE,-117.82528686523438,33.817703247070312
91641937,2021,2021-12-03,9690,2021-11-21,0734,016128,,7,1,9,3000,0,2,4,,2,034,"ANTONIO PARKWAY","COW CAMP ROAD",15.00,S,N,A,-,N,,,,,,,,,,N,2,0,2,2,A,-,08,22107,,N,D,C,A,A,H,-,A,A,0,,,Y,,Y,,C,02,1,0,1,0,0,0,0,0,2,"- ","- ",33.526161193847656,-117.61873626708984,ORANGE,UNINCORPORATED,-117.61885833740234,33.52630615234375
91643413,2021,2021-12-06,9690,2021-11-26,1525,021875,,5,2,5,3017,0,1,1,,2,059,"I-5 S/B TO AVENIDA CALAFIA","AVENIDA MENDOCINO",1000.00,S,N,A,-,Y,,,5,,,,R,,S,Y,2,0,2,2,A,-,01,23152,A,N,E,8,A,A,H,-,A,A,0,,,,,Y,Y,A,01,1,0,1,0,0,0,0,0,0,"- ","- ",33.408740997314453,-117.60075378417969,ORANGE,"SAN CLEMENTE",-117.60075378417969,33.408740997314453
91652533,2021,2021-12-15,9670,2021-12-05,2314,021071,,7,3,6,3009,0,1,3,,2,025,"SR-22 W/B TO EUCLID ST.","EUCLID ST",1500.00,E,N,A,-,Y,,,22,,,,R,,W,Y,2,0,1,2,A,-,01,23152,A,N,C,C,A,A,H,-,C,D,0,,,Y,,Y,Y,C,02,1,0,0,0,0,0,0,0,1,"- ","- ",33.766399383544922,-117.93244934082031,ORANGE,"GARDEN GROVE",-117.93244934082031,33.766399383544922
91653696,2021,2021-12-16,9670,2021-12-07,1755,020860,,2,2,9,3000,0,3,5,,2,005,"NEWLAND STREET (14900 BLOCK)","BOLSA AVENUE",1320.00,S,N,A,-,N,,,,,,,,,,Y,2,0,1,1,A,-,03,22350,,N,E,J,A,A,H,-,C,D,0,,,,,Y,,M,91,1,0,0,0,0,0,0,0,0,"- ","- ",33.745838165283203,-117.98101043701172,ORANGE,UNINCORPORATED,-117.98075103759766,33.741111755371094
9165455,2020,2020-12-15,3011,2020-09-30,1527,31407,71,3,5,4,3011,0,0,0,,0,001,"RT 133","CANYON ACRES",125.00,N,N,A,-,Y,ORA,12,133,-,-,0.980,H,-,S,Y,2,0,8,6,A,-,03,22350,,N,B,C,A,A,H,-,A,D,0,,,,,Y,,A,01,2,2,4,0,0,0,0,0,0,"- ","- ",,,ORANGE,"LAGUNA BEACH",-117.77569580078125,33.553989410400391
91663446,2021,2021-12-28,9690,2021-12-17,1740,020086,,5,2,9,3000,0,2,4,,2,030,"SANTIAGO CANYON ROAD","RIDGELINE ROAD",0.00,,Y,A,-,N,,,,,,,,,,Y,2,0,3,2,A,-,09,21804,A,N,D,C,A,A,H,-,C,D,0,,,,,Y,,A,01,1,2,0,0,0,0,0,0,0,"- ","- ",33.690589904785156,-117.62635040283203,ORANGE,UNINCORPORATED,-117.62632751464844,33.690608978271484
9166784,2020,2020-11-25,3009,2020-09-17,0021,0126,003,4,5,6,3009,0,0,0,,0,011,"LAMPSON AV","MANLEY ST",38.00,W,N,A,-,N,,,,,,,,,,Y,2,0,2,2,A,-,01,23152,A,N,C,C,A,A,H,-,C,A,0,,,,,Y,Y,A,01,1,0,1,0,0,0,0,0,0,"- ","- ",,,ORANGE,"GARDEN GROVE",-118.04087066650391,33.781143188476562
91679969,2022,2022-01-18,9675,2022-01-10,1253,018027,,1,1,7,3001,0,1,3,,2,095,"SR-91 WESTBOUND","EAST OF WEIR CANYON ROAD",800.00,E,N,A,-,Y,ORA,,91,,R,15.238,H,,L,Y,2,0,1,1,A,-,08,22107,,N,E,I,A,A,H,-,A,D,0,,,,,Y,,A,01,1,0,0,0,0,0,0,0,0,"- ","- ",33.869770050048828,-117.73140716552734,ORANGE,ANAHEIM,-117.73146057128906,33.869670867919922
91686568,2021,2022-01-27,9675,2021-08-23,0458,019897,,1,3,4,3002,0,1,3,,2,570,"STATE ROUTE 57 SOUTHBOUND","BIRCH STREET",31.00,N,N,B,-,Y,,,57,,,,,,S,N,1,1,0,2,A,-,11,21954,A,N,G,B,D,A,H,-,C,D,0,Y,,,,Y,,N,60,0,0,0,1,0,0,0,0,0,"- ","- ",33.91815185546875,-117.88099670410156,ORANGE,BREA,-117.88102722167969,33.918159484863281
91690668,2022,2022-02-01,9690,2022-01-22,1042,016722,,6,1,5,3040,0,1,3,,2,073,"SR-73 SOUTHBOUND","CROWN VALLEY PKWY",50.00,N,N,A,-,Y,ORA,,73,,,11.430,H,,L,N,2,0,2,1,A,-,08,22107,,N,E,I,A,A,H,-,A,D,0,,,,,Y,Y,A,01,1,1,0,0,0,0,0,0,0,"- ","- ",33.556690216064453,-117.68057250976562,ORANGE,"LAGUNA NIGUEL",-117.6805419921875,33.556732177734375