CASE_ID,ACCIDENT_YEAR,PROC_DATE,JURIS,COLLISION_DATE,COLLISION_TIME,OFFICER_ID,REPORTING_DISTRICT,DAY_OF_WEEK,CHP_SHIFT,POPULATION,CNTY_CITY_LOC,SPECIAL_COND,BEAT_TYPE,CHP_BEAT_TYPE,CITY_DIVISION_LAPD,CHP_BEAT_CLASS,BEAT_NUMBER,PRIMARY_RD,SECONDARY_RD,DISTANCE,DIRECTION,INTERSECTION,WEATHER_1,WEATHER_2,STATE_HWY_IND,CALTRANS_COUNTY,CALTRANS_DISTRICT,STATE_ROUTE,ROUTE_SUFFIX,POSTMILE_PREFIX,POSTMILE,LOCATION_TYPE,RAMP_INTERSECTION,SIDE_OF_HWY,TOW_AWAY,COLLISION_SEVERITY,NUMBER_KILLED,NUMBER_INJURED,PARTY_COUNT,PRIMARY_COLL_FACTOR,PCF_CODE_OF_VIOL,PCF_VIOL_CATEGORY,PCF_VIOLATION,PCF_VIOL_SUBSECTION,HIT_AND_RUN,TYPE_OF_COLLISION,MVIW,PED_ACTION,ROAD_SURFACE,ROAD_COND_1,ROAD_COND_2,LIGHTING,CONTROL_DEVICE,CHP_ROAD_TYPE,PEDESTRIAN_ACCIDENT,BICYCLE_ACCIDENT,MOTORCYCLE_ACCIDENT,TRUCK_ACCIDENT,NOT_PRIVATE_PROPERTY,ALCOHOL_INVOLVED,STWD_VEHTYPE_AT_FAULT,CHP_VEHTYPE_AT_FAULT,COUNT_SEVERE_INJ,COUNT_VISIBLE_INJ,COUNT_COMPLAINT_PAIN,COUNT_PED_KILLED,COUNT_PED_INJURED,COUNT_BICYCLIST_KILLED,COUNT_BICYCLIST_INJURED,COUNT_MC_KILLED,COUNT_MC_INJURED,PRIMARY_RAMP,SECONDARY_RAMP,LATITUDE,LONGITUDE,COUNTY,CITY,POINT_X,POINT_Y
6966643,2015,2017-10-02,9690,2015-04-05,0424,20125,,7,3,4,3045,0,1,1,,2,055,"RT 5","EL TORO RD",498.00,S,N,A,-,Y,ORA,12,5,-,-,18.600,H,-,S,Y,2,0,4,4,A,-,03,22350,,N,G,B,E,A,G,-,E,D,1,Y,,,,Y,,A,01,2,1,1,0,2,0,0,0,0,"- ","- ",33.305610000000001,-117.42268,ORANGE,"LAGUNA HILLS",-117.70658253000001,33.613603830000002
6967002,2015,2015-07-06,3000,2015-06-14,0605,1920,862B4,7,5,5,3050,0,0,0,,0,750,"MARKET PL","PORTOLA PKWY",137.00,W,N,B,-,N,,,,,,,,,,Y,2,0,2,2,A,-,01,23152,A,N,-,I,A,A,H,-,B,D,0,,,,,Y,Y,A,07,1,0,1,0,0,0,0,0,0,"- ","- ",,,ORANGE,"LAKE FOREST",-117.66530546,33.680317270000003
6967167,2015,2016-11-09,9690,2015-06-03,1602,14765,,3,2,4,3011,0,1,3,,1,013,"RT 133","LAGUNA CANYON CREEK",325.00,N,N,A,-,Y,ORA,12,133,-,M,5.210,H,-,S,Y,2,0,1,2,A,-,03,22350,,N,B,C,A,A,H,-,A,D,0,,,Y,,Y,,C,02,1,0,0,0,0,0,0,0,1,"- ","- ",33.35463,-117.45399,ORANGE,"LAGUNA BEACH",-117.76111091999999,33.607970600000002
6969036,2015,2015-07-07,3019,2015-06-04,0220,1863,WESTE,4,5,7,3019,0,0,0,,0,001,"17TH ST","LA BONITA",210.00,W,N,B,-,N,,,,,,,,,,Y,2,0,2,2,A,-,00,23153,E,N,C,C,A,A,H,-,C,D,0,,,,,Y,,A,01,1,0,1,0,0,0,0,0,0,"- ","- ",,,ORANGE,"SANTA ANA",,
6969041,2015,2015-07-07,3000,2015-05-28,1130,5013,862B4,4,5,5,3050,0,0,0,,0,760,"ALTON PKWY","TOWNE CENTRE DR",206.00,W,N,A,-,N,,,,,,,,,,Y,2,0,1,2,A,-,09,21804,A,N,D,C,A,A,H,-,A,A,0,,,,,Y,,D,22,1,0,0,0,0,0,0,0,0,"- ","- ",,,ORANGE,"LAKE FOREST",-117.67840278,33.67768118
6971749,2015,2015-07-07,9690,2015-04-06,0235,020463,,1,3,9,3000,0,2,4,,2,035,"OSO PKY",SOLANO,0.00,,Y,A,-,N,,,,,,,,,,Y,2,0,1,1,A,-,01,23152,A,N,E,I,A,A,H,-,C,D,0,,,,,Y,Y,A,01,1,0,0,0,0,0,0,0,0,"- ","- ",33.58954,-117.60426,ORANGE,UNINCORPORATED,-117.59927003999999,33.589490040000001
6971952,2015,2015-07-01,3000,2015-05-09,1619,5163,971J3,6,5,5,3040,0,0,0,,0,18743,"CAMINO DEL AVION","OLD RANCH RD",0.00,,Y,A,-,N,,,,,,,,,,Y,2,0,1,2,A,-,09,21800,B,N,H,G,A,A,H,-,A,D,0,,Y,,,Y,,A,01,1,0,0,0,0,0,1,0,0,"- ","- ",,,ORANGE,"LAGUNA NIGUEL",-117.68995004999999,33.488590080000002
6971965,2015,2016-11-29,9690,2015-05-29,1405,018526,,5,2,9,3000,0,1,3,,1,074,"RT 74","REATTA RD",0.00,,Y,A,-,Y,ORA,12,74,-,R,2.130,H,-,W,Y,2,0,1,1,A,-,08,22107,,N,F,A,A,A,H,-,A,D,0,,,Y,,Y,,C,02,1,0,0,0,0,0,0,0,1,"- ","- ",33.311010000000003,-117.37246,ORANGE,UNINCORPORATED,-117.62751145999999,33.518595070000003
6972346,2015,2015-07-08,9690,2015-04-18,1100,019361,,6,1,9,3000,0,3,5,,2,003,"TRABUCO CREEK RD","TRABUCO CANYON RD",3.20,E,N,A,-,N,,,,,,,,,,Y,2,0,1,1,A,-,08,22107,,N,E,I,A,A,H,-,A,D,0,,,,,Y,,A,07,1,0,0,0,0,0,0,0,0,"- ","- ",33.674059999999997,-117.53662,ORANGE,UNINCORPORATED,-117.58566192000001,33.659145590000001
6974514,2015,2015-07-11,3015,2015-06-08,2019,1265,265,1,5,6,3015,0,0,0,,0,332,"N OAK ST","E PALM AV",590.00,N,N,A,-,N,,,,,,,,,,Y,2,0,1,2,A,-,00,23154,A,N,D,G,A,A,H,-,B,D,0,,Y,,,Y,Y,A,07,1,0,0,0,0,0,1,0,0,"- ","- ",,,ORANGE,ORANGE,-117.83459559000001,33.793047119999997
6975649,2015,2015-07-06,3001,2015-06-19,2055,1880,D1,5,5,7,3001,0,0,0,,0,,"LINCOLN AV","MAGNOLIA AV",429.00,W,N,A,-,N,,,,,,,,,,Y,2,0,2,2,A,-,11,21954,A,N,G,B,D,A,H,-,C,D,0,Y,,,,Y,,N,60,1,1,0,0,1,0,0,0,0,"- ","- ",,,ORANGE,ANAHEIM,-117.97739931,33.832262120000003
6975653,2015,2015-07-06,3001,2015-06-18,1205,0963,,4,5,7,3001,0,0,0,,0,0D1,"BROOKHURST ST","ORANGE AV",16.00,N,N,A,-,N,,,,,,,,,,N,2,0,2,2,A,-,12,21453,A,N,D,G,A,A,H,-,A,A,0,,Y,,,Y,Y,L,04,1,1,0,0,0,0,1,0,0,"- ","- ",,,ORANGE,ANAHEIM,-117.95894,33.825073869999997
6983527,2015,2015-07-20,3000,2015-06-22,2046,4003,798A2,1,5,4,3021,0,0,0,,0,022,"KATELLA AV","YANA DR",40.00,W,N,A,-,N,,,,,,,,,,Y,2,0,1,2,A,-,09,21802,A,N,D,C,A,A,H,-,C,D,0,,,,,Y,,A,08,1,0,0,0,0,0,0,0,0,"- ","- ",,,ORANGE,STANTON,-117.98313134999999,33.802997949999998
6983726,2015,2016-06-18,3012,2015-06-27,0920,618,34,6,5,5,3012,0,0,0,,0,003,"IMPERIAL HWY","SPRING MEADOW LN",0.00,,Y,A,-,N,,,,,,,,,,Y,2,0,1,2,A,-,07,21658,A,N,C,J,A,A,H,-,A,D,0,,,Y,,Y,,A,01,1,0,0,0,0,0,0,0,1,"- ","- ",,,ORANGE,"LA HABRA",-117.97518001,33.91743005
6984327,2015,2015-07-23,3009,2015-06-27,1215,4049,96,6,5,6,3009,0,0,0,,0,"1 3","TRASK AV","DONEGAL DR",116.00,W,N,B,-,N,,,,,,,,,,Y,2,0,1,2,A,-,09,21804,A,N,D,C,A,A,H,-,A,D,0,,,Y,,Y,,A,01,1,0,0,0,0,0,0,0,1,"- ","- ",,,ORANGE,"GARDEN GROVE",-117.9617308,33.766730000000003
6984616,2015,2015-07-21,3019,2015-06-26,1959,3382,SE3,5,5,7,3019,0,0,0,,0,003,"PINE ST",OAK,112.00,W,N,A,-,N,,,,,,,,,,N,2,0,1,2,A,-,11,21954,,N,G,B,D,A,H,-,A,D,0,Y,,,,Y,,N,60,1,0,0,0,1,0,0,0,0,"- ","- ",,,ORANGE,"SANTA ANA",-117.86260751,33.743416809999999
6988658,2015,2016-11-29,9670,2015-06-26,1805,19304,,5,2,4,3020,0,1,1,,2,045,"RT 405","SEAL BEACH BL",3379.00,S,N,A,-,Y,ORA,12,405,-,-,22.000,H,-,S,Y,2,0,1,2,A,-,03,22350,,N,C,C,A,A,H,-,A,D,1,,,Y,,Y,,C,02,1,0,0,0,0,0,0,0,1,"- ","- ",33.7742,-118.06388,ORANGE,"SEAL BEACH",-118.06401954,33.774230340000003
6989363,2015,2015-07-28,3001,2015-07-11,0207,415,,6,5,7,3001,0,0,0,,0,0D3,"EAST KATELLA AV","SOUTH LEWIS ST",341.00,W,N,A,-,N,,,,,,,,,,Y,2,0,4,2,A,-,01,23152,A,N,A,C,A,A,H,-,C,A,0,,,,,Y,Y,A,07,1,0,3,0,0,0,0,0,0,"- ","- ",,,ORANGE,ANAHEIM,-117.89902268,33.803263280000003
6989658,2015,2016-06-20,3024,2015-06-22,1853,156,P09,1,5,5,3024,0,0,0,,0,WEST,"SPRINGDALE ST","NAVAJO RD",411.00,S,N,A,-,N,,,,,,,,,,Y,2,0,1,1,A,-,03,22350,,N,-,I,A,A,H,-,A,D,0,,,Y,,Y,,C,02,1,0,0,0,0,0,0,0,1,"- ","- ",,,ORANGE,WESTMINSTER,-118.02481994,33.76229386
6992838,2015,2015-08-11,3000,2015-07-14,2240,7607,921F3,2,5,4,3049,0,0,0,,0,483,"ALISO VIEJO PKWY","MOULTON PKWY",29.00,W,N,A,-,N,,,,,,,,,,Y,2,0,2,2,A,-,01,23152,,N,D,C,A,A,H,-,C,A,0,,,,,Y,,A,01,1,0,1,0,0,0,0,0,0,"- ","- ",,,ORANGE,"ALISO VIEJO",-117.71317429,33.591380469999997
6993034,2015,2015-07-29,3000,2015-06-25,1125,5013,862A6,4,5,5,3050,0,0,0,,0,760,"BAKE PKWY","DIMENSION DR",0.00,,Y,A,-,N,,,,,,,,,,Y,2,0,2,2,D,-,00,,,N,D,C,A,A,H,-,A,A,0,,,,,Y,,-,"- ",2,0,0,0,0,0,0,0,0,"- ","- ",,,ORANGE,"LAKE FOREST",-117.67597009000001,33.667690010000001
6993814,2015,2015-08-10,3019,2015-07-06,0052,3360,WE,1,5,7,3019,0,0,0,,0,001,"HARBOR BL","WASHINGTON AV",30.00,N,N,A,-,N,,,,,,,,,,N,2,0,1,2,A,-,11,21954,A,N,G,B,D,A,H,-,C,D,0,Y,,,,Y,,N,60,1,0,0,0,1,0,0,0,0,"- ","- ",,,ORANGE,"SANTA ANA",-117.92030171,33.756242229999998
6994308,2015,2015-07-30,3000,2015-06-19,2313,1916,921G4,5,5,4,3045,0,0,0,,0,746,"ALICIA PKY","MOULTON PKY",4.00,E,N,A,-,N,,,,,,,,,,Y,2,0,1,2,A,-,11,21456,A,N,G,B,B,A,H,-,C,A,0,Y,,,,Y,Y,N,60,1,0,0,0,1,0,0,0,0,"- ","- ",,,ORANGE,"LAGUNA HILLS",-117.70688328,33.583599409999998
6995504,2015,2015-08-29,3014,2015-07-02,2302,1079,RD17,4,5,5,3014,0,0,0,,0,0A2,"PROSPECT ST","LUGONIA ST",2.00,E,N,A,-,N,,,,,,,,,,N,2,0,1,1,A,-,17,21712,A,N,H,A,A,A,H,-,D,D,0,,,,,Y,,A,07,1,0,0,0,0,0,0,0,0,"- ","- ",33.630499999999998,-117.94880000000001,ORANGE,"NEWPORT BEACH",-117.94886733,33.63046499
6999924,2015,2015-07-23,3007,2015-06-13,2133,272,18,6,5,5,3007,0,0,0,,0,272,"EDINGER AV","NEWHOPE ST",0.00,,Y,A,-,N,,,,,,,,,,Y,2,0,1,1,A,-,03,22350,,N,A,I,A,A,H,-,C,A,0,,,,,Y,,A,01,1,0,0,0,0,0,0,0,0,"- ","- ",,,ORANGE,"FOUNTAIN VALLEY",-117.92859009999999,33.730880110000001
7000061,2015,2015-07-24,3009,2015-06-16,0104,3218,055,2,5,6,3009,0,0,0,,0,,"GARDEN GROVE BL","VALLEY VIEW",0.00,,Y,A,-,N,,,,,,,,,,Y,2,0,1,1,A,-,03,22348,B,F,F,I,A,A,H,-,C,A,0,,,,,Y,,A,01,1,0,0,0,0,0,0,0,0,"- ","- ",,,ORANGE,"GARDEN GROVE",-118.03849008,33.773940109999998
7000065,2015,2015-07-24,3009,2015-06-27,2233,4021,114,6,5,6,3009,0,0,0,,0,021,"NELSON ST","ACACIA PKWY",28.00,N,N,A,-,N,,,,,,,,,,N,2,0,1,2,A,-,10,21950,A,N,A,B,B,A,H,-,C,A,0,Y,,,,Y,,A,01,1,0,0,0,1,0,0,0,0,"- ","- ",,,ORANGE,"GARDEN GROVE",-117.94542137000001,33.776036759999997
7004542,2015,2015-08-10,3014,2015-07-18,2052,1079,RD33,6,5,5,3014,0,0,0,,0,0A3,"BRISTOL ST S","JAMBOREE RD",294.00,W,N,B,-,N,,,,,,,,,,N,2,0,1,2,A,-,11,21955,,N,G,B,D,A,H,-,D,D,0,Y,,,,Y,,N,60,1,0,0,0,1,0,0,0,0,"- ","- ",33.6556,-117.8664,ORANGE,"NEWPORT BEACH",-117.86613618,33.655479919999998
7005324,2015,2015-07-27,3000,2015-07-04,0925,05271,993A6,6,5,5,3017,0,0,0,,0,776,"SOUTH OLA VISTA","AVE JUNIPERO",103.00,N,N,A,-,N,,,,,,,,,,N,2,0,1,2,A,-,17,22517,,N,H,J,A,A,H,-,A,D,0,,Y,,,Y,,A,07,1,0,0,0,0,0,1,0,0,"- ","- ",,,ORANGE,"SAN CLEMENTE",-117.6053435,33.4116991
7006024,2015,2015-07-23,3014,2015-06-23,1020,1379,RD36,2,5,5,3014,0,0,0,,0,0A3,"JAMBOREE RD","BRISTOL ST S",0.00,,Y,A,-,N,,,,,,,,,,Y,1,1,0,3,A,-,12,21453,A,N,D,C,A,A,H,-,A,A,0,,,,,Y,,A,07,0,0,0,0,0,0,0,0,0,"- ","- ",33.654899999999998,-117.8653,ORANGE,"NEWPORT BEACH",-117.86541006,33.654950079999999
7006059,2015,2015-08-05,3000,2015-04-23,1327,8211,797J1,4,5,4,3021,0,0,0,,0,021,"BEACH BL","STARR ST",0.00,,Y,A,-,Y,ORA,12,39,-,-,11.485,I,5,N,N,1,1,0,2,A,-,21,22106,,N,H,G,A,A,H,-,A,D,0,,Y,,,Y,,D,22,0,0,0,0,0,1,0,0,0,"- ","- ",,,ORANGE,STANTON,-117.99314519000001,33.814646000000003
7006108,2015,2015-08-26,3009,2015-07-14,0858,3739,115,2,5,6,3009,0,0,0,,0,2-1,"EUCLID ST","CENTURY BL",0.00,,Y,A,-,N,,,,,,,,,,N,1,1,0,2,A,-,08,22107,,N,D,G,A,A,H,-,A,A,0,,Y,,,Y,Y,L,04,0,0,0,0,0,1,0,0,0,"- ","- ",,,ORANGE,"GARDEN GROVE",-117.93789006999999,33.769530019999998
7006144,2015,2015-09-24,3024,2015-04-27,0946,312,P29,1,5,5,3024,0,0,0,,0,EAST,"BOLSA AV","BROOKHURST ST",0.00,E,N,A,-,N,,,,,,,,,,Y,1,1,0,2,A,-,21,22106,,N,G,B,B,A,H,-,A,A,0,Y,,,,Y,,A,07,0,0,0,1,0,0,0,0,0,"- ","- ",,,ORANGE,WESTMINSTER,-117.95497012,33.744860080000002
7006206,2015,2017-03-30,3014,2015-08-29,2345,1453,RD34,6,5,5,3014,0,0,0,,0,0A3,"MACARTHUR BL","CORINTHIAN WY",543.00,S,N,A,-,N,,,,,,,,,,Y,1,1,0,2,A,-,11,21954,A,N,G,B,D,A,H,-,C,D,0,Y,,,,Y,Y,N,60,0,0,0,1,0,0,0,0,0,"- ","- ",33.395600000000002,-117.515,ORANGE,"NEWPORT BEACH",-117.86398674,33.665226629999999
7006233,2015,2015-11-10,3000,2015-08-19,1451,5660,972D5,3,5,4,3018,0,0,0,,0,6M31,"CAMINO LAS RAMBLAS","AVENIDA PESCADOR",480.00,E,N,A,-,N,,,,,,,,,,Y,1,1,0,1,D,-,00,,,N,-,I,A,A,H,-,A,D,0,,,,,Y,,-,"- ",0,0,0,0,0,0,0,0,0,"- ","- ",,,ORANGE,"SAN JUAN CAPISTRANO",-117.65571045,33.470070509999999
7006286,2015,2016-01-14,3022,2015-09-27,2038,1077,NORTH,7,5,5,3022,0,0,0,,0,,"1ST ST","YORBA ST",48.00,E,N,A,-,N,,,,,,,,,,Y,1,1,0,2,A,-,11,21954,A,N,G,B,D,A,H,-,C,A,0,Y,,,,Y,,N,60,0,0,0,1,0,0,0,0,0,"- ","- ",33.745730000000002,-117.83026,ORANGE,TUSTIN,-117.82992251,33.745751939999998
7006306,2015,2016-02-01,3019,2015-10-18,0649,3025,NE,7,5,7,3019,0,0,0,,0,001,"1ST ST","STANDARD AV",0.00,,Y,A,-,N,,,,,,,,,,Y,1,1,1,2,D,-,00,,,N,D,C,A,A,H,-,B,A,0,,,,,Y,,-,"- ",0,0,1,0,0,0,0,0,0,"- ","- ",33.74559,-117.85726,ORANGE,"SANTA ANA",-117.85698012,33.745520110000001
7006376,2015,2016-01-26,3015,2015-07-03,0400,1017,35E,5,5,6,3015,0,0,0,,0,751,"BATAVIA ST","KATELLA AV",0.00,,Y,A,-,N,,,,,,,,,,Y,1,1,0,1,A,-,03,22350,,N,E,I,A,A,H,-,C,A,0,,,Y,,Y,,C,02,0,0,0,0,0,0,0,1,0,"- ","- ",,,ORANGE,ORANGE,-117.86215000999999,33.809020070000003
7006412,2015,2016-01-26,3014,2015-10-11,2015,1441,RD28,7,5,5,3014,0,0,0,,0,0A2,"WESTCLIFF DR","RUTLAND DR",0.00,,Y,A,-,N,,,,,,,,,,N,1,1,0,2,A,-,10,21950,,N,G,B,B,A,H,-,C,A,0,Y,,,,Y,,A,07,0,0,0,1,0,0,0,0,0,"- ","- ",33.621200000000002,-117.87009999999999,ORANGE,"NEWPORT BEACH",-117.90678008,33.627040110000003
7006428,2015,2016-01-28,3001,2015-11-17,1607,1740,,2,5,7,3001,0,0,0,,0,0D1,"RT 39","WEST BALL RD",8.00,S,N,A,-,Y,ORA,12,39,-,-,11.681,I,5,S,Y,1,1,0,2,A,-,12,21453,A,N,D,C,A,A,H,-,B,A,0,,Y,,,Y,,L,04,0,0,0,0,0,1,0,0,0,"- ","- ",,,ORANGE,ANAHEIM,-117.99340487000001,33.817500250000002
7006430,2015,2016-01-26,3004,2015-11-14,2117,P603,02,6,5,6,3004,0,0,0,,0,001,"NEWPORT BL","E 18TH ST",13.00,N,N,A,-,N,,,55,,,,,,,Y,1,1,0,2,A,-,11,21954,A,N,G,B,D,A,H,-,C,A,0,Y,,,,Y,Y,N,60,0,0,0,1,0,0,0,0,0,"- ","- ",33.64049,-117.91925000000001,ORANGE,"COSTA MESA",-117.91932392,33.640562750000001
7006461,2015,2016-01-14,3001,2015-11-24,0534,A1670,,2,5,7,3001,0,0,0,,0,0D3,"WEST KATELLA AV","S HOTEL WY",336.00,W,N,A,-,N,,,,,,,,,,Y,1,1,0,2,A,-,11,21954,A,N,G,B,D,A,D,-,C,A,0,Y,,,,Y,,N,60,0,0,0,1,0,0,0,0,0,"- ","- ",,,ORANGE,ANAHEIM,-117.91866343,33.803249999999998
7006514,2015,2017-04-03,3024,2015-09-18,1106,155,P34,5,5,5,3024,0,0,0,,0,EAST,"BOLSA AV","DILLOW ST",0.00,,Y,A,-,N,,,,,,,,,,N,1,1,0,4,A,-,09,21802,A,N,D,C,F,A,H,-,A,D,0,Y,,,,Y,,A,01,0,0,0,1,0,0,0,0,0,"- ","- ",,,ORANGE,WESTMINSTER,-117.9662601,33.744780110000001
7006529,2015,2015-12-30,3001,2015-10-30,1822,415,,5,5,7,3001,0,0,0,,0,0D2,"LINCOLN AV","OLIVE ST",0.00,,Y,A,-,N,,,,,,,,,,Y,1,1,1,2,A,-,09,21801,A,N,D,C,A,A,H,-,B,A,0,,,Y,,Y,,A,07,0,1,0,0,0,0,0,1,0,"- ","- ",,,ORANGE,ANAHEIM,-117.91051005999999,33.837490099999997
7006666,2015,2015-10-21,3019,2015-07-14,2035,2647,SC,2,5,7,3019,0,0,0,,0,004,"FAIRVIEW ST","HARVARD ST",15.00,S,N,A,-,N,,,,,,,,,,N,1,1,0,2,A,-,11,21456,B,N,G,B,B,A,H,-,C,A,0,Y,,,,Y,Y,N,60,0,0,0,1,0,0,0,0,0,"- ","- ",,,ORANGE,"SANTA ANA",-117.90853713,33.720201449999998
7006698,2015,2016-04-12,3024,2015-06-06,1408,373,P36,6,5,5,3024,0,0,0,,0,EAST,"BOLSA AV","WARD ST",10.00,W,N,A,-,N,,,,,,,,,,Y,1,1,0,2,A,-,10,21950,A,N,G,B,B,A,H,-,A,A,0,Y,,,,Y,,-,,0,0,0,1,0,0,0,0,0,"- ","- ",,,ORANGE,WESTMINSTER,-117.94618181,33.745003250000003
7006711,2015,2017-03-29,3019,2015-12-08,0436,2859,SC,2,5,7,3019,0,0,0,,0,004,"MCFADDEN AV","CENTER ST",170.00,W,N,A,-,N,,,,,,,,,,N,1,1,1,3,A,-,08,22107,,N,G,B,F,A,H,-,C,A,0,Y,,,,Y,,A,07,1,0,0,1,1,0,0,0,0,"- ","- ",33.734349999999999,-117.89801,ORANGE,"SANTA ANA",-117.89869781,33.734493649999997
7006729,2015,2015-12-30,3019,2015-11-09,1106,3151,SC,1,5,7,3019,0,0,0,,0,004,"HARBOR BL","MACARTHUR BL",141.00,N,N,B,C,N,,,,,,,,,,N,1,1,0,2,A,-,11,21954,A,N,G,B,D,B,H,-,A,A,0,Y,,,,Y,,N,60,0,0,0,1,0,0,0,0,0,"- ","- ",33.702179999999998,-117.92006000000001,ORANGE,"SANTA ANA",-117.91947,33.70196
7006779,2015,2016-02-09,3000,2015-06-25,1949,5705,952B2,4,5,4,3018,0,0,0,,0,1760,"CAMINO CAPISTRANO","AVERY PKY",3280.00,S,N,A,-,N,,,,,,,,,,Y,1,3,2,2,A,-,00,23153,F,N,A,C,A,A,H,-,C,D,0,,,,,Y,Y,A,01,2,0,0,0,0,0,0,0,0,"- ","- ",33.520400000000002,-117.6658,ORANGE,"SAN JUAN CAPISTRANO",-117.67385,33.543080000000003
7006850,2015,2017-01-19,9675,2015-07-14,2255,0206273,,2,3,5,3050,0,1,1,,2,504,"RT 5","LAKE FOREST DR",1500.00,N,N,A,-,Y,ORA,12,5,-,-,20.170,H,-,N,Y,2,0,5,5,A,-,03,22350,,N,C,C,A,A,H,-,C,D,1,,,,,Y,,A,01,2,2,1,0,0,0,0,0,0,"- ","- ",33.375450000000001,-117.43279,ORANGE,"LAKE FOREST",-117.72340785,33.631355149999997
7007998,2015,2015-08-20,3010,2015-07-23,1652,1059,435,4,5,6,3010,0,0,0,,0,003,"WATERBURY LN","PORTSMOUTH DR",0.00,,Y,A,-,N,,,,,,,,,,Y,2,0,1,2,A,-,01,23152,A,N,D,C,A,A,H,-,A,A,0,,,Y,,Y,Y,D,22,1,0,0,0,0,0,0,0,1,"- ","- ",,,ORANGE,"HUNTINGTON BEACH",-117.96633011999999,33.678340059999996
7009446,2015,2015-08-19,3026,2015-07-06,1046,7094,,1,5,6,3026,0,0,0,,0,00P,"BAKE PKWY","ROCKFIELD BL",0.00,,Y,B,-,N,,,,,,,,,,Y,2,0,2,2,A,-,09,21453,C,N,A,C,A,A,H,-,A,A,0,,,,,Y,,A,01,1,0,1,0,0,0,0,0,0,"- ","- ",,,ORANGE,IRVINE,-117.72118008,33.638530029999998
7009448,2015,2015-09-29,3015,2015-07-19,1737,1513,76,7,5,6,3015,0,0,0,,0,322,"EAST CHAPMAN AV",YORBA,268.00,W,N,C,-,N,,,,,,,,,,Y,2,0,1,1,A,-,01,23152,A,N,E,I,A,B,H,-,A,D,0,,,,,Y,Y,A,07,1,0,0,0,0,0,0,0,0,"- ","- ",,,ORANGE,ORANGE,-117.82795987,33.78783
7011227,2015,2015-09-18,3008,2015-07-23,2302,1435,,4,5,6,3008,0,0,0,,0,001,"MALVERN AV","EUCLID ST",0.00,,Y,B,-,N,,,,,,,,,,Y,2,0,5,2,A,-,08,22107,,N,D,C,A,A,H,-,C,A,0,,,,,Y,,A,08,2,0,3,0,0,0,0,0,0,"- ","- ",,,ORANGE,FULLERTON,-117.94197010000001,33.874980059999999
7013978,2015,2015-08-14,3019,2015-06-24,2043,3383,SE,3,5,7,3019,0,0,0,,0,003,"MCFADDEN AV","CEDAR ST",159.00,E,N,A,-,N,,,,,,,,,,N,2,0,4,2,A,-,05,21650,,N,A,C,A,A,H,-,C,D,0,,,,,Y,,A,08,1,1,2,0,0,0,0,0,0,"- ","- ",,,ORANGE,"SANTA ANA",-117.85819831000001,33.733592979999997
7015978,2015,2015-09-23,3009,2015-07-23,2311,5066,146,4,5,6,3009,0,0,0,,0,023,"WESTMINSTER ST",CLINTON,399.00,W,N,A,-,N,,,,,,,,,,Y,2,0,1,1,A,-,05,21651,A,N,F,J,A,A,H,-,C,D,0,,,,,Y,,-,"- ",1,0,0,0,0,0,0,0,0,"- ","- ",,,ORANGE,"GARDEN GROVE",-117.91284949999999,33.75988332
7016990,2015,2016-01-14,3016,2015-07-23,1847,1237,26,4,5,5,3016,0,0,0,,0,002,"ORANGETHORPE AV","MELROSE ST",856.00,E,N,-,-,N,,,,,,,,,,Y,1,1,2,2,A,-,09,21804,A,N,D,C,A,A,H,-,A,D,0,,,,,Y,,A,01,0,1,1,0,0,0,0,0,0,"- ","- ",,,ORANGE,PLACENTIA,-117.87264,33.862479999999998
7017026,2015,2015-08-20,3016,2015-07-13,2015,1239,7,1,5,5,3016,0,0,0,,0,001,"KRAEMER BL","YORBA LINDA BL",0.00,,Y,A,-,N,,,,,,,,,,N,2,0,1,2,A,-,05,21650,,N,D,G,A,A,H,-,C,A,0,,Y,,,Y,,L,04,1,0,0,0,0,0,1,0,0,"- ","- ",,,ORANGE,PLACENTIA,-117.86354006000001,33.887850120000003
7017653,2015,2017-02-02,3010,2015-07-30,2145,2156,461,4,5,6,3010,0,0,0,,0,004,"PACIFIC COAST HWY","1ST ST",594.00,S,N,A,-,Y,ORA,12,1,-,-,24.440,H,-,N,Y,2,0,7,3,A,-,03,22350,A,N,A,C,A,A,H,-,C,A,0,,,,,Y,,A,01,2,1,4,0,0,0,0,0,0,"- ","- ",,,ORANGE,"HUNTINGTON BEACH",-117.99808845,33.654565609999999
7020041,2015,2017-01-19,3011,2015-09-08,1123,31396,73,2,5,4,3011,0,0,0,,0,001,"RT 133","RT 73",353.00,S,N,A,-,Y,ORA,12,133,-,-,4.030,H,-,N,N,2,0,1,2,A,-,08,22107,,N,B,G,A,A,H,-,A,D,0,,Y,,,Y,,A,07,1,0,0,0,0,0,1,0,0,"- ","- ",,,ORANGE,"LAGUNA BEACH",-117.75943488,33.591518450000002
7021783,2015,2016-07-26,3010,2015-08-01,0201,2156,451,6,5,6,3010,0,0,0,,0,004,"7TH ST","PECAN ST",42.00,N,N,A,-,N,,,,,,,,,,N,2,0,1,2,A,-,03,22350,A,F,G,B,E,A,H,-,C,A,0,Y,,,,Y,Y,-,99,1,0,0,0,1,0,0,0,0,"- ","- ",,,ORANGE,"HUNTINGTON BEACH",-118.00075868,33.66245619
7022182,2015,2015-08-22,3009,2015-07-01,2131,2963,91,3,5,6,3009,0,0,0,,0,012,"GILBERT ST","MAUREEN DR",113.00,N,N,A,-,N,,,,,,,,,,N,2,0,1,2,A,-,00,21945,A,N,G,B,D,A,H,-,C,D,0,Y,,,,Y,,N,60,1,0,0,0,1,0,0,0,0,"- ","- ",,,ORANGE,"GARDEN GROVE",-117.96754584999999,33.80232977