CASE_ID,ACCIDENT_YEAR,PROC_DATE,JURIS,COLLISION_DATE,COLLISION_TIME,OFFICER_ID,REPORTING_DISTRICT,DAY_OF_WEEK,CHP_SHIFT,POPULATION,CNTY_CITY_LOC,SPECIAL_COND,BEAT_TYPE,CHP_BEAT_TYPE,CITY_DIVISION_LAPD,CHP_BEAT_CLASS,BEAT_NUMBER,PRIMARY_RD,SECONDARY_RD,DISTANCE,DIRECTION,INTERSECTION,WEATHER_1,WEATHER_2,STATE_HWY_IND,CALTRANS_COUNTY,CALTRANS_DISTRICT,STATE_ROUTE,ROUTE_SUFFIX,POSTMILE_PREFIX,POSTMILE,LOCATION_TYPE,RAMP_INTERSECTION,SIDE_OF_HWY,TOW_AWAY,COLLISION_SEVERITY,NUMBER_KILLED,NUMBER_INJURED,PARTY_COUNT,PRIMARY_COLL_FACTOR,PCF_CODE_OF_VIOL,PCF_VIOL_CATEGORY,PCF_VIOLATION,PCF_VIOL_SUBSECTION,HIT_AND_RUN,TYPE_OF_COLLISION,MVIW,PED_ACTION,ROAD_SURFACE,ROAD_COND_1,ROAD_COND_2,LIGHTING,CONTROL_DEVICE,CHP_ROAD_TYPE,PEDESTRIAN_ACCIDENT,BICYCLE_ACCIDENT,MOTORCYCLE_ACCIDENT,TRUCK_ACCIDENT,NOT_PRIVATE_PROPERTY,ALCOHOL_INVOLVED,STWD_VEHTYPE_AT_FAULT,CHP_VEHTYPE_AT_FAULT,COUNT_SEVERE_INJ,COUNT_VISIBLE_INJ,COUNT_COMPLAINT_PAIN,COUNT_PED_KILLED,COUNT_PED_INJURED,COUNT_BICYCLIST_KILLED,COUNT_BICYCLIST_INJURED,COUNT_MC_KILLED,COUNT_MC_INJURED,PRIMARY_RAMP,SECONDARY_RAMP,LATITUDE,LONGITUDE,COUNTY,CITY,POINT_X,POINT_Y
7199609,2016,2016-05-20,3009,2016-04-15,2207,3073,154,5,5,6,3009,0,0,0,,0,022,"HASTER ST","LAMPSON AV",0.00,,Y,A,-,N,,,,,,,,,,N,1,1,0,2,A,-,11,21954,A,N,-,B,D,A,H,-,C,D,0,Y,,,,Y,,N,60,0,0,0,1,0,0,0,0,0,"- ","- ",,,ORANGE,"GARDEN GROVE",-117.90619011,33.781680039999998
7199616,2016,2016-05-20,3001,2016-03-21,0726,A1670,,1,5,7,3001,0,0,0,,0,003,"WEST KATELLA AV","S GARDEN DR",0.00,,Y,B,-,N,,,,,,,,,,Y,1,1,0,2,A,-,09,21802,A,N,F,A,A,A,H,-,A,D,0,,,Y,,Y,,A,01,0,0,0,0,0,0,0,1,0,"- ","- ",,,ORANGE,ANAHEIM,-117.9562401,33.80312009
7199625,2016,2018-09-27,3004,2016-01-22,2026,P603,02,5,5,6,3004,0,0,0,,0,001,"NEWPORT BL","ROCHESTER ST",0.00,,Y,A,-,Y,ORA,12,55,-,-,1.671,I,5,N,N,1,1,0,2,A,-,11,21954,A,N,G,B,B,A,H,-,C,A,0,Y,,,,Y,,N,60,0,0,0,1,0,0,0,0,0,"- ","- ",33.639620000000001,-117.92046000000001,ORANGE,"COSTA MESA",-117.92040885,33.639471589999999
7199630,2016,2016-05-23,3019,2016-03-06,0924,2647,WE,7,5,7,3019,0,0,0,,0,001,"HARBOR BL","WESTMINSTER AV",19.00,S,N,A,-,N,,,,,,,,,,N,1,1,0,2,A,-,11,21456,B,N,G,B,B,A,H,-,A,A,0,Y,,,,Y,,N,60,0,0,0,1,0,0,0,0,0,"- ","- ",33.75967,-117.92010999999999,ORANGE,"SANTA ANA",-117.92034,33.759797910000003
7199640,2015,2016-05-20,3019,2015-08-03,1242,2888,SC,1,5,7,3019,0,0,0,,0,MONDAY,"BRISTOL ST","SAINT ANDREW PL",0.00,,Y,A,-,N,,,,,,,,,,Y,1,2,1,2,A,-,01,23152,A,N,D,C,A,A,H,-,A,D,0,,,,,Y,Y,A,01,0,1,0,0,0,0,0,0,0,"- ","- ",33.723260000000003,-117.88538,ORANGE,"SANTA ANA",-117.88521005,33.723120100000003
7199661,2016,2016-06-02,3009,2016-02-23,1133,3486,124,2,5,6,3009,0,0,0,,0,021,"EUCLID ST","STANFORD AV",163.00,N,N,A,-,N,,,,,,,,,,N,1,1,0,2,A,-,11,21954,A,N,G,B,E,A,H,-,A,D,0,Y,,,,Y,,N,60,0,0,0,1,0,0,0,0,0,"- ","- ",,,ORANGE,"GARDEN GROVE",-117.93881045000001,33.777697359999998
7199699,2015,2017-03-29,3000,2015-12-13,0120,2872,797J4,7,5,4,3021,0,0,0,,0,024,"BEACH BL","BEVER PL",248.00,S,N,A,-,Y,ORA,12,39,-,-,9.810,H,-,N,Y,1,1,0,2,A,-,11,21954,A,N,G,B,D,A,H,-,C,D,0,Y,,,,Y,Y,N,60,0,0,0,1,0,0,0,0,0,"- ","- ",33.791580000000003,-117.99309,ORANGE,STANTON,-117.99288285,33.790314129999999
7199717,2015,2016-06-27,3000,2015-11-05,2500,4030,797J4,4,5,4,3021,0,0,0,,0,M53,"BEACH BL","BEAVER PL",276.00,N,N,A,-,Y,ORA,12,39,-,-,9.910,H,-,N,N,1,1,0,2,D,-,00,,,F,G,B,D,A,H,-,C,D,0,Y,,,,Y,,-,"- ",0,0,0,1,0,0,0,0,0,"- ","- ",33.791960000000003,-117.99287,ORANGE,STANTON,-117.99289392,33.791773169999999
7199718,2015,2016-06-28,3008,2015-11-20,1732,1344,,5,5,6,3008,0,0,0,,0,0Z1,"ORANGETHORPE AV","PECKHAM ST",104.00,W,N,A,-,N,,,,,,,,,,Y,1,1,0,3,A,-,11,21954,A,N,G,B,D,A,H,-,C,D,0,Y,,,,Y,,N,60,0,0,0,1,0,0,0,0,0,"- ","- ",,,ORANGE,FULLERTON,-117.97107176999999,33.859139280000001
7199728,2016,2016-06-28,3019,2016-04-29,2035,3414,WE,5,5,7,3019,0,0,0,,0,001,"5TH ST","FAIRVIEW ST",10.00,E,N,A,-,N,,,,,,,,,,N,1,1,0,2,A,-,10,21950,A,N,G,B,-,A,H,-,C,A,0,Y,,,,Y,,A,01,0,0,0,1,0,0,0,0,0,"- ","- ",33.748849999999997,-117.90475000000001,ORANGE,"SANTA ANA",-117.90488718,33.74879
7199760,2016,2016-08-30,3002,2016-02-18,1831,1395,327Y,4,5,4,3002,0,0,0,,0,011,"LAMBERT RD","BREA BL",300.00,W,N,A,-,N,,,,,,,,,,Y,1,1,0,2,A,-,00,21955,A,N,G,B,D,A,H,-,C,D,0,Y,,,,Y,Y,N,60,0,0,0,1,0,0,0,0,0,"- ","- ",,,ORANGE,BREA,-117.89584000000001,33.924880000000002
7199775,2015,2017-03-29,3022,2015-12-11,0113,1081,,5,5,5,3022,0,0,0,,0,,"VALENCIA AV","LANSDOWNE RD",594.00,E,N,B,-,N,,,,,,,,,,N,1,1,0,1,A,-,01,23152,B,N,E,I,A,B,H,-,C,D,0,,,,,Y,Y,A,01,0,0,0,0,0,0,0,0,0,"- ","- ",,,ORANGE,TUSTIN,-117.82955367,33.714907089999997
7199778,2015,2016-07-28,3000,2015-11-15,1455,2830,798A1,7,5,4,3021,0,0,0,,0,021,"CERRITOS AV","FERN AV",0.00,,Y,A,-,N,,,,,,,,,,Y,1,1,2,2,A,-,09,21802,A,N,D,C,A,A,H,-,A,D,0,,,,,Y,,A,07,1,0,1,0,0,0,0,0,0,"- ","- ",33.81026,-117.98891999999999,ORANGE,STANTON,-117.9889201,33.81023003
7199838,2015,2016-10-04,9675,2015-08-25,2123,19706,,2,2,9,3000,0,3,5,,2,001,"BREA BL","BREA CITY LIMIT LINE",38.00,E,N,A,-,N,,,,,,,,,,Y,1,1,1,2,A,-,03,22350,,N,D,C,A,A,H,-,D,D,0,,,Y,,Y,Y,C,02,0,1,0,0,0,0,0,1,0,"- ","- ",33.940820000000002,-117.88256,ORANGE,UNINCORPORATED,-117.905486,33.906993999999997
7199901,2017,2019-04-08,3009,2017-01-12,1855,3073,95,4,5,6,3009,0,0,0,,0,013,"TRASK AV","DONEGAL DR",0.00,,Y,C,-,N,,,,,,,,,,N,1,1,0,2,A,-,11,21954,A,N,G,B,E,B,H,-,C,D,0,Y,,,,Y,Y,N,60,0,0,0,1,0,0,0,0,0,"- ","- ",,,ORANGE,"GARDEN GROVE",-117.96135002,33.766730000000003
7199910,2016,2018-09-26,3002,2016-04-09,1930,3331,740E4,6,5,5,3025,0,0,0,,0,017,"FAIRMONT BL","LORCA LN",0.00,,Y,B,-,N,,,,,,,,,,Y,1,1,0,2,A,-,01,23152,A,N,G,B,B,B,H,-,C,D,0,Y,,,,Y,Y,D,22,0,0,0,1,0,0,0,0,0,"- ","- ",33.389069999999997,-117.79094000000001,ORANGE,"YORBA LINDA",-117.79107003,33.890750060000002
7199930,2017,2019-04-08,3003,2017-01-10,1736,652,,2,5,5,3003,0,0,0,,0,,"WESTERN AV","10TH ST",147.00,N,N,B,-,N,,,,,,,,,,Y,1,1,0,2,A,-,11,21954,A,N,G,B,D,B,H,-,C,D,0,Y,,,,Y,,N,60,0,0,0,1,0,0,0,0,0,"- ","- ",33.515009999999997,-118.0008,ORANGE,"BUENA PARK",-118.0025387,33.86388298
7199955,2017,2019-04-08,3009,2017-01-21,1758,3073,164,6,5,6,3009,0,0,0,,0,022,"LAMPSON AV","HASTER ST",0.00,,Y,B,-,N,,,,,,,,,,N,1,1,0,2,A,-,10,21950,A,N,G,B,B,B,H,-,C,A,0,Y,,,,Y,,A,01,0,0,0,1,0,0,0,0,0,"- ","- ",,,ORANGE,"GARDEN GROVE",-117.90619011,33.781680039999998
7200006,2017,2017-07-28,3026,2017-01-14,1703,563,IRVIN,6,5,6,3026,0,0,0,,0,00C,"LAKE FOREST DR",ROMANO,15.00,W,N,A,-,N,,,,,,,,,,Y,1,1,0,2,A,-,11,21456,B,N,G,B,B,A,H,-,A,A,0,Y,,,,Y,,N,60,0,0,0,1,0,0,0,0,0,"- ","- ",,,ORANGE,IRVINE,-117.75604348,33.636999179999997
7200022,2017,2017-09-01,3022,2017-02-28,2231,1273,NORTH,2,5,5,3022,0,0,0,,0,,"RED HILL AV","EL CAMINO REAL",0.00,,Y,A,-,N,,,,,,,,,,Y,1,1,0,1,A,-,01,23152,A,N,E,I,A,A,H,-,C,A,0,,,,,Y,Y,A,01,0,0,0,0,0,0,0,0,0,"- ","- ",33.734220000000001,-117.81453,ORANGE,TUSTIN,-117.81467010999999,33.734270109999997
7200133,2017,2017-06-20,3001,2017-03-13,1947,A1880,,1,5,7,3001,0,0,0,,0,0D1,"LINCOLN AV","EMPIRE ST",0.00,,Y,A,-,N,,,,,,,,,,Y,1,1,1,2,A,-,03,22350,,N,F,I,A,A,H,-,C,D,0,,,Y,,Y,,C,02,0,0,1,0,0,0,0,1,0,"- ","- ",,,ORANGE,ANAHEIM,-117.95454001,33.832460079999997
7200138,2017,2017-06-06,3026,2017-04-07,0517,4991,,5,5,6,3026,0,0,0,,0,00P,"BAKE PKWY","ROCKFIELD BL",0.00,,Y,A,-,N,,,,,,,,,,Y,1,1,1,2,A,-,09,21453,C,N,D,C,A,A,H,-,C,A,0,,,,,Y,,A,01,0,0,1,0,0,0,0,0,0,"- ","- ",,,ORANGE,IRVINE,-117.72118008,33.638530029999998
7200162,2017,2019-04-08,3024,2017-01-02,1117,170,P25,1,5,5,3024,0,0,0,,0,WEST,"RT 39","MADISON AV",0.00,,Y,A,-,Y,ORA,12,39,-,-,6.871,I,5,N,Y,1,2,1,2,A,-,09,21801,A,N,D,C,A,A,H,-,A,D,0,,,,,Y,Y,A,01,0,0,1,0,0,0,0,0,0,"- ","- ",,,ORANGE,WESTMINSTER,-117.98945343,33.748092479999997
7200172,2017,2019-04-08,3026,2017-01-24,1706,7094,,2,5,6,3026,0,0,0,,0,00P,"JERONIMO RD","ALTON PKWY",568.00,S,N,B,-,N,,,,,,,,,,Y,1,1,0,2,A,-,03,22350,,N,F,A,A,A,H,-,A,A,0,,,Y,,Y,,C,02,0,0,0,0,0,0,0,1,0,"- ","- ",,,ORANGE,IRVINE,-117.71809471,33.649859229999997
7200175,2017,2017-06-22,3016,2017-02-01,1739,1153,18,3,5,5,3016,0,0,0,,0,002,"CHAPMAN AV","MURRAY ST",0.00,,Y,A,-,N,,,,,,,,,,Y,1,1,1,2,A,-,12,21453,A,N,D,C,A,A,H,-,A,A,0,,,Y,,Y,,C,02,0,0,1,0,0,0,0,1,0,"- ","- ",33.873069999999998,-117.87466999999999,ORANGE,PLACENTIA,-117.87472001,33.873020009999998
7200203,2017,2019-04-08,3009,2017-06-02,2058,3739,113,5,5,6,3009,0,0,0,,0,021,"CHAPMAN AV","EUCLID ST",24.00,W,N,A,-,N,,,,,,,,,,N,1,1,0,2,A,-,01,23152,A,F,G,B,F,A,H,-,A,A,0,Y,,,,Y,Y,A,01,0,0,0,1,0,0,0,0,0,"- ","- ",,,ORANGE,"GARDEN GROVE",-117.94133878,33.788668489999999
7200212,2017,2017-07-06,3000,2017-02-05,0940,4636,971F2,7,5,5,3040,0,0,0,,0,040,"CAMINO DEL AVION","BARKENTINE BL",846.00,W,N,A,-,N,,,,,,,,,,N,1,1,0,1,D,-,00,,,N,F,A,A,A,H,-,A,D,0,,Y,,,Y,,-,"- ",0,0,0,0,0,1,0,0,0,"- ","- ",33.49324,-117.71512,ORANGE,"LAGUNA NIGUEL",-117.71520966,33.493074370000002
7201584,2016,2016-03-16,3000,2016-03-06,0720,9681,892C5,7,5,5,3028,0,0,0,,0,750,"ALICIA PKWY","VIA BURGOS",151.00,E,N,B,C,N,,,,,,,,,,Y,2,0,1,1,A,-,03,22350,,N,E,I,A,B,H,-,A,D,0,,,,,Y,,A,01,1,0,0,0,0,0,0,0,0,"- ","- ",,,ORANGE,"MISSION VIEJO",-117.65852672,33.623219589999998
7201732,2016,2016-03-05,3012,2016-01-30,1756,620,EAST,6,5,5,3012,0,0,0,,0,002,"HARBOR BL","LA HABRA BL",400.00,N,N,A,-,N,,,,,,,,,,Y,2,0,1,2,A,-,09,21801,A,N,D,C,A,A,H,-,C,D,0,,,Y,,Y,Y,A,01,1,0,0,0,0,0,0,0,1,"- ","- ",,,ORANGE,"LA HABRA",-117.93304999999999,33.932976629999999
7202150,2016,2016-03-10,3000,2016-02-13,2017,8787,797H1,6,5,4,3021,0,0,0,,0,021,"CODY DR","HICKOCK RD",52.00,W,N,A,-,N,,,,,,,,,,Y,2,0,1,2,A,-,03,22350,,N,C,E,A,A,H,-,D,D,0,,,Y,,Y,,C,02,1,0,0,0,0,0,0,0,1,"- ","- ",,,ORANGE,STANTON,-117.9988089,33.812357720000001
7203858,2016,2016-03-11,3013,2016-02-03,1900,121,,3,5,3,3013,0,0,0,,0,00N,"KATELLA AV","PORTAL DR",417.00,W,N,A,-,N,,,,,,,,,,Y,2,0,1,2,A,-,09,21801,A,N,D,C,A,A,H,-,C,D,0,,,Y,,Y,,A,01,1,0,0,0,0,0,0,0,1,"- ","- ",,,ORANGE,"LOS ALAMITOS",-118.06126956,33.803138990000001
7204328,2016,2017-02-11,3003,2016-03-03,2238,1184,,4,5,5,3003,0,0,0,,0,001,"RT 39","ARTESIA BL",92.00,N,N,A,-,Y,ORA,12,39,-,-,15.590,H,-,S,Y,2,0,1,2,D,-,00,,,N,B,C,A,A,H,-,C,A,0,,,,,Y,,-,"- ",1,0,0,0,0,0,0,0,0,"- ","- ",,,ORANGE,"BUENA PARK",-117.99831890999999,33.873738600000003
7204889,2016,2016-03-22,3004,2016-02-13,0422,P633,10,6,5,6,3004,0,0,0,,0,012,"VICTORIA ST","POMONA AV",6.00,N,N,E,-,N,,,,,,,,,,Y,2,0,1,1,A,-,01,23152,A,N,E,I,A,A,H,-,C,A,0,,,,,Y,Y,A,07,1,0,0,0,0,0,0,0,0,"- ","- ",,,ORANGE,"COSTA MESA",-117.92773,33.652479999999997
7206109,2016,2017-02-16,3011,2016-03-08,0905,31407,44,2,5,4,3011,0,0,0,,0,002,"RT 1",AGATE,0.00,,Y,A,-,Y,ORA,12,1,-,-,8.211,I,5,N,Y,2,0,1,2,A,-,09,21801,A,N,D,C,A,A,H,-,A,A,0,,,Y,,Y,,A,07,1,0,0,0,0,0,0,0,1,"- ","- ",,,ORANGE,"LAGUNA BEACH",-117.77201148,33.529448270000003
7210270,2016,2016-03-23,3000,2016-02-16,1137,1010,892J2,2,5,4,3048,0,0,0,,0,766,"AVENIDA EMPRESSA",AVENTURA,0.00,,Y,A,-,N,,,,,,,,,,Y,2,0,1,2,A,-,12,21453,A,N,D,C,A,A,H,-,A,A,0,,,,,Y,,D,22,1,0,0,0,0,0,0,0,0,"- ","- ",,,ORANGE,"RANCHO SANTA MARGARITA",-117.60727009,33.636150010000001
7213395,2016,2016-03-17,3001,2016-03-06,0227,2202,,7,5,7,3001,0,0,0,,0,0D3,"KATELLA AV","BAYLESS ST",234.00,E,N,B,C,N,,,,,,,,,,Y,2,0,1,1,A,-,03,22350,,F,E,I,A,B,H,-,C,D,0,,,,,Y,,A,01,1,0,0,0,0,0,0,0,0,"- ","- ",,,ORANGE,ANAHEIM,-117.9358517,33.803273699999998
7213397,2016,2016-09-22,3001,2016-03-03,1309,A1068,,4,5,7,3001,0,0,0,,0,004,"SOUTH IMPERIAL HWY","BIG SKY",90.00,S,N,A,-,N,,,,,,,,,,Y,2,0,2,2,A,-,03,22350,,N,C,C,A,A,H,-,A,A,0,,,,,Y,,A,01,1,1,0,0,0,0,0,0,0,"- ","- ",,,ORANGE,ANAHEIM,-117.79123099,33.839069029999997
7213756,2016,2017-02-16,3010,2016-03-05,0919,2057,A84,6,5,6,3010,0,0,0,,0,002,"RT 1",MAGNOLIA,327.00,N,N,A,-,Y,ORA,12,1,-,-,22.790,H,-,N,N,2,0,1,2,A,-,08,22107,,N,B,G,A,A,H,-,A,D,0,,Y,,,Y,,-,"- ",1,0,0,0,0,0,1,0,0,"- ","- ",,,ORANGE,"HUNTINGTON BEACH",-117.97431132,33.640391450000003
8000598,2016,2016-03-28,3009,2016-02-24,1814,5066,153,3,5,6,3009,0,0,0,,0,2-2,"HASTER ST","LAMPSON AV",0.00,,Y,A,-,N,,,,,,,,,,Y,2,0,6,3,A,-,09,21453,B,N,A,C,A,A,H,-,C,A,0,,,,,Y,,A,01,1,2,3,0,0,0,0,0,0,"- ","- ",,,ORANGE,"GARDEN GROVE",-117.90619011,33.781680039999998
8002351,2016,2016-04-04,3001,2016-02-24,0742,471,,3,5,7,3001,0,0,0,,0,0D3,"WEST BALL RD","S HAMPSTEAD ST",276.00,E,N,A,-,N,,,,,,,,,,Y,2,0,2,2,C,-,18,,,N,E,I,F,A,H,-,A,D,0,Y,,,,Y,,-,"- ",1,1,0,0,1,0,0,0,0,"- ","- ",,,ORANGE,ANAHEIM,-117.93132366,33.81808659
8004749,2016,2017-02-08,3002,2016-01-01,0232,1382,631X,5,5,4,3002,0,0,0,,0,014,"IMPERIAL HWY","SATURN ST",13.00,,N,A,-,Y,ORA,12,90,-,-,6.961,I,5,E,Y,2,0,1,2,D,-,00,,,N,G,B,B,A,H,-,C,A,0,Y,,,,Y,,-,"- ",1,0,0,0,1,0,0,0,0,"- ","- ",,,ORANGE,BREA,-117.85734492,33.911053500000001
8005785,2016,2016-03-24,3001,2016-03-11,0512,A1854,D3,5,5,7,3001,0,0,0,,0,033,"EAST BALL RD","SOUTH LEWIS ST",213.00,E,N,B,-,N,,,,,,,,,,N,2,0,1,2,A,-,08,22107,,N,B,C,A,A,H,-,C,D,0,,,Y,,Y,,A,01,1,0,0,0,0,0,0,0,1,"- ","- ",,,ORANGE,ANAHEIM,-117.89726039999999,33.818100000000001
8008453,2016,2016-05-24,3007,2016-04-22,1338,1126,37,5,5,5,3007,0,0,0,,0,002,"WARNER AV","EUCLID ST",0.00,,Y,A,-,N,,,,,,,,,,Y,2,0,6,2,A,-,09,21806,A,N,D,C,A,A,H,-,A,A,0,,,,,Y,,I,09,1,5,0,0,0,0,0,0,0,"- ","- ",,,ORANGE,"FOUNTAIN VALLEY",-117.93722001,33.71646003
8011085,2016,2016-04-12,3000,2016-03-15,1400,9192,921E5,2,5,4,3049,0,0,0,,0,6M81,"CITY LIGHTS DR",GRAND,70.00,E,N,A,-,N,,,,,,,,,,Y,2,0,2,1,A,-,03,22350,,N,E,I,A,A,H,-,A,D,0,,,,,Y,,D,22,1,1,0,0,0,0,0,0,0,"- ","- ",,,ORANGE,"ALISO VIEJO",-117.72642,33.574339999999999
8011312,2016,2016-04-08,3000,2016-03-02,2201,5377,952A2,3,5,5,3040,0,0,0,,0,743,"PASEO DE COLINAS","STAR DR",150.00,E,N,A,-,N,,,,,,,,,,Y,2,0,1,1,A,-,08,22107,,N,F,A,A,A,H,-,C,A,0,,,Y,,Y,,C,02,1,0,0,0,0,0,0,0,1,"- ","- ",,,ORANGE,"LAGUNA NIGUEL",-117.67512496000001,33.547879739999999
8012030,2016,2016-04-11,3026,2016-02-26,0027,549,UNIVE,5,5,6,3026,0,0,0,,0,00U,CAMPUS,CALIFORNIA,0.00,,Y,A,-,N,,,,,,,,,,N,2,0,1,1,D,-,00,,,N,H,A,A,A,H,-,C,A,0,,,,,Y,,-,"- ",1,0,0,0,0,0,0,0,0,"- ","- ",,,ORANGE,IRVINE,-117.83013004999999,33.648940029999999
8013105,2016,2016-04-18,3026,2016-03-20,1017,518,,7,5,6,3026,0,0,0,,0,00C,"BARRANCA PKWY","LAGUNA CANYON RD",0.00,,Y,B,-,N,,,,,,,,,,Y,2,0,2,2,A,-,12,21453,A,N,D,C,A,A,H,-,A,A,0,,,,,Y,,A,07,2,0,0,0,0,0,0,0,0,"- ","- ",,,ORANGE,IRVINE,-117.76681008,33.661660040000001
8015046,2016,2016-04-08,3007,2016-02-14,1835,267,37,7,5,5,3007,0,0,0,,0,037,EUCLID,HEIL,0.00,,Y,A,-,N,,,,,,,,,,N,2,0,1,2,A,-,10,21950,A,N,-,B,B,A,H,-,A,A,0,Y,,,,Y,,A,01,1,0,0,0,1,0,0,0,0,"- ","- ",,,ORANGE,"FOUNTAIN VALLEY",-117.9372601,33.723630040000003
8018375,2016,2016-04-26,3009,2016-04-10,1950,0126,122,7,5,6,3009,0,0,0,,0,012,"CHAPMAN AV","LOARA ST",0.00,,Y,A,-,N,,,,,,,,,,N,2,0,4,2,A,-,01,23152,A,F,D,C,A,A,H,-,C,A,0,,,,,Y,Y,A,01,2,2,0,0,0,0,0,0,0,"- ","- ",,,ORANGE,"GARDEN GROVE",-117.93684008,33.788700089999999
8020754,2016,2016-04-14,3004,2016-03-20,2143,P622,20,7,5,6,3004,0,0,0,,0,011,"ADAMS AV",ADAMS,25.00,E,N,A,-,N,,,,,,,,,,Y,2,0,1,1,A,-,01,23152,E,N,E,I,A,A,H,-,C,D,0,,,,,Y,,A,01,1,0,0,0,0,0,0,0,0,"- ","- ",,,ORANGE,"COSTA MESA",-117.94601804,33.672381520000002
8020806,2016,2016-04-14,3019,2016-03-25,2144,3176,NE,5,5,7,3019,0,0,0,,0,,"SANTA CLARA",PONDEROSA,120.00,W,N,A,-,N,,,,,,,,,,Y,2,0,1,1,A,-,03,22350,,N,H,J,A,A,H,-,C,D,0,,,Y,,Y,,C,02,1,0,0,0,0,0,0,0,1,"- ","- ",,,ORANGE,"SANTA ANA",-117.83452388000001,33.767150000000001
8021125,2016,2016-04-28,3004,2016-03-28,1117,P462,24,1,5,6,3004,0,0,0,,0,015,"SOUTH COAST DR","SUSAN AV",333.00,E,N,A,-,N,,,,,,,,,,N,2,0,1,2,A,-,11,21954,A,N,G,B,D,A,H,-,A,D,0,Y,,,,Y,,N,60,1,0,0,0,1,0,0,0,0,"- ","- ",,,ORANGE,"COSTA MESA",-117.91311698,33.691381399999997
8021666,2016,2016-04-15,3001,2016-04-02,1905,415,,6,5,7,3001,0,0,0,,0,0D4,"S CANYON RIM","KITE DR",0.00,,Y,A,-,N,,,,,,,,,,N,2,0,1,1,A,-,08,22107,,N,H,A,A,A,H,-,B,D,0,,,Y,,Y,,C,02,1,0,0,0,0,0,0,0,1,"- ","- ",,,ORANGE,ANAHEIM,-117.74820003000001,33.844820040000002
8021897,2016,2017-02-13,3010,2016-04-07,1525,251,423,4,5,6,3010,0,0,0,,0,004,"RT 39",GARFIELD,186.00,N,N,B,C,Y,ORA,12,39,-,-,2.690,H,-,N,N,2,0,2,3,A,-,08,22107,,N,G,B,F,B,H,-,A,A,0,Y,,,,Y,,D,22,1,0,1,0,2,0,0,0,0,"- ","- ",,,ORANGE,"HUNTINGTON BEACH",-117.98868687,33.687453009999999
8023647,2016,2016-04-25,3001,2016-04-14,1848,415,,4,5,7,3001,0,0,0,,0,0D2,"OHIO ST",BROADWAY,130.00,N,N,A,-,N,,,,,,,,,,Y,2,0,1,2,A,-,08,22107,,N,E,I,A,A,H,-,A,D,0,,,,,Y,,A,01,1,0,0,0,0,0,0,0,0,"- ","- ",,,ORANGE,ANAHEIM,-117.92399054000001,33.831214260000003
8023843,2016,2016-04-29,3000,2016-03-17,0742,8379,,4,5,2,3023,0,0,0,,0,014,"WANDA RD","LINCOLN ST",0.00,,Y,A,-,N,,,,,,,,,,Y,2,0,1,2,A,-,03,22350,,N,-,C,A,A,H,-,A,-,0,,,Y,,Y,,C,02,1,0,0,0,0,0,0,0,1,"- ","- ",,,ORANGE,"VILLA PARK",-117.82193013,33.807770089999998
8024397,2016,2017-02-11,3001,2016-03-24,1724,415,,4,5,7,3001,0,0,0,,0,0D1,"SOUTH BEACH BL","W STONYBROOK DR",0.00,,Y,A,-,Y,ORA,12,39,-,-,11.960,H,-,S,Y,2,0,1,2,A,-,08,22100,B,N,D,G,A,A,H,-,A,D,0,,Y,,,Y,,L,04,1,0,0,0,0,0,1,0,0,"- ","- ",,,ORANGE,ANAHEIM,-117.99343061,33.821555310000001
8024593,2016,2017-02-18,3011,2016-04-27,1439,31396,42,3,5,4,3011,0,0,0,,0,002,"ANITA ST","RT 1",0.00,,Y,A,-,Y,ORA,12,1,-,-,8.711,I,5,N,N,2,0,1,2,A,-,10,21950,C,N,G,B,B,A,H,-,A,D,0,Y,,,,Y,,A,01,1,0,0,0,1,0,0,0,0,"- ","- ",,,ORANGE,"LAGUNA BEACH",-117.77769489000001,33.53505303
8030424,2016,2016-05-04,3000,2016-03-27,1629,1920,971H5,7,5,4,3029,0,0,0,,0,737,"GOLDEN LANTERN ST","STONEHILL DR",0.00,,Y,A,-,N,,,,,,,,,,Y,2,0,2,2,A,-,12,21453,A,N,D,C,A,A,H,-,A,A,0,,,,,Y,,A,01,1,0,1,0,0,0,0,0,0,"- ","- ",,,ORANGE,"DANA POINT",-117.69779010000001,33.47634008
8031640,2016,2017-02-11,3000,2016-02-21,1355,1481,797J2,7,5,4,3021,0,0,0,,0,2A22,"BEACH BL","2ND ST",0.00,,Y,A,-,Y,ORA,12,39,-,-,11.375,I,5,S,Y,2,0,2,2,A,-,09,21802,A,N,D,C,A,A,H,-,A,A,0,,,Y,,Y,,C,02,1,0,1,0,0,0,0,0,1,"- ","- ",,,ORANGE,STANTON,-117.99336737,33.813052710000001
8035812,2016,2016-05-06,3024,2016-04-25,0324,381,P23,1,5,5,3024,0,0,0,,0,WEST,"HAZARD AV","HOOVER ST",0.00,,Y,A,-,N,,,,,,,,,,Y,2,0,1,1,-,-,"- ",,,M,E,I,A,A,H,-,C,A,0,,,,,Y,,-,"- ",1,0,0,0,0,0,0,0,0,"- ","- ",,,ORANGE,WESTMINSTER,-117.99835006000001,33.75200006
8035841,2016,2016-05-03,3014,2016-03-20,1258,1395,RD42,7,5,5,3014,0,0,0,,0,0A3,"BALBOA AV","MARINE AV",0.00,,Y,A,-,N,,,,,,,,,,Y,2,0,1,2,A,-,13,22515,A,F,D,C,A,A,H,-,A,D,0,,,,,Y,,D,22,1,0,0,0,0,0,0,0,0,"- ","- ",33.606900000000003,-117.89019999999999,ORANGE,"NEWPORT BEACH",-117.88984012,33.606980049999997
8035843,2016,2017-02-16,3012,2016-04-20,2253,634,45,3,5,5,3012,0,0,0,,0,004,"IMPERIAL HWY","WALNUT ST",126.00,W,N,A,-,Y,ORA,12,90,-,-,4.310,H,-,W,Y,2,0,2,2,A,-,05,21651,A,N,D,C,A,A,H,-,C,D,0,,,,,Y,,A,01,1,1,0,0,0,0,0,0,0,"- ","- ",,,ORANGE,"LA HABRA",-117.90172298,33.917121819999998