CASE_ID,ACCIDENT_YEAR,PROC_DATE,JURIS,COLLISION_DATE,COLLISION_TIME,OFFICER_ID,REPORTING_DISTRICT,DAY_OF_WEEK,CHP_SHIFT,POPULATION,CNTY_CITY_LOC,SPECIAL_COND,BEAT_TYPE,CHP_BEAT_TYPE,CITY_DIVISION_LAPD,CHP_BEAT_CLASS,BEAT_NUMBER,PRIMARY_RD,SECONDARY_RD,DISTANCE,DIRECTION,INTERSECTION,WEATHER_1,WEATHER_2,STATE_HWY_IND,CALTRANS_COUNTY,CALTRANS_DISTRICT,STATE_ROUTE,ROUTE_SUFFIX,POSTMILE_PREFIX,POSTMILE,LOCATION_TYPE,RAMP_INTERSECTION,SIDE_OF_HWY,TOW_AWAY,COLLISION_SEVERITY,NUMBER_KILLED,NUMBER_INJURED,PARTY_COUNT,PRIMARY_COLL_FACTOR,PCF_CODE_OF_VIOL,PCF_VIOL_CATEGORY,PCF_VIOLATION,PCF_VIOL_SUBSECTION,HIT_AND_RUN,TYPE_OF_COLLISION,MVIW,PED_ACTION,ROAD_SURFACE,ROAD_COND_1,ROAD_COND_2,LIGHTING,CONTROL_DEVICE,CHP_ROAD_TYPE,PEDESTRIAN_ACCIDENT,BICYCLE_ACCIDENT,MOTORCYCLE_ACCIDENT,TRUCK_ACCIDENT,NOT_PRIVATE_PROPERTY,ALCOHOL_INVOLVED,STWD_VEHTYPE_AT_FAULT,CHP_VEHTYPE_AT_FAULT,COUNT_SEVERE_INJ,COUNT_VISIBLE_INJ,COUNT_COMPLAINT_PAIN,COUNT_PED_KILLED,COUNT_PED_INJURED,COUNT_BICYCLIST_KILLED,COUNT_BICYCLIST_INJURED,COUNT_MC_KILLED,COUNT_MC_INJURED,PRIMARY_RAMP,SECONDARY_RAMP,LATITUDE,LONGITUDE,COUNTY,CITY,POINT_X,POINT_Y
8035847,2016,2017-02-16,3014,2016-04-08,2157,1469,RD68,5,5,5,3014,0,0,0,,0,0A4,"RT 1","REEF POINT DR",27.00,E,N,A,-,Y,ORA,12,1,-,-,12.477,I,5,S,Y,2,0,2,2,A,-,03,22350,,N,E,I,A,A,H,-,C,A,0,,,,,Y,,A,07,1,0,1,0,0,0,0,0,0,"- ","- ",33.566609999999997,-117.83015,ORANGE,"NEWPORT BEACH",-117.83032238,33.56683907
8035857,2016,2016-05-04,3014,2016-03-27,1157,1395,RD36,7,5,5,3014,0,0,0,,0,0A3,"JAMBOREE RD","BAYVIEW WY",0.00,,Y,A,-,N,,,,,,,,,,Y,2,0,2,2,A,-,12,21453,A,N,D,C,A,A,H,-,A,A,0,,,,,Y,,-,"- ",1,1,0,0,0,0,0,0,0,"- ","- ",33.652999999999999,-117.8668,ORANGE,"NEWPORT BEACH",-117.86674012,33.652900090000003
8036762,2016,2016-05-06,3001,2016-04-28,1311,A1825,,4,5,7,3001,0,0,0,,0,0D2,"ANAHEIM BL","CENTER ST",0.00,,Y,A,-,N,,,,,,,,,,Y,2,0,2,2,A,-,09,21801,A,N,D,C,A,A,H,-,A,A,0,,,Y,,Y,,A,01,1,0,1,0,0,0,0,0,1,"- ","- ",,,ORANGE,ANAHEIM,-117.91391011,33.835550009999999
8037689,2016,2016-05-16,3008,2016-03-15,0253,1496,,2,5,6,3008,0,0,0,,0,ZONE2,"BASTANCHURY RD","HIGHLAND AV",1270.00,W,N,A,-,N,,,,,,,,,,Y,2,0,1,2,A,-,03,22350,,N,C,C,A,A,H,-,C,D,0,,,,Y,Y,,A,01,1,0,0,0,0,0,0,0,0,"- ","- ",,,ORANGE,FULLERTON,-117.93998802,33.891266299999998
8038157,2016,2017-02-13,3000,2016-04-18,2008,8553,797J4,1,5,4,3021,0,0,0,,0,024,"BEACH BL","BEVER PL",195.00,N,N,A,-,Y,ORA,12,39,-,-,9.900,H,-,S,N,2,0,1,2,A,-,11,21954,A,N,G,B,D,A,H,-,C,D,0,Y,,,,Y,,N,60,1,0,0,0,1,0,0,0,0,"- ","- ",,,ORANGE,STANTON,-117.9930945,33.791611420000002
8038963,2016,2016-05-17,3015,2016-05-04,0702,1098,44N,3,5,6,3015,0,0,0,,0,731,"CHAPMAN AV","CRAWFORD CYN RD",0.00,,Y,A,-,N,,,,,,,,,,Y,2,0,2,2,A,-,12,21453,A,N,D,C,A,A,H,-,A,A,0,,,,,Y,,A,07,1,0,1,0,0,0,0,0,0,"- ","- ",,,ORANGE,ORANGE,-117.79582010999999,33.787710089999997
8039108,2016,2016-05-20,3019,2016-05-05,2154,3229,SC,4,5,7,3019,0,0,0,,0,004,BRISTOL,EDINGER,300.00,S,N,B,-,N,,,,,,,,,,Y,2,0,1,2,A,-,09,21804,B,N,D,C,A,A,H,-,C,A,0,,,Y,,Y,,C,02,1,0,0,0,0,0,0,0,1,"- ","- ",,,ORANGE,"SANTA ANA",-117.88521494,33.72635348
8040456,2016,2016-05-16,3001,2016-05-04,1542,A1252,,3,5,7,3001,0,0,0,,0,0D2,"EAST ST","CYPRESS ST",0.00,,Y,B,-,N,,,,,,,,,,N,2,0,2,2,A,-,09,21801,A,M,D,C,A,A,H,-,A,A,0,,,,,Y,,A,01,1,1,0,0,0,0,0,0,0,"- ","- ",,,ORANGE,ANAHEIM,-117.90335007,33.840270070000003
8042114,2016,2016-06-01,3014,2016-05-06,0019,1465,RD34,5,5,5,3014,0,0,0,,0,0A3,"BIRCH ST","MACARTHUR BL",23.00,W,N,B,-,N,,,,,,,,,,N,2,0,1,1,A,-,01,23152,A,N,E,I,A,A,H,-,C,A,0,,,,,Y,Y,A,07,1,0,0,0,0,0,0,0,0,"- ","- ",33.6693,-117.8648,ORANGE,"NEWPORT BEACH",-117.86463524,33.669205820000002
8043247,2016,2017-02-14,3011,2016-04-28,1653,31241,35,4,5,4,3011,0,0,0,,0,001,"BROADWAY ST","ACACIA DR",162.00,S,N,A,-,Y,ORA,12,133,-,-,0.210,H,-,S,N,2,0,1,2,A,-,11,21954,A,N,G,B,D,A,H,-,A,D,0,Y,,,,Y,,N,60,1,0,0,0,1,0,0,0,0,"- ","- ",,,ORANGE,"LAGUNA BEACH",-117.78307227000001,33.545090620000003
8043498,2016,2016-05-20,3007,2016-05-09,1602,283,28,1,5,5,3007,0,0,0,,0,002,HARBOR,HEIL,0.00,,Y,A,-,N,,,,,,,,,,Y,2,0,1,2,A,-,03,22350,,N,D,C,A,A,H,-,A,A,0,,,Y,,Y,,C,02,1,0,0,0,0,0,0,0,1,"- ","- ",,,ORANGE,"FOUNTAIN VALLEY",-117.91982007999999,33.723770080000001
8043994,2016,2016-05-25,3026,2016-04-25,1837,7094,,1,5,6,3026,0,0,0,,0,00P,"ALTON PKWY","MUIRLANDS BL",0.00,,Y,B,-,N,,,,,,,,,,Y,2,0,2,2,A,-,12,21453,A,N,D,C,A,A,D,-,A,A,0,,,,,Y,,A,01,1,1,0,0,0,0,0,0,0,"- ","- ",,,ORANGE,IRVINE,-117.7251401,33.647970039999997
8045361,2016,2016-05-24,3000,2016-04-27,1342,9696,951F4,3,5,5,3040,0,0,0,,0,741,"ALICIA PKWY","NIGUEL RD",0.00,,Y,A,-,N,,,,,,,,,,Y,2,0,2,2,A,-,09,21453,C,N,D,C,A,A,H,-,A,A,0,,,,,Y,,A,01,1,0,1,0,0,0,0,0,0,"- ","- ",,,ORANGE,"LAGUNA NIGUEL",-117.71563012,33.52935007
8045369,2016,2016-05-24,3000,2016-04-28,0950,3602,971G5,4,5,4,3029,0,0,0,,0,739,"SELVA RD","LA CRESTA DR",59.00,W,N,A,-,N,,,,,,,,,,N,2,0,1,2,A,-,08,22107,,N,G,B,B,A,H,-,A,D,0,Y,,,,Y,,A,01,1,0,0,0,1,0,0,0,0,"- ","- ",,,ORANGE,"DANA POINT",-117.71126302,33.471328749999998
8046292,2016,2017-01-28,3019,2016-05-18,0052,3342,WE,3,5,7,3019,0,0,0,,0,001,"1ST ST","FAIRVIEW ST",19.00,W,N,A,-,N,,,,,,,,,,Y,2,0,1,3,A,-,01,23153,A,N,C,C,A,A,H,-,C,A,0,,,,,Y,Y,D,22,1,0,0,0,0,0,0,0,0,"- ","- ",,,ORANGE,"SANTA ANA",-117.90541235000001,33.745279279999998
8047722,2016,2016-05-23,3001,2016-05-14,1324,0729,,6,5,7,3001,0,0,0,,0,0D3,"SOUTH STATE COLLEGE BL","WEST BALL RD",620.00,S,N,A,-,N,,,,,,,,,,Y,2,0,1,2,A,-,08,22100,A,N,D,C,A,A,H,-,A,D,0,,,Y,,Y,,A,07,1,0,0,0,0,0,0,0,1,"- ","- ",,,ORANGE,ANAHEIM,-117.88927,33.816414049999999
8048814,2016,2017-02-16,3020,2016-03-20,2357,314,,7,5,4,3020,0,0,0,,0,PATROL,"RT 1",MARINER,21.00,E,N,A,-,Y,ORA,12,1,-,-,31.430,H,-,N,Y,2,0,3,2,A,-,09,21801,A,N,D,C,A,A,H,-,C,D,0,,,,,Y,Y,A,,1,0,2,0,0,0,0,0,0,"- ","- ",,,ORANGE,"SEAL BEACH",-118.08204413,33.727546429999997
8052088,2016,2016-06-09,3001,2016-05-17,1623,A1622,,2,5,7,3001,0,0,0,,0,0D2,"ANAHEIM BL","CENTER ST",0.00,,Y,A,-,N,,,,,,,,,,N,2,0,1,2,A,-,09,21801,A,N,H,G,A,A,H,-,A,A,0,,Y,,,Y,,D,22,1,0,0,0,0,0,1,0,0,"- ","- ",,,ORANGE,ANAHEIM,-117.91391011,33.835550009999999
8054905,2016,2017-03-06,3015,2016-05-03,1246,,NE,2,5,6,3015,0,0,0,,0,,"GRAND AV","RT 22",0.00,,Y,A,-,Y,ORA,12,22,-,R,12.029,R,4,E,Y,2,0,2,2,A,-,12,21453,A,N,D,C,A,A,H,-,A,A,0,,,,,Y,,J,49,1,1,0,0,0,0,0,0,0,"- ",EO,33.775100000000002,-117.85285,ORANGE,ORANGE,-117.84989754,33.775057850000003
8056826,2016,2017-09-12,3019,2016-05-31,1159,2875,NE,2,5,7,3019,0,0,0,,0,002,"17TH ST","FLOWER ST",0.00,,Y,A,-,N,,,,,,,,,,N,1,1,2,2,A,-,12,21453,A,N,D,C,A,A,H,-,A,A,0,,,,,Y,,A,01,0,1,1,0,0,0,0,0,0,"- ","- ",33.759920000000001,-117.87649,ORANGE,"SANTA ANA",-117.87648009999999,33.760100059999999
8057177,2016,2016-06-11,3026,2016-05-22,1144,480,3026,7,5,6,3026,0,0,0,,0,00U,"JAMBOREE RD","CAMPUS DR",53.00,N,N,A,-,N,,,,,,,,,,N,2,0,1,2,A,-,04,21703,,N,C,C,A,A,H,-,A,A,0,,,Y,,Y,,C,02,1,0,0,0,0,0,0,0,1,"- ","- ",,,ORANGE,IRVINE,-117.85417854000001,33.666241460000002
8058053,2016,2016-06-13,3012,2016-05-11,2112,516,,3,5,5,3012,0,0,0,,0,004,"E WHITTIER AV","CONCOURSE AV",0.00,,Y,A,-,N,,,,,,,,,,Y,2,0,1,2,A,-,08,22107,,N,-,I,A,A,H,-,D,D,0,,,,,Y,Y,D,22,1,0,0,0,0,0,0,0,0,"- ","- ",,,ORANGE,"LA HABRA",-117.93164002,33.939300070000002
8059500,2016,2016-06-15,3000,2016-04-30,1728,5377,921G7,6,5,5,3040,0,0,0,,0,903,"MOULTON PKWY","AVILA RD",11.00,S,N,A,-,N,,,,,,,,,,N,2,0,1,2,A,-,05,21650,1,N,H,G,A,A,H,-,A,A,0,,Y,,,Y,,L,04,1,0,0,0,0,0,1,0,0,"- ","- ",,,ORANGE,"LAGUNA NIGUEL",-117.70348567000001,33.562180230000003
8061819,2016,2017-02-04,3010,2016-05-25,2202,2116,4,3,5,6,3010,0,0,0,,0,337,"RT 1",SEAPOINT,17.00,S,N,A,-,Y,ORA,12,1,-,-,27.046,I,5,S,N,2,0,2,3,A,-,11,21456,B,N,G,B,B,A,H,-,C,A,0,Y,,,,Y,Y,-,"- ",1,1,0,0,2,0,0,0,0,"- ","- ",,,ORANGE,"HUNTINGTON BEACH",-118.03224478999999,33.680012730000001
8062344,2016,2016-07-05,3001,2016-06-22,0951,A2269,03,3,5,7,3001,0,0,0,,0,D-3,"KATELLA AV","DISNEYLAND DR",178.00,E,N,A,-,N,,,,,,,,,,Y,2,0,1,2,A,-,03,22350,,N,C,C,A,A,H,-,A,D,0,,,Y,,Y,,C,02,1,0,0,0,0,0,0,0,1,"- ","- ",,,ORANGE,ANAHEIM,-117.92349546,33.803413800000001
8062394,2016,2016-07-05,3026,2016-06-15,1449,7094,,3,5,6,3026,0,0,0,,0,00C,"JEFFREY RD","THE MEADOWS",0.00,,Y,A,-,N,,,,,,,,,,Y,2,0,3,2,A,-,12,21453,A,N,D,C,A,A,H,-,A,A,0,,,,,Y,,A,01,3,0,0,0,0,0,0,0,0,"- ","- ",,,ORANGE,IRVINE,-117.77179003000001,33.686660089999997
8063761,2016,2017-02-16,3000,2016-05-22,1105,9220,972D1,7,5,4,3018,0,0,0,,0,730,"RT 74","AVENIDA LOS CERRITOS",0.00,,Y,A,-,Y,ORA,12,74,-,-,0.081,I,5,W,Y,2,0,1,2,A,-,12,21453,A,N,D,C,A,A,H,-,A,A,0,,,Y,,Y,,A,07,1,0,0,0,0,0,0,0,1,"- ","- ",,,ORANGE,"SAN JUAN CAPISTRANO",-117.65726443,33.502823130000003
8064360,2016,2016-06-21,3000,2016-06-09,1600,9796,992J1,4,5,5,3017,0,0,0,,0,775,"AVENIDA PICO","CALLE DEL CERRO",0.00,,Y,B,-,N,,,,,,,,,,Y,2,0,1,2,A,-,12,21453,A,N,D,C,A,A,H,-,A,A,0,,,,,Y,,A,01,1,0,0,0,0,0,0,0,0,"- ","- ",,,ORANGE,"SAN CLEMENTE",-117.61368004000001,33.444510100000002
8065291,2016,2017-02-22,3010,2016-06-02,1846,251,283,4,5,6,3010,0,0,0,,0,006,"RT 39",NEWMAN,297.00,N,N,A,-,Y,ORA,12,39,-,-,3.940,H,-,N,Y,2,0,1,1,A,-,08,22107,,N,F,G,A,A,H,-,A,D,0,,Y,,,Y,,L,04,1,0,0,0,0,0,1,0,0,"- ","- ",,,ORANGE,"HUNTINGTON BEACH",-117.98912356,33.70572276
8068020,2016,2016-06-22,3008,2016-06-11,1730,1435,,6,5,6,3008,0,0,0,,0,002,MALDEN,"VALENCIA AV",180.00,N,N,A,-,N,,,,,,,,,,N,2,0,1,2,D,-,00,,,F,G,B,F,A,H,-,B,D,0,Y,,,,Y,,-,"- ",1,0,0,0,1,0,0,0,0,"- ","- ",,,ORANGE,FULLERTON,-117.92650999999999,33.866673480000003
8068064,2016,2016-06-22,3019,2016-06-08,2045,2774,20,3,5,7,3019,0,0,0,,0,0SE,CHESTNUT,LYON,250.00,W,N,A,-,N,,,,,,,,,,Y,2,0,1,1,A,-,01,23152,A,N,E,I,A,A,H,-,C,A,0,,,,,Y,Y,A,07,1,0,0,0,0,0,0,0,0,"- ","- ",,,ORANGE,"SANTA ANA",-117.84558559,33.742588920000003
8070199,2016,2016-06-28,3026,2016-06-09,1705,6352,,4,5,6,3026,0,0,0,,0,00U,"SANDBURG WY","CULVER DR",37.00,E,N,A,-,N,,,,,,,,,,N,2,0,2,3,A,-,10,21950,A,N,G,B,B,A,H,-,A,A,0,Y,,,,Y,,A,01,1,1,0,0,2,0,0,0,0,"- ","- ",,,ORANGE,IRVINE,-117.82741878,33.662176330000001
8070594,2016,2016-06-28,3015,2016-06-09,0537,1500,32W,4,5,6,3015,0,0,0,,0,112,"N MAIN ST","W MAPLE AV",0.00,,Y,B,-,N,,,,,,,,,,Y,2,0,2,2,A,-,09,21802,A,N,D,C,A,A,H,-,B,A,0,,,Y,,Y,,A,01,1,0,1,0,0,0,0,0,2,"- ","- ",,,ORANGE,ORANGE,-117.86655005,33.789680019999999
8073306,2016,2016-07-14,3002,2016-03-09,1055,1395,327X,3,5,4,3002,0,0,0,,0,012,"LIVE OAK AV","WAGON WHEEL CIR",0.00,,Y,A,-,N,,,,,,,,,,N,2,0,1,2,A,-,08,22107,,F,G,B,F,A,H,-,A,D,0,Y,,,,Y,,D,22,1,0,0,0,1,0,0,0,0,"- ","- ",,,ORANGE,BREA,-117.89323011,33.928440049999999
8073767,2016,2016-07-11,3019,2016-06-17,2144,3346,SE,5,5,7,3019,0,0,0,,0,002,"CHESTNUT AV","MAPLE ST",0.00,,Y,A,-,N,,,,,,,,,,N,2,0,1,2,A,-,12,22450,,N,D,G,A,A,H,-,C,D,0,,Y,,,Y,Y,A,01,1,0,0,0,0,0,1,0,0,"- ","- ",,,ORANGE,"SANTA ANA",-117.86341011,33.742460039999997
8074642,2016,2016-07-06,3000,2016-06-09,1405,9681,891J7,4,5,5,3028,0,0,0,,0,903,"ALICIA PKWY","CHARLINDA DR",377.00,W,N,A,-,N,,,,,,,,,,N,2,0,1,2,A,-,09,21801,A,N,D,C,A,A,H,-,A,A,0,,,Y,,Y,,A,01,1,0,0,0,0,0,0,0,1,"- ","- ",,,ORANGE,"MISSION VIEJO",-117.68980788,33.606964240000003
8075406,2016,2016-08-02,3000,2016-07-02,0935,1066,862E7,6,5,5,3028,0,0,0,,0,051,"EL TORO RD","MARGUERITE PKWY",0.00,,Y,A,-,N,,,,,,,,,,Y,2,0,2,2,A,-,12,21453,A,N,D,C,A,A,H,-,A,A,0,,,,,Y,,A,01,1,1,0,0,0,0,0,0,0,"- ","- ",,,ORANGE,"MISSION VIEJO",-117.64186001,33.6607901
8078032,2016,2016-07-13,3003,2016-06-17,1948,1164,,5,5,5,3003,0,0,0,,0,005,"KNOTT AV","FILLMORE DR",0.00,,Y,A,-,N,,,,,,,,,,Y,2,0,2,2,A,-,01,23152,A,N,D,C,A,A,H,-,A,D,0,,,Y,,Y,Y,A,01,1,0,1,0,0,0,0,0,1,"- ","- ",33.837400000000002,-118.01090000000001,ORANGE,"BUENA PARK",-118.01111007,33.837480020000001
8078051,2016,2016-07-14,3024,2016-06-23,1231,418,P09,4,5,5,3024,0,0,0,,0,WEST,"WESTMINSTER AV","SPRINGDALE ST",185.00,E,N,A,-,N,,,,,,,,,,Y,2,0,1,3,A,-,03,22350,,N,C,C,A,A,H,-,A,A,0,,,Y,,Y,,A,01,1,0,0,0,0,0,0,0,1,"- ","- ",,,ORANGE,WESTMINSTER,-118.0240127,33.759079999999997
8078056,2016,2017-02-13,3003,2016-06-16,0528,1047,,4,5,5,3003,0,0,0,,0,,"BEACH BL","FRANKLIN ST",0.00,,Y,A,-,Y,ORA,12,39,-,-,15.771,I,5,S,N,2,0,1,2,D,-,00,,,N,G,J,A,A,H,-,C,D,0,,,,,Y,,-,"- ",1,0,0,0,0,0,0,0,0,"- ","- ",,,ORANGE,"BUENA PARK",-117.99836322,33.876363920000003
8078570,2016,2016-08-29,3009,2016-06-12,2112,3931,136,7,5,6,3009,0,0,0,,0,023,"CLINTON ST","TRASK AV",9.00,N,N,A,-,N,,,,,,,,,,N,2,0,1,2,A,-,09,21801,A,N,D,C,A,A,H,-,C,A,0,,,Y,,Y,Y,A,01,1,0,0,0,0,0,0,0,1,"- ","- ",,,ORANGE,"GARDEN GROVE",-117.91167,33.767134669999997
8081018,2016,2016-08-02,3004,2016-07-16,0036,P623,19,6,5,6,3004,0,0,0,,0,003,"HARBOR BL","GISLER AV",0.00,,Y,A,-,N,,,,,,,,,,Y,2,0,2,2,A,-,01,23152,A,N,D,C,A,A,H,-,C,A,0,,,,,Y,Y,A,01,1,1,0,0,0,0,0,0,0,"- ","- ",33.687010000000001,-117.91929,ORANGE,"COSTA MESA",-117.91946003,33.686980060000003
8081118,2016,2017-02-22,3011,2016-07-16,0936,31417,0,6,5,4,3011,0,0,0,,0,,"RT 1","LA BREA ST",0.00,S,N,A,-,Y,ORA,12,1,-,-,10.140,H,-,S,N,2,0,1,2,A,-,06,21750,,F,B,C,A,A,H,-,A,A,0,,,Y,,Y,,A,01,1,0,0,0,0,0,0,0,1,"- ","- ",,,ORANGE,"LAGUNA BEACH",-117.7965296,33.547075249999999
8081404,2016,2016-08-15,3007,2016-07-27,1023,1125,44,3,5,5,3007,0,0,0,,0,001,"BROOKHURST ST","LA ALAMEDA AV",0.00,,Y,A,-,N,,,,,,,,,,Y,2,0,1,2,A,-,09,21801,A,N,A,C,A,A,H,-,A,A,0,,,,,Y,,A,01,1,0,0,0,0,0,0,0,0,"- ","- ",,,ORANGE,"FOUNTAIN VALLEY",-117.95454005000001,33.712620039999997
8081581,2016,2017-02-04,3014,2016-06-19,1712,1395,RD67,7,5,5,3014,0,0,0,,0,0A4,"RT 1","REEF POINT",10.00,E,N,A,-,Y,ORA,12,1,-,-,12.477,I,5,N,Y,2,0,2,3,A,-,12,21453,A,N,H,G,A,A,H,-,A,A,0,,Y,,,Y,,A,01,2,0,0,0,0,0,2,0,0,"- ","- ",33.566800000000001,-117.82989999999999,ORANGE,"NEWPORT BEACH",-117.83022471,33.56695431
8082382,2016,2016-07-19,3000,2016-05-28,0320,8787,797H3,6,5,4,3021,0,0,0,,0,021,"WESTERN AV","ORANGEWOOD AV",0.00,,Y,A,-,N,,,,,,,,,,Y,2,0,2,2,A,-,03,22350,,N,C,C,A,A,H,-,C,A,0,,,,,Y,,A,01,1,0,1,0,0,0,0,0,0,"- ","- ",,,ORANGE,STANTON,-118.00161009,33.795590060000002
8083271,2016,2016-07-15,3012,2016-05-30,1404,571,33,1,5,5,3012,0,0,0,,0,003,"MONTE VISTA","5TH AV",0.00,,Y,A,-,N,,,,,,,,,,N,2,0,1,2,A,-,09,21802,A,N,D,G,A,A,H,-,A,A,0,,Y,,,Y,,L,04,1,0,0,0,0,0,1,0,0,"- ","- ",,,ORANGE,"LA HABRA",-117.95485007000001,33.926830080000002
8083459,2016,2017-02-18,3011,2016-05-18,2200,31235,43,3,5,4,3011,0,0,0,,0,003,"RT 1","CALLIOPE ST",0.00,,Y,A,-,Y,ORA,12,1,-,-,8.371,I,5,N,Y,2,0,1,2,A,-,11,21954,A,N,G,B,D,A,H,-,C,A,0,Y,,,,Y,,N,60,1,0,0,0,1,0,0,0,0,"- ","- ",,,ORANGE,"LAGUNA BEACH",-117.77385037000001,33.530972740000003
8083521,2016,2016-10-13,3022,2016-07-01,1319,1109,NORTH,5,5,5,3022,0,0,0,,0,004,"EL CAMINO REAL","AUTO CENTER DR",0.00,,Y,A,-,N,,,,,,,,,,Y,2,0,1,2,A,-,09,21801,A,N,A,C,A,A,H,-,A,A,0,,,,,Y,,D,22,1,0,0,0,0,0,0,0,0,"- ","- ",33.727379999999997,-117.79736,ORANGE,TUSTIN,-117.79723001000001,33.727400109999998
8083583,2016,2016-07-18,3022,2016-06-20,1329,1181,,1,5,5,3022,0,0,0,,0,,"IRVINE BL","FASHION LN",0.00,,Y,A,-,N,,,,,,,,,,N,2,0,1,2,A,-,09,21801,A,N,D,C,A,A,H,-,A,A,0,,,,,Y,,A,07,1,0,0,0,0,0,0,0,0,"- ","- ",33.748280000000001,-117.81728,ORANGE,TUSTIN,-117.81710006,33.748210110000002
8083968,2016,2016-07-19,3020,2016-05-20,1456,251,,5,5,4,3020,0,0,0,,0,141,"LAMPSON AV","CANDLEBERRY AV",238.00,W,N,A,-,N,,,,,,,,,,Y,2,0,1,1,D,-,00,,,N,E,I,A,A,H,-,A,A,0,,,,,Y,,-,"- ",1,0,0,0,0,0,0,0,0,"- ","- ",,,ORANGE,"SEAL BEACH",-118.06115993,33.778445410000003
8086681,2016,2016-09-27,3014,2016-07-03,1811,1287,RD17,7,5,5,3014,0,0,0,,0,0A2,"WEST OCEAN FRONT","FERN ST",0.00,,Y,A,-,N,,,,,,,,,,N,2,0,1,2,A,-,11,21954,A,N,G,B,D,A,H,-,A,D,0,Y,,,,Y,,N,60,1,0,0,0,1,0,0,0,0,"- ","- ",33.628100000000003,-117.95350000000001,ORANGE,"NEWPORT BEACH",-117.95348001000001,33.628070020000003
8087265,2016,2016-07-21,3019,2016-07-09,2158,3360,SE,6,5,7,3019,0,0,0,,0,003,"STANDARD AV","MCFADDEN AV",10.00,N,N,A,-,N,,,,,,,,,,Y,2,0,2,5,A,-,01,23152,A,F,D,C,A,A,H,-,C,A,0,,Y,,,Y,Y,D,22,1,0,1,0,0,0,1,0,0,"- ","- ",33.733330000000002,-117.85637,ORANGE,"SANTA ANA",-117.85641173,33.733647380000001
8087782,2016,2016-07-25,3019,2016-07-10,2108,3132,SC,7,5,7,3019,0,0,0,,0,004,"1ST ST","SUSAN ST",300.00,E,N,A,-,N,,,,,,,,,,N,2,0,1,2,A,-,11,21954,A,N,G,B,D,A,H,-,C,A,0,Y,,,,Y,Y,N,60,1,0,0,0,1,0,0,0,0,"- ","- ",,,ORANGE,"SANTA ANA",-117.91264568,33.745204430000001
8087798,2016,2016-07-25,3019,2016-07-12,2105,3412,NE,2,5,7,3019,0,0,0,,0,002,"N LINCOLN AV","FAIRMONT AV",14.00,S,N,A,-,N,,,,,,,,,,Y,2,0,1,2,A,-,11,21954,A,N,G,B,D,A,H,-,D,D,0,Y,,,,Y,,N,60,1,0,0,0,1,0,0,0,0,"- ","- ",,,ORANGE,"SANTA ANA",-117.85616926,33.757621630000003
8090971,2016,2016-07-28,3000,2016-05-31,1551,5805,862D6,2,5,5,3050,0,0,0,,0,764,"GLEN RANCH RD","PORTOLA PKWY",614.00,E,N,A,-,N,,,,,,,,,,Y,2,0,1,1,A,-,08,22107,,N,F,I,A,A,H,-,A,A,0,,,,,Y,,A,01,1,0,0,0,0,0,0,0,0,"- ","- ",,,ORANGE,"LAKE FOREST",-117.65056736,33.672172359999998
8091120,2016,2016-07-28,3024,2016-06-30,0033,168,P29,4,5,5,3024,0,0,0,,0,EAST,"BROOKHURST ST","HAZARD AV",300.00,S,N,A,-,N,,,,,,,,,,N,2,0,1,2,A,-,11,21954,A,N,G,B,D,A,H,-,C,D,0,Y,,,,Y,Y,N,60,1,0,0,0,1,0,0,0,0,"- ","- ",,,ORANGE,WESTMINSTER,-117.95499882,33.751437500000002
8095242,2016,2016-08-02,3000,2016-06-25,0935,9796,992H4,6,5,5,3017,0,0,0,,0,903,"NORTH EL CAMINO REAL","AVE DE LA GRULLA",103.00,N,N,A,-,N,,,,,,,,,,Y,2,0,1,2,A,-,03,22350,,N,C,E,A,A,H,-,A,D,0,,Y,,,Y,,L,04,1,0,0,0,0,0,1,0,0,"- ","- ",,,ORANGE,"SAN CLEMENTE",-117.624168,33.432319
8095895,2016,2016-08-05,3026,2016-07-05,1152,4991,,2,5,6,3026,0,0,0,,0,00C,"IRVINE CENTER DR",ANTIVO,171.00,N,N,A,-,N,,,,,,,,,,Y,2,0,1,2,A,-,07,21658,A,N,B,C,A,A,H,-,A,A,0,,,Y,,Y,,A,07,1,0,0,0,0,0,0,0,1,"- ","- ",,,ORANGE,IRVINE,-117.74511889,33.644741250000003
8097902,2016,2016-08-17,3001,2016-07-16,2228,2227,,6,5,7,3001,0,0,0,,0,033,"WEST ORANGEWOOD AV","SOUTH HASTER ST",375.00,W,N,A,-,N,,,,,,,,,,N,2,0,1,2,A,-,11,21950,B,N,G,B,D,A,G,-,C,D,0,Y,,,,Y,,N,60,1,0,0,0,1,0,0,0,0,"- ","- ",,,ORANGE,ANAHEIM,-117.90764138,33.79611809
8098159,2016,2016-08-19,3001,2016-08-06,1644,A1555,,6,5,7,3001,0,0,0,,0,0D4,"EAST LA PALMA AV","NORTH IMPERIAL HWY",429.00,E,N,A,-,N,,,,,,,,,,N,2,0,1,2,A,-,09,21801,A,N,D,C,A,A,H,-,A,D,0,,,Y,,Y,,A,01,1,0,0,0,0,0,0,0,1,"- ","- ",,,ORANGE,ANAHEIM,-117.92438,33.917459999999998
8098430,2016,2016-08-05,3000,2016-06-25,0550,2317,893D2,6,5,4,3048,0,0,0,,0,168,"DOVE CANYON DR","DOVE CANYON PLAZA",354.00,E,N,A,-,N,,,,,,,,,,Y,2,0,1,1,A,-,03,22350,,N,E,J,A,A,H,-,B,D,0,,,Y,,Y,,C,02,1,0,0,0,0,0,0,0,1,"- ","- ",,,ORANGE,"RANCHO SANTA MARGARITA",-117.5772152,33.642473240000001
8098694,2016,2017-02-22,3024,2016-06-28,1930,418,P06,2,5,5,3024,0,0,0,,0,WEST,"RT 39","TRASK AV",161.00,N,N,A,-,Y,ORA,12,39,-,-,8.170,H,-,S,N,2,0,2,4,A,-,03,22350,,N,C,C,A,A,H,-,B,A,0,,,,,Y,,A,01,1,0,1,0,0,0,0,0,0,"- ","- ",,,ORANGE,WESTMINSTER,-117.99033926,33.766987800000003
8098893,2016,2016-08-25,3010,2016-03-22,0709,1145,262,2,5,6,3010,0,0,0,,0,,WARNER,NICHOLS,210.00,W,N,A,-,N,,,,,,,,,,Y,2,0,1,2,A,-,03,22350,,N,A,C,A,A,H,-,A,D,0,,,Y,Y,Y,,C,02,1,0,0,0,0,0,0,0,1,"- ","- ",33.425600000000003,-117.49469999999999,ORANGE,"HUNTINGTON BEACH",-117.99642872,33.715663800000002