CASE_ID,ACCIDENT_YEAR,PROC_DATE,JURIS,COLLISION_DATE,COLLISION_TIME,OFFICER_ID,REPORTING_DISTRICT,DAY_OF_WEEK,CHP_SHIFT,POPULATION,CNTY_CITY_LOC,SPECIAL_COND,BEAT_TYPE,CHP_BEAT_TYPE,CITY_DIVISION_LAPD,CHP_BEAT_CLASS,BEAT_NUMBER,PRIMARY_RD,SECONDARY_RD,DISTANCE,DIRECTION,INTERSECTION,WEATHER_1,WEATHER_2,STATE_HWY_IND,CALTRANS_COUNTY,CALTRANS_DISTRICT,STATE_ROUTE,ROUTE_SUFFIX,POSTMILE_PREFIX,POSTMILE,LOCATION_TYPE,RAMP_INTERSECTION,SIDE_OF_HWY,TOW_AWAY,COLLISION_SEVERITY,NUMBER_KILLED,NUMBER_INJURED,PARTY_COUNT,PRIMARY_COLL_FACTOR,PCF_CODE_OF_VIOL,PCF_VIOL_CATEGORY,PCF_VIOLATION,PCF_VIOL_SUBSECTION,HIT_AND_RUN,TYPE_OF_COLLISION,MVIW,PED_ACTION,ROAD_SURFACE,ROAD_COND_1,ROAD_COND_2,LIGHTING,CONTROL_DEVICE,CHP_ROAD_TYPE,PEDESTRIAN_ACCIDENT,BICYCLE_ACCIDENT,MOTORCYCLE_ACCIDENT,TRUCK_ACCIDENT,NOT_PRIVATE_PROPERTY,ALCOHOL_INVOLVED,STWD_VEHTYPE_AT_FAULT,CHP_VEHTYPE_AT_FAULT,COUNT_SEVERE_INJ,COUNT_VISIBLE_INJ,COUNT_COMPLAINT_PAIN,COUNT_PED_KILLED,COUNT_PED_INJURED,COUNT_BICYCLIST_KILLED,COUNT_BICYCLIST_INJURED,COUNT_MC_KILLED,COUNT_MC_INJURED,PRIMARY_RAMP,SECONDARY_RAMP,LATITUDE,LONGITUDE,COUNTY,CITY,POINT_X,POINT_Y
8753563,2018,2019-01-10,3009,2018-12-15,1025,4035,135,6,5,6,3009,0,0,0,,0,"2   3","HARBOR BL","GARDEN GROVE BL",96.00,S,N,A,-,N,,,,,,,,,,Y,2,0,1,5,A,-,01,23152,F,F,D,C,A,A,H,-,A,A,0,,,,,Y,,D,22,1,0,0,0,0,0,0,0,0,"- ","- ",33.774311065673828,-117.92030334472656,ORANGE,"GARDEN GROVE",-117.92041778564453,33.774066925048828
8755165,2018,2019-01-28,3000,2018-10-06,2353,8482,972-D,6,5,5,3017,0,0,0,,0,3A79,"CAMINO DE ESTRELLA","RT 5",0.00,,Y,A,-,Y,ORA,12,5,-,-,5.970,R,4,S,Y,2,0,1,1,A,-,01,23152,A,N,F,A,A,A,H,-,C,A,0,,,Y,,Y,Y,C,02,1,0,0,0,0,0,0,0,1,"- ",SF,,,ORANGE,"SAN CLEMENTE",-117.65862274169922,33.460033416748047
8758416,2018,2018-12-18,3008,2018-10-17,2250,1557,,3,5,6,3008,0,0,0,,0,001,"COMMONWEALTH AV","BASQUE AV",0.00,,Y,A,-,N,,,,,,,,,,Y,2,0,2,2,A,-,09,21801,A,N,D,C,A,A,H,-,C,A,0,,,Y,,Y,,A,01,1,0,1,0,0,0,0,0,2,"- ","- ",,,ORANGE,FULLERTON,-117.95072937011719,33.870159149169922
8759421,2018,2018-12-19,3009,2018-10-24,1318,4087,111,3,5,6,3009,0,0,0,,0,021,"EUCLID ST","KATELLA AV",221.00,S,N,A,-,N,,,,,,,,,,N,2,0,1,2,A,-,08,22107,,N,D,G,A,A,H,-,A,A,0,,Y,,,Y,,L,04,1,0,0,0,0,0,1,0,0,"- ","- ",,,ORANGE,"GARDEN GROVE",-117.94150543212891,33.802474975585938
8762549,2018,2019-01-04,3000,2018-12-19,0732,9220,972A3,3,5,4,3018,0,0,0,,0,730,"CAMINO DEL AVION","VIA POSITIVA",0.00,,Y,A,-,N,,,,,,,,,,Y,2,0,1,2,A,-,10,21950,A,N,H,G,A,A,H,-,A,A,0,,Y,,,Y,,D,22,1,0,0,0,0,0,1,0,0,"- ","- ",,,ORANGE,"SAN JUAN CAPISTRANO",-117.67814636230469,33.487129211425781
8762682,2018,2019-01-25,3008,2018-12-05,1550,1567,,3,5,6,3008,0,0,0,,0,002,"W COMMONWEALTH AV","N WOODS AV",0.00,,Y,B,C,N,,,,,,,,,,Y,2,0,1,1,A,-,04,21703,,N,F,J,A,B,H,-,A,D,0,,,Y,,Y,,C,02,1,0,0,0,0,0,0,0,1,"- ","- ",,,ORANGE,FULLERTON,-117.93753814697266,33.870258331298828
8765089,2018,2019-02-04,3011,2018-11-16,0319,31241,71,5,5,4,3011,0,0,0,,0,001,"RT 133","RAQUEL RD",770.00,N,N,A,-,Y,ORA,12,133,-,-,2.650,H,-,N,Y,2,0,2,3,A,-,03,22350,,N,C,C,A,A,H,-,C,D,0,,,,Y,Y,,F,55,1,1,0,0,0,0,0,0,0,"- ","- ",,,ORANGE,"LAGUNA BEACH",-117.76303100585938,33.571887969970703
8765938,2018,2019-01-07,3000,2018-11-16,1936,7734,861H7,5,5,5,3050,0,0,0,,0,762,"BAKE PKWY","N POINTE DR",0.00,,Y,A,-,N,,,,,,,,,,Y,2,0,2,2,A,-,12,21453,A,N,D,C,A,A,H,-,C,A,0,,,,,Y,,A,07,1,1,0,0,0,0,0,0,0,"- ","- ",,,ORANGE,"LAKE FOREST",-117.69304656982422,33.661930084228516
8765990,2018,2019-01-07,3000,2018-11-24,1110,9573,862E2,6,5,5,3050,0,0,0,,0,760,"SANTIAGO CANYON RD","MODJESKA GRADE RD",80.00,N,N,A,-,N,,,,,,,,,,Y,2,0,1,1,A,-,03,22350,,N,F,A,A,A,H,-,A,A,0,,,Y,,Y,,C,02,1,0,0,0,0,0,0,0,1,"- ","- ",,,ORANGE,"LAKE FOREST",-117.6334228515625,33.697101593017578
8767466,2018,2019-01-30,3005,2018-12-13,0118,8221,C35,4,5,4,3005,0,0,0,,0,,"VALLEY VIEW ST","CORPORATE AV",0.00,,Y,A,-,N,,,,,,,,,,Y,2,0,1,2,A,-,11,21954,A,N,G,B,B,A,H,-,C,A,0,Y,,,,Y,,N,60,1,0,0,0,1,0,0,0,0,"- ","- ",,,ORANGE,CYPRESS,-118.02838897705078,33.807960510253906
8768136,2018,2019-02-04,3010,2018-12-11,1722,2153,433,2,5,6,3010,0,0,0,,0,005,"BEACH BL","YORKTOWN AV",528.00,S,N,A,-,Y,ORA,12,39,-,-,2.040,H,-,N,Y,2,0,3,4,A,-,03,22350,,N,C,C,A,A,H,-,C,D,0,,,,,Y,,A,01,2,0,1,0,0,0,0,0,0,"- ","- ",,,ORANGE,"HUNTINGTON BEACH",-117.98855590820312,33.677974700927734
8768153,2018,2019-02-04,3000,2018-12-05,0225,9143,797J6,3,5,4,3021,0,0,0,,0,023,"BEACH BL","GARDEN GROVE BL",53.00,S,N,C,-,Y,ORA,12,39,-,-,8.650,H,-,N,Y,2,0,1,3,A,-,09,21453,C,N,D,C,A,B,H,-,C,A,0,,,,,Y,Y,A,01,1,0,0,0,0,0,0,0,0,"- ","- ",,,ORANGE,STANTON,-117.99269866943359,33.773395538330078
8768408,2018,2019-01-26,3014,2018-12-06,0957,1253,RD38,4,5,5,3014,0,0,0,,0,0A3,"JAMBOREE RD","SAN JOAQUIN HILLS RD",1250.00,N,N,C,-,N,,,,,,,,,,Y,2,0,1,1,A,-,03,22350,,N,E,I,A,B,H,-,A,D,0,,,,,Y,,A,01,1,0,0,0,0,0,0,0,0,"- ","- ",33.628200531005859,-117.87680053710938,ORANGE,"NEWPORT BEACH",-117.87709045410156,33.628185272216797
8770454,2018,2019-01-10,3000,2018-03-04,1552,8955,892-J,7,5,4,3048,0,0,0,,0,067,"SANTA MARGARITA PKWY","AVENIDA EMPRESA",409.00,W,N,A,-,N,,,,,,,,,,Y,2,0,2,2,A,-,03,22350,,N,C,C,A,A,H,-,A,D,0,,,Y,,Y,,C,02,1,0,1,0,0,0,0,0,1,"- ","- ",33.638591766357422,-117.60794067382812,ORANGE,"RANCHO SANTA MARGARITA",-117.61003875732422,33.638744354248047
8771980,2018,2019-01-09,3005,2018-10-14,1756,8152,C28,7,5,4,3005,0,0,0,,0,003,"VALLEY VIEW ST","MARIAN AV",365.00,N,N,A,-,N,,,,,,,,,,Y,2,0,2,2,D,-,00,,,N,D,C,A,A,H,-,A,D,0,,,Y,,Y,,-,"- ",1,0,1,0,0,0,0,0,1,"- ","- ",,,ORANGE,CYPRESS,-118.02828216552734,33.813770294189453
8772119,2018,2019-01-29,3000,2018-12-24,1259,7734,892A6,1,5,5,3028,0,0,0,,0,752,"ALICIA PKWY","JERONIMO RD",243.00,E,N,A,-,N,,,,,,,,,,Y,2,0,2,2,A,-,01,23152,A,N,C,C,A,A,H,-,A,D,0,,,,,Y,Y,A,01,1,0,1,0,0,0,0,0,0,"- ","- ",,,ORANGE,"MISSION VIEJO",-117.67771911621094,33.615550994873047
8772742,2018,2019-01-18,3000,2018-12-15,1510,1056,892D2,6,5,5,3028,0,0,0,,0,051,"LOS ALISOS BL",ENTIDAD,0.00,,Y,A,-,N,,,,,,,,,,Y,2,0,2,2,A,-,12,21453,A,N,D,C,A,A,H,-,A,A,0,,,,,Y,,A,01,1,0,1,0,0,0,0,0,0,"- ","- ",33.646541595458984,-117.65499877929688,ORANGE,"MISSION VIEJO",-117.65524291992188,33.646419525146484
8775676,2018,2019-01-10,3004,2018-11-19,0548,P654,28,1,5,6,3004,0,0,0,,0,015,"PULLMAN ST","FISCHER AV",471.00,N,N,E,-,N,,,,,,,,,,Y,2,0,1,2,A,-,03,22350,,N,C,E,A,A,H,-,A,D,0,,,,,Y,Y,A,07,1,0,0,0,0,0,0,0,0,"- ","- ",33.676998138427734,-117.88079833984375,ORANGE,"COSTA MESA",-117.88053894042969,33.677524566650391
8777415,2018,2019-01-23,3000,2018-11-07,1504,5013,952A1,3,5,5,3040,0,0,0,,0,741,"CROWN VALLEY PKWY","FORBES RD",211.00,E,N,A,-,N,,,,,,,,,,Y,2,0,1,2,A,-,07,21658,A,N,B,C,A,A,H,-,A,A,0,,,Y,,Y,,A,07,1,0,0,0,0,0,0,0,1,"- ","- ",,,ORANGE,"LAGUNA NIGUEL",-117.67585754394531,33.558376312255859
8777950,2018,2019-01-24,3000,2018-12-04,1524,5377,951F5,2,5,5,3040,0,0,0,,0,741,"PACIFIC ISLAND","CLUB HOUSE",171.00,N,N,A,-,N,,,,,,,,,,N,2,0,1,2,D,-,00,,,N,H,G,A,A,H,-,A,D,0,,Y,,,Y,,-,"- ",1,0,0,0,0,0,1,0,0,"- ","- ",,,ORANGE,"LAGUNA NIGUEL",-117.72372436523438,33.521106719970703
8777962,2018,2019-01-24,3000,2018-12-24,2239,9598,993B6,1,5,5,3017,0,0,0,,0,4A72,"SOUTH EL CAMINO REAL","AVENIDA MENDOCINO",0.00,,Y,A,-,N,,,,,,,,,,Y,2,0,1,2,A,-,12,21453,A,N,B,C,A,A,H,-,C,A,0,,,,,Y,,-,,1,0,0,0,0,0,0,0,0,"- ","- ",,,ORANGE,"SAN CLEMENTE",-117.60077667236328,33.411701202392578
8779670,2018,2019-01-29,3010,2018-12-31,1310,1059,252,1,5,6,3010,0,0,0,,0,007,"RT 39","CENTER AV",505.00,N,N,B,-,Y,ORA,12,39,-,-,5.820,H,-,S,N,2,0,2,2,A,-,08,22107,,F,C,C,A,A,G,-,A,D,0,,,,,Y,,A,01,1,0,1,0,0,0,0,0,0,"- ","- ",,,ORANGE,"HUNTINGTON BEACH",-117.98947143554688,33.732830047607422
8781899,2019,2019-02-04,3009,2019-01-05,0628,4559,102,6,5,6,3009,0,0,0,,0,1-2,"BROOKHURST ST","DEWEY DR",0.00,,Y,B,-,N,,,,,,,,,,Y,2,0,2,2,A,-,09,21802,A,N,A,C,A,B,H,-,C,A,0,,,Y,,Y,,-,,1,1,0,0,0,0,0,0,2,"- ","- ",,,ORANGE,"GARDEN GROVE",-117.95883941650391,33.800010681152344
8782395,2018,2019-01-24,3015,2018-12-30,0313,1522,51,7,5,6,3015,0,0,0,,0,741,"CHAPMAN AV","ECKHOFF ST",273.00,E,N,A,-,N,,,,,,,,,,Y,2,0,1,2,A,-,03,22350,,N,C,C,A,A,H,-,C,D,0,,,Y,,Y,,C,02,1,0,0,0,0,0,0,0,1,"- ","- ",,,ORANGE,ORANGE,-117.87410736083984,33.78790283203125
8786481,2019,2019-02-06,3007,2019-01-19,1340,315,25,6,5,5,3007,0,0,0,,0,001,BROOKHURST,HEIL,290.00,S,N,A,-,N,,,,,,,,,,Y,2,0,4,2,A,-,09,21801,A,N,D,C,A,A,H,-,A,A,0,,,,,Y,,A,01,1,1,2,0,0,0,0,0,0,"- ","- ",,,ORANGE,"FOUNTAIN VALLEY",-117.95465087890625,33.722743988037109
8786640,2018,2019-02-06,3008,2018-11-14,1309,1158,,3,5,6,3008,0,0,0,,0,0II,"PLACENTIA AV","NUTWOOD AV",345.00,S,N,A,-,N,,,,,,,,,,Y,2,0,2,2,A,-,09,21804,A,N,D,C,A,A,H,-,A,A,0,,,,,Y,,A,01,1,1,0,0,0,0,0,0,0,"- ","- ",,,ORANGE,FULLERTON,-117.87816619873047,33.876888275146484
8786942,2019,2019-02-11,3000,2019-01-01,0300,9242,800C1,2,5,2,3023,0,0,0,,0,414,"VILLA PARK RD","CENTER DR",40.00,E,N,A,G,N,,,,,,,,,,Y,2,0,1,1,A,-,05,21651,A,N,E,I,A,A,H,-,D,A,0,,,,,Y,,A,07,1,0,0,0,0,0,0,0,0,"- ","- ",33.810600280761719,-117.81120300292969,ORANGE,"VILLA PARK",-117.81317138671875,33.810653686523438
8787520,2019,2019-03-12,3000,2019-01-13,1244,9241,921E4,7,5,4,3049,0,0,0,,0,082,"ALISO CREEK RD","RT 73",0.00,,Y,B,-,Y,ORA,12,73,-,-,13.948,R,4,N,Y,2,0,2,2,A,-,03,22350,,N,C,C,A,A,H,-,A,A,0,,,,,Y,,A,01,1,1,0,0,0,0,0,0,0,"- ",NF,,,ORANGE,"ALISO VIEJO",-117.71439361572266,33.577037811279297
8788685,2018,2019-01-28,3026,2018-12-01,0146,578,U,6,5,6,3026,0,0,0,,0,00U,"CAMPUS DR","BERKELEY AVE",334.00,E,N,B,-,N,,,,,,,,,,N,2,0,1,2,A,-,11,21954,A,N,G,B,D,A,H,-,C,D,0,Y,,,,Y,Y,N,60,1,0,0,0,1,0,0,0,0,"- ","- ",,,ORANGE,IRVINE,-117.83426666259766,33.648036956787109
8788698,2018,2019-01-26,3026,2018-12-04,1004,611372,UNIVE,2,5,6,3026,0,0,0,,0,00U,CULVER,MICHELSON,558.00,S,N,A,-,N,,,,,,,,,,N,2,0,1,2,A,-,08,22107,,N,H,G,A,A,H,-,A,D,0,,Y,,,Y,,A,01,1,0,0,0,0,0,1,0,0,"- ","- ",,,ORANGE,IRVINE,-117.82731628417969,33.664466857910156
8789501,2018,2019-02-01,3022,2018-11-24,1125,1269,,6,5,5,3022,0,0,0,,0,,"NEWPORT AV","HOLT AV",9.00,N,N,A,-,N,,,,,,,,,,N,2,0,1,2,A,-,12,21453,A,N,H,G,A,A,H,-,A,A,0,,Y,,,Y,,L,04,1,0,0,0,0,0,1,0,0,"- ","- ",33.745998382568359,-117.81300354003906,ORANGE,TUSTIN,-117.81387329101562,33.74639892578125
8789654,2019,2019-03-12,3022,2019-01-20,0109,1260,SOUTH,7,5,5,3022,0,0,0,,0,002,"NEWPORT AV","DEL AMO AV",0.00,,Y,A,-,Y,ORA,12,55,-,R,9.206,R,4,N,Y,2,0,2,1,A,-,01,23152,,N,E,I,A,A,H,-,C,A,0,,,,,Y,,D,22,1,1,0,0,0,0,0,0,0,"- ","- ",33.722568511962891,-117.83499145507812,ORANGE,TUSTIN,-117.83705902099609,33.723407745361328
8789720,2019,2019-02-12,3004,2019-01-30,0110,P657,1,3,5,6,3004,0,0,0,,0,015,"WEST 17TH ST","WHITTIER AV",315.00,E,N,A,-,N,,,,,,,,,,N,2,0,3,4,A,-,01,23152,A,N,B,E,A,A,H,-,C,D,0,,,,,Y,Y,A,08,2,1,0,0,0,0,0,0,0,"- ","- ",33.636001586914062,-117.93949890136719,ORANGE,"COSTA MESA",-117.93956756591797,33.63604736328125
8789847,2019,2019-03-14,3001,2019-01-17,0320,A1305,D-1,4,5,7,3001,0,0,0,,0,,"W LINCOLN AV","S GAIN ST",0.00,,Y,C,-,N,,,,,,,,,,Y,2,0,2,2,A,-,09,21802,A,N,D,C,A,B,H,-,C,D,0,,,,Y,Y,,A,01,1,1,0,0,0,0,0,0,0,"- ","- ",,,ORANGE,ANAHEIM,-117.97297668457031,33.832340240478516
8790560,2018,2019-01-31,3022,2018-10-20,1830,1271,,6,5,5,3022,0,0,0,,0,,"IRVINE BL","RANCHWOOD RD",0.00,,Y,A,-,N,,,,,,,,,,N,2,0,1,1,D,-,00,,,N,E,I,A,A,H,-,A,D,0,,,Y,,Y,,-,"- ",1,0,0,0,0,0,0,0,1,"- ","- ",33.739040374755859,-117.79621887207031,ORANGE,TUSTIN,-117.79630279541016,33.739139556884766
8792344,2018,2019-02-25,3001,2018-12-19,1026,1032,,3,5,7,3001,0,0,0,,0,0D2,"S PHILADELPHIA ST","E CLIFTON AV",39.00,N,N,A,-,N,,,,,,,,,,Y,2,0,5,2,A,-,08,22107,,M,D,C,A,A,H,-,A,D,0,,,,,Y,,A,08,1,4,0,0,0,0,0,0,0,"- ","- ",,,ORANGE,ANAHEIM,-117.90546417236328,33.820602416992188
8793834,2019,2019-02-26,3014,2019-01-19,1646,1453,RD29,6,5,5,3014,0,0,0,,0,0A2,"TRADEWINDS LN","HOLIDAY RD",174.00,S,N,A,-,N,,,,,,,,,,N,2,0,1,1,A,-,03,22350,,N,F,A,A,A,H,-,A,D,0,,Y,,,Y,Y,L,04,1,0,0,0,0,0,1,0,0,"- ","- ",33.638538360595703,-117.89726257324219,ORANGE,"NEWPORT BEACH",-117.89717864990234,33.638622283935547
8795467,2018,2019-02-11,3000,2018-12-19,2240,2742,992-J,3,5,5,3017,0,0,0,,0,778,"S AVENIDA DE LA ESTRELLA","AVENIDA PRESIDIO",138.00,N,N,A,-,N,,,,,,,,,,Y,2,0,1,2,A,-,05,21650,,N,G,B,D,A,H,-,C,D,0,Y,,,,Y,,A,01,1,0,0,0,1,0,0,0,0,"- ","- ",,,ORANGE,"SAN CLEMENTE",-117.61121368408203,33.426830291748047
8796330,2018,2019-02-26,3000,2018-12-03,0614,2872,862-B,1,5,5,3050,0,0,0,,0,063,"RANCHO PKWY SOUTH","ORCHARD RD",153.00,N,N,A,-,N,,,,,,,,,,Y,2,0,1,2,A,-,09,21801,A,N,D,C,A,A,H,-,B,D,0,,,,,Y,,D,22,1,0,0,0,0,0,0,0,0,"- ","- ",33.672679901123047,-117.67072296142578,ORANGE,"LAKE FOREST",-117.67066955566406,33.672657012939453
8796719,2018,2019-03-05,3004,2018-12-27,2036,P675,35,4,5,6,3004,0,0,0,,0,002,"FAIR DR","NEWPORT BL",71.00,W,N,A,-,N,,,,,,,,,,N,2,0,1,2,A,-,05,21650,1,N,H,G,A,A,H,-,C,A,0,,Y,,,Y,,L,04,1,0,0,0,0,0,1,0,0,"- ","- ",33.663600921630859,-117.89800262451172,ORANGE,"COSTA MESA",-117.89821624755859,33.663627624511719
8799751,2018,2019-02-28,3015,2018-12-22,0835,1563,147,6,5,6,3015,0,0,0,,0,222,"ORANGE PARK BL","EAST WATERTON AV",0.00,,Y,A,-,N,,,,,,,,,,N,2,0,2,3,A,-,12,22450,A,N,D,G,A,A,H,-,A,A,0,,Y,,,Y,,-,"- ",1,1,0,0,0,0,2,0,0,"- ","- ",,,ORANGE,ORANGE,-117.78314208984375,33.820720672607422
8801125,2019,2019-02-25,3002,2019-01-20,2028,1461,,7,5,4,3002,0,0,0,,0,012,"LAMBERT RD","WANDERING LN",410.00,W,N,B,-,N,,,,,,,,,,N,2,0,2,2,A,-,05,21202,A,N,C,G,A,A,H,-,C,D,0,,Y,,,Y,,L,04,1,1,0,0,0,0,1,0,0,"- ","- ",,,ORANGE,BREA,-117.87338256835938,33.925277709960938
8802301,2019,2019-03-08,3001,2019-02-13,1931,1410,D1,3,5,7,3001,0,0,0,,0,,"NORTH MAGNOLIA AV","WEST CRESCENT AV",17.00,S,N,C,-,N,,,,,,,,,,N,2,0,2,3,D,-,00,,,N,G,B,B,B,H,-,C,A,0,Y,,,,Y,,-,"- ",1,0,1,0,2,0,0,0,0,"- ","- ",,,ORANGE,ANAHEIM,-117.97606658935547,33.839504241943359
8802309,2019,2019-03-11,3001,2019-01-31,1205,1032,,4,5,7,3001,0,0,0,,0,0D2,"STATE COLLEGE BL","ROMNEYA DR",497.00,N,N,B,C,N,,,,,,,,,,Y,2,0,1,1,A,-,03,22350,,N,E,I,A,B,H,-,A,D,0,,,,,Y,,A,01,1,0,0,0,0,0,0,0,0,"- ","- ",,,ORANGE,ANAHEIM,-117.88936614990234,33.85223388671875
8804397,2019,2019-03-06,3012,2019-02-10,2140,568,43,7,5,5,3012,0,0,0,,0,004,"DEXTER ST","EDISON LIGHT POLE #4659725E",127.00,S,N,A,-,N,,,,,,,,,,N,2,0,1,2,A,-,01,23153,B,N,G,B,E,A,H,-,C,D,0,Y,,,,Y,Y,A,07,1,0,0,0,1,0,0,0,0,"- ","- ",,,ORANGE,"LA HABRA",,
8804583,2019,2019-03-06,3026,2019-02-10,1856,352,,7,5,6,3026,0,0,0,,0,00U,BERKELEY,CORNELL,0.00,,Y,A,-,N,,,,,,,,,,N,2,0,1,2,A,-,10,21950,C,N,G,B,B,B,H,-,C,A,0,Y,,,,Y,,A,01,1,0,0,0,1,0,0,0,0,"- ","- ",,,ORANGE,IRVINE,-117.83547973632812,33.649379730224609
8804766,2019,2019-03-07,3008,2019-01-20,2013,1567,,7,5,6,3008,0,0,0,,0,003,"HUGHES DR","BASTANCHURY RD",306.00,N,N,A,-,N,,,,,,,,,,Y,2,0,1,1,A,-,01,23152,A,N,E,I,A,A,H,-,C,D,0,,,,,Y,Y,A,01,1,0,0,0,0,0,0,0,0,"- ","- ",,,ORANGE,FULLERTON,-117.95508575439453,33.879692077636719
8806809,2019,2019-03-12,3002,2019-01-30,1730,1395,,3,5,4,3002,0,0,0,,0,011,"CENTRAL AV","TAMARACK AV",0.00,,Y,A,-,N,,,,,,,,,,N,2,0,1,2,A,-,08,22100,A,N,-,C,A,A,H,-,B,A,0,,,Y,,Y,,A,01,1,0,0,0,0,0,0,0,1,"- ","- ",,,ORANGE,BREA,-117.89917755126953,33.932060241699219
8808033,2018,2019-03-27,3009,2018-09-10,2153,3965,107,1,5,6,3009,0,0,0,,0,013,"WESTMINSTER AV","FLOWER ST",24.00,E,N,A,-,N,,,,,,,,,,Y,1,1,0,3,A,-,11,21954,A,N,G,B,D,A,H,-,C,A,0,Y,,,,Y,,N,60,0,0,0,1,0,0,0,0,0,"- ","- ",33.759479522705078,-117.95485687255859,ORANGE,"GARDEN GROVE",-117.95272064208984,33.759628295898438
8808050,2018,2020-05-22,3019,2018-05-17,1038,2776,SE,4,5,7,3019,0,0,0,,0,003,"GRAND AV","WALNUT ST",7.00,N,N,A,-,N,,,,,,,,,,N,1,1,0,2,A,-,10,21950,A,N,G,B,B,A,H,-,A,D,0,Y,,,,Y,,D,22,0,0,0,1,0,0,0,0,0,"- ","- ",33.744598388671875,-117.85185241699219,ORANGE,"SANTA ANA",-117.8515625,33.744598388671875
8808052,2018,2020-05-26,3001,2018-11-26,2244,A2244,01,1,5,7,3001,0,0,0,,0,015,"LINCOLN AV","S EMPIRE ST",66.00,W,N,A,-,N,,,,,,,,,,Y,1,1,0,4,A,-,01,23152,A,N,B,E,A,A,H,-,C,D,0,,,Y,,Y,Y,C,02,0,0,0,0,0,0,0,1,0,"- ","- ",,,ORANGE,ANAHEIM,-117.95475769042969,33.83245849609375
8808107,2018,2019-04-24,3002,2018-09-01,1129,1395,,6,5,4,3002,0,0,0,,0,012,"CARBON CANYON RD","RT 142",47.00,W,N,A,-,Y,ORA,12,142,-,-,5.080,H,-,E,Y,1,1,2,3,A,-,08,22107,,N,A,C,A,A,H,-,A,D,0,,,Y,,Y,,C,02,0,0,2,0,0,0,0,1,0,"- ","- ",,,ORANGE,BREA,-117.79590606689453,33.932361602783203
8808119,2019,2021-05-25,3010,2019-01-27,0148,2083,174,7,5,6,3010,0,0,0,,0,008,WARNER,BRIGHTWATER,60.00,S,N,A,-,N,,,,,,,,,,Y,1,1,0,1,A,-,03,22350,,N,E,I,A,A,H,-,C,A,0,,,,,Y,Y,A,01,0,0,0,0,0,0,0,0,0,"- ","- ",,,ORANGE,"HUNTINGTON BEACH",-118.0516357421875,33.711818695068359
8808129,2018,2019-05-08,3015,2018-02-20,1802,1017,45E,2,5,6,3015,0,0,0,,0,751,"KATELLA AV",EXTRA,288.00,E,N,A,-,N,,,,,,,,,,Y,1,1,0,2,A,-,01,23153,A,F,D,B,D,A,H,-,B,D,0,Y,,,,Y,Y,A,01,0,0,0,1,0,0,0,0,0,"- ","- ",,,ORANGE,ORANGE,,
8808130,2018,2019-05-08,3015,2018-04-26,1707,1017,57S,4,5,6,3015,0,0,0,,0,751,"ORANGE OLIVE RD","SANTA ANA CANYON RD",0.00,,Y,A,-,N,,,,,,,,,,Y,1,1,0,2,A,-,01,21200,5,N,G,B,A,A,H,-,A,A,0,,Y,,,Y,,L,04,0,0,0,0,0,1,0,0,0,"- ","- ",,,ORANGE,ORANGE,-117.84449005126953,33.841751098632812
8808131,2018,2019-05-08,3015,2018-08-18,2038,1386,65W,6,5,6,3015,0,0,0,,0,711M,"N GLASSELL ST","E QUINCY AV",87.00,N,N,A,-,N,,,,,,,,,,Y,1,1,0,2,A,-,01,23153,G,N,G,B,D,A,H,-,C,D,0,Y,,,,Y,Y,A,01,0,0,0,1,0,0,0,0,0,"- ","- ",,,ORANGE,ORANGE,-117.85308837890625,33.805858612060547
8808165,2018,2019-05-16,3026,2018-07-03,1512,4779,U,2,5,6,3026,0,0,0,,0,00U,"MAIN ST","MCDURMOTT WEST",236.00,W,N,A,-,N,,,,,,,,,,Y,1,1,1,3,A,-,05,21651,B,N,A,D,A,A,H,-,A,D,0,,,,,Y,,A,01,0,1,0,0,0,0,0,0,0,"- ","- ",,,ORANGE,IRVINE,-117.86742401123047,33.691452026367188
8808184,2019,2021-05-25,3010,2019-03-09,2248,2083,6,6,5,6,3010,0,0,0,,0,263,"RT 39",SLATER,103.00,S,N,B,-,Y,ORA,12,39,-,-,4.100,H,-,N,Y,1,1,1,2,A,-,11,21954,A,N,G,B,D,A,H,-,C,D,0,Y,,,,Y,Y,N,60,0,1,0,1,0,0,0,0,0,"- ","- ",,,ORANGE,"HUNTINGTON BEACH",-117.98911285400391,33.708042144775391
8808190,2019,2021-05-25,3001,2019-01-12,1820,415,,6,5,7,3001,0,0,0,,0,0D3,"SOUTH ANAHEIM BL","CERRITOS AV",371.00,N,N,B,-,N,,,,,,,,,,Y,1,1,0,2,A,-,11,21954,A,N,G,B,D,B,H,-,C,A,0,Y,,,,Y,Y,N,60,0,0,0,1,0,0,0,0,0,"- ","- ",,,ORANGE,ANAHEIM,-117.90623474121094,33.811618804931641
8808199,2019,2019-05-31,3004,2019-03-19,2048,P429,20,2,5,6,3004,0,0,0,,0,008,"FAIRVIEW RD","EL CAMINO DR",0.00,,Y,A,-,N,,,,,,,,,,Y,1,1,1,2,A,-,12,21453,A,N,F,A,A,A,H,-,C,A,0,,,Y,,Y,,C,02,0,0,1,0,0,0,0,1,0,"- ","- ",33.676071166992188,-117.90796661376953,ORANGE,"COSTA MESA",-117.90769958496094,33.676040649414062
8808200,2019,2021-05-25,3010,2019-03-30,0211,1207,432,6,5,6,3010,0,0,0,,0,005,"RT 39","ADAMS AV",0.00,,Y,A,-,Y,ORA,12,39,-,-,1.630,I,5,N,Y,1,1,0,2,A,-,01,23152,A,F,D,G,A,A,H,-,C,A,0,,Y,,,Y,Y,A,01,0,0,0,0,0,1,0,0,0,"- ","- ",,,ORANGE,"HUNTINGTON BEACH",-117.98846435546875,33.672069549560547