CASE_ID,ACCIDENT_YEAR,PROC_DATE,JURIS,COLLISION_DATE,COLLISION_TIME,OFFICER_ID,REPORTING_DISTRICT,DAY_OF_WEEK,CHP_SHIFT,POPULATION,CNTY_CITY_LOC,SPECIAL_COND,BEAT_TYPE,CHP_BEAT_TYPE,CITY_DIVISION_LAPD,CHP_BEAT_CLASS,BEAT_NUMBER,PRIMARY_RD,SECONDARY_RD,DISTANCE,DIRECTION,INTERSECTION,WEATHER_1,WEATHER_2,STATE_HWY_IND,CALTRANS_COUNTY,CALTRANS_DISTRICT,STATE_ROUTE,ROUTE_SUFFIX,POSTMILE_PREFIX,POSTMILE,LOCATION_TYPE,RAMP_INTERSECTION,SIDE_OF_HWY,TOW_AWAY,COLLISION_SEVERITY,NUMBER_KILLED,NUMBER_INJURED,PARTY_COUNT,PRIMARY_COLL_FACTOR,PCF_CODE_OF_VIOL,PCF_VIOL_CATEGORY,PCF_VIOLATION,PCF_VIOL_SUBSECTION,HIT_AND_RUN,TYPE_OF_COLLISION,MVIW,PED_ACTION,ROAD_SURFACE,ROAD_COND_1,ROAD_COND_2,LIGHTING,CONTROL_DEVICE,CHP_ROAD_TYPE,PEDESTRIAN_ACCIDENT,BICYCLE_ACCIDENT,MOTORCYCLE_ACCIDENT,TRUCK_ACCIDENT,NOT_PRIVATE_PROPERTY,ALCOHOL_INVOLVED,STWD_VEHTYPE_AT_FAULT,CHP_VEHTYPE_AT_FAULT,COUNT_SEVERE_INJ,COUNT_VISIBLE_INJ,COUNT_COMPLAINT_PAIN,COUNT_PED_KILLED,COUNT_PED_INJURED,COUNT_BICYCLIST_KILLED,COUNT_BICYCLIST_INJURED,COUNT_MC_KILLED,COUNT_MC_INJURED,PRIMARY_RAMP,SECONDARY_RAMP,LATITUDE,LONGITUDE,COUNTY,CITY,POINT_X,POINT_Y
8958276,2019,2019-10-18,3000,2019-08-27,1327,1010,893B2,2,5,4,3048,0,0,0,,0,766,"EL PASEO","LA MIRADA",9.00,N,N,A,-,N,,,,,,,,,,N,2,0,1,2,A,-,10,21950,A,N,A,B,B,A,H,-,A,A,0,Y,,,,Y,,A,01,1,0,0,0,1,0,0,0,0,"- ","- ",,,ORANGE,"RANCHO SANTA MARGARITA",-117.59489440917969,33.642120361328125
8958786,2019,2019-11-01,3004,2019-10-03,1748,P549,23,4,5,6,3004,0,0,0,,0,015,"SUNFLOWER AV","AVENUE OF THE ARTS",0.00,,Y,A,-,N,,,,,,,,,,Y,2,0,2,2,A,-,09,21801,A,N,D,C,A,A,H,-,A,A,0,,,,,Y,,A,01,1,0,1,0,0,0,0,0,0,"- ","- ",33.6939697265625,-117.88083648681641,ORANGE,"COSTA MESA",-117.88105010986328,33.694240570068359
8959221,2019,2019-11-04,3024,2019-10-06,0407,411,P-10,7,5,5,3024,0,0,0,,0,WEST,"GOLDENWEST ST","WESTPARK PL",0.00,,Y,A,-,N,,,,,,,,,,N,2,0,1,2,D,-,00,,,F,G,B,D,A,H,-,C,A,0,Y,,,,Y,,-,"- ",1,0,0,0,1,0,0,0,0,"- ","- ",33.762699127197266,-118.00714111328125,ORANGE,WESTMINSTER,-118.00720977783203,33.762718200683594
8960577,2019,2019-12-24,3015,2019-11-07,2159,1515,61,4,5,6,3015,0,0,0,,0,112,"MAIN ST",PROVIDENCE,117.00,N,N,-,-,N,,,,,,,,,,N,2,0,1,2,A,-,11,21955,,N,G,B,D,-,-,-,-,-,0,Y,,,,Y,,N,60,1,0,0,0,1,0,0,0,0,"- ","- ",,,ORANGE,ORANGE,-117.86734771728516,33.781730651855469
8961409,2019,2019-10-22,3008,2019-09-01,1758,1525,ZONE,7,5,6,3008,0,0,0,,0,0Z1,"EUCLID ST","WILLIAMSON AV",45.00,S,N,A,-,N,,,,,,,,,,Y,2,0,2,2,A,-,09,21804,A,N,H,G,A,A,H,-,A,D,0,,Y,,,Y,,L,04,1,0,1,0,0,0,1,0,0,"- ","- ",,,ORANGE,FULLERTON,-117.94194793701172,33.869056701660156
8961472,2019,2019-11-04,3010,2019-09-28,0128,1251,413,6,5,6,3010,0,0,0,,0,005,NEWLAND,MODALE,36.00,S,N,A,-,N,,,,,,,,,,Y,2,0,1,1,A,-,01,23152,,N,E,I,A,A,H,-,C,D,0,,,,,Y,Y,A,01,1,0,0,0,0,0,0,0,0,"- ","- ",,,ORANGE,"HUNTINGTON BEACH",-117.98020935058594,33.690250396728516
8963085,2019,2019-11-06,3003,2019-10-01,0740,1200,,2,5,5,3003,0,0,0,,0,002,"ARTESIA BL","KINGMAN AV",0.00,,Y,A,-,N,,,,,,,,,,N,2,0,3,3,A,-,03,22350,,N,G,B,B,A,H,-,A,D,0,Y,,,,Y,,A,01,1,0,2,0,1,0,0,0,0,"- ","- ",33.873401641845703,-118.00119781494141,ORANGE,"BUENA PARK",-118.001220703125,33.873489379882812
8963840,2019,2019-10-30,3022,2019-08-31,2211,1281,,6,5,5,3022,0,0,0,,0,,"NEWPORT AV","EL CAMINO REAL",240.00,S,N,A,-,N,,,,,,,,,,N,2,0,1,2,A,-,09,21801,,N,D,C,A,A,H,-,C,A,0,,,Y,,Y,,A,07,1,0,0,0,0,0,0,0,1,"- ","- ",33.738071441650391,-117.82225799560547,ORANGE,TUSTIN,-117.82272338867188,33.737628936767578
8964179,2019,2020-02-07,3011,2019-08-25,1240,31464,34,7,5,4,3011,0,0,0,,0,002,"N COAST HWY","RT 133",179.00,N,N,A,-,Y,ORA,12,1,-,-,9.450,H,-,N,N,2,0,2,2,A,-,08,22107,,N,D,C,A,A,H,-,A,D,0,,,Y,,Y,,C,02,1,1,0,0,0,0,0,0,2,"- ","- ",,,ORANGE,"LAGUNA BEACH",-117.78583526611328,33.542976379394531
8966265,2019,2019-11-01,3004,2019-10-18,2351,P665,09,5,5,6,3004,0,0,0,,0,015,"MEYER PL","ROSS ST",24.00,N,N,A,-,N,,,,,,,,,,Y,2,0,2,2,A,-,01,23152,A,N,E,I,A,A,H,-,C,D,0,,,,,Y,Y,A,01,1,1,0,0,0,0,0,0,0,"- ","- ",33.646358489990234,-117.92472076416016,ORANGE,"COSTA MESA",-117.92479705810547,33.646415710449219
8971302,2018,2019-12-21,3000,2018-12-21,0910,2872,972B2,5,5,4,3018,0,0,0,,0,032,"DEL OBISPO ST","VIA BELARDES",271.00,W,N,A,-,N,,,,,,,,,,Y,2,0,2,2,C,-,18,,,N,G,B,F,A,H,-,A,D,0,Y,,,Y,Y,,-,"- ",1,1,0,0,1,0,0,0,0,"- ","- ",33.498081207275391,-117.67002105712891,ORANGE,"SAN JUAN CAPISTRANO",-117.66996002197266,33.497989654541016
8971745,2019,2019-11-22,3000,2019-10-11,1957,9696,921G7,5,5,5,3040,0,0,0,,0,743,"LA PAZ RD","SHELLEY RD",171.00,N,N,A,-,N,,,,,,,,,,Y,2,0,1,2,A,-,01,23152,A,N,D,C,A,A,H,-,C,D,0,,,Y,,Y,Y,A,01,1,0,0,0,0,0,0,0,1,"- ","- ",,,ORANGE,"LAGUNA NIGUEL",-117.70872497558594,33.558574676513672
8973275,2019,2019-11-14,3024,2019-10-21,1843,411,P15,1,5,5,3024,0,0,0,,0,WEST,"SPRINGDALE ST","ASH ST",0.00,,Y,A,-,N,,,,,,,,,,N,2,0,1,2,A,-,09,21801,A,N,D,C,A,A,H,-,C,A,0,,,Y,,Y,,D,22,1,0,0,0,0,0,0,0,1,"- ","- ",33.758148193359375,-118.02468109130859,ORANGE,WESTMINSTER,-118.02458953857422,33.758129119873047
8973964,2019,2019-11-19,3024,2019-10-30,1025,329,P05,3,5,5,3024,0,0,0,,0,WEST,"GARDEN GROVE BL","EAGLE DR",45.00,E,N,A,-,N,,,,,,,,,,,2,0,1,2,A,-,05,21650,1,F,D,G,A,A,H,-,A,D,0,,Y,,,Y,,L,04,1,0,0,0,0,0,1,0,0,"- ","- ",33.773689270019531,-118.00460815429688,ORANGE,WESTMINSTER,-118.00437927246094,33.773708343505859
8974599,2019,2020-02-06,3011,2019-10-22,1423,31464,71,2,5,4,3011,0,0,0,,0,001,"RT 133","PHILIPS RD",0.00,N,N,A,-,Y,ORA,12,133,-,-,3.090,H,-,N,,2,0,1,1,A,-,01,23152,F,N,E,I,A,A,H,-,A,D,0,,,,,Y,,A,01,1,0,0,0,0,0,0,0,0,"- ","- ",,,ORANGE,"LAGUNA BEACH",-117.76233673095703,33.578174591064453
8975559,2019,2019-11-25,3007,2019-10-11,1855,319,66,5,5,5,3007,0,0,0,,0,003,ELLIS,WARD,28.00,W,N,A,-,N,,,,,,,,,,Y,2,0,1,2,A,-,09,21801,A,N,D,C,A,A,H,-,C,A,0,,,Y,,Y,,A,01,1,0,0,0,0,0,0,0,1,"- ","- ",,,ORANGE,"FOUNTAIN VALLEY",-117.94556427001953,33.694198608398438
8979846,2019,2019-11-25,3009,2019-10-31,1859,3005,114,4,5,6,3009,0,0,0,,0,021,"GARDEN GROVE BL","NELSON ST",0.00,,Y,A,-,N,,,,,,,,,,N,2,0,1,2,A,-,10,21950,A,N,G,B,B,A,H,-,C,A,0,Y,,,,Y,,A,01,1,0,0,0,1,0,0,0,0,"- ","- ",,,ORANGE,"GARDEN GROVE",-117.94516754150391,33.774200439453125
8980013,2019,2019-12-10,3009,2019-09-29,1329,1610,126,7,5,6,3009,0,0,0,,0,"2 3","PARKWAY DR","PARKSIDE LN",145.00,N,N,A,-,N,,,,,,,,,,N,2,0,1,2,C,-,18,,,N,G,B,E,A,H,-,A,D,0,Y,,,,Y,,-,"- ",1,0,0,0,1,0,0,0,0,"- ","- ",,,ORANGE,"GARDEN GROVE",-117.93280792236328,33.76055908203125
8984295,2019,2020-01-07,3001,2019-11-27,2051,1622,3,3,5,7,3001,0,0,0,,0,003,"KATELLA AV","WEST ST",219.00,E,N,B,-,N,,,,,,,,,,,2,0,1,2,A,-,11,21955,,N,G,B,D,B,H,-,C,D,0,Y,,,,Y,,N,60,1,0,0,0,1,0,0,0,0,"- ","- ",33.803199768066406,-117.92401885986328,ORANGE,ANAHEIM,-117.92336273193359,33.803413391113281
8984484,2019,2019-12-30,3015,2019-11-08,1433,1386,RD24,5,5,6,3015,0,0,0,,0,711M,"PROSPECT ST","CHAPMAN AV",172.00,S,N,A,-,N,,,,,,,,,,N,2,0,1,2,A,-,11,21954,A,N,G,B,D,A,H,-,A,D,0,Y,,,,Y,,N,60,1,0,0,0,1,0,0,0,0,"- ","- ",,,ORANGE,ORANGE,-117.81838989257812,33.787326812744141
8985791,2019,2020-01-10,3001,2019-11-23,2329,A1047,,6,5,7,3001,0,0,0,,0,0D1,"BROOKHURST ST","SEQUOIA AV",114.00,N,N,A,-,N,,,,,,,,,,Y,2,0,3,1,A,-,08,22107,,N,E,I,A,A,H,-,C,D,0,,,,,Y,,A,08,1,2,0,0,0,0,0,0,0,"- ","- ",33.841999053955078,-117.95899963378906,ORANGE,ANAHEIM,-117.95900726318359,33.842937469482422
8987821,2019,2020-01-23,3005,2019-11-02,1151,8169,C27,6,5,4,3005,0,0,0,,0,003,"CERRITOS AV","MOODY ST",0.00,,Y,A,-,N,,,,,,,,,,N,2,0,1,2,A,-,09,21801,A,N,D,G,A,A,H,-,A,A,0,,Y,,,Y,,A,07,1,0,0,0,0,0,1,0,0,"- ","- ",,,ORANGE,CYPRESS,-118.04572296142578,33.810268402099609
8991833,2019,2020-01-28,3009,2019-11-09,1420,4576,083,6,5,6,3009,0,0,0,,0,1-2,"GILBERT ST","BLANCHE AV",47.00,N,N,A,-,N,,,,,,,,,,Y,2,0,1,3,A,-,01,23153,A,N,H,G,A,A,H,-,A,D,0,,Y,,,Y,Y,D,22,1,0,0,0,0,0,1,0,0,"- ","- ",,,ORANGE,"GARDEN GROVE",-117.96737670898438,33.786289215087891
8995663,2019,2020-06-09,3000,2019-09-09,1728,5163,922B7,1,5,5,3040,0,0,0,,0,743,"CROWN VALLEY PKWY","RT 5",0.00,,Y,A,-,Y,ORA,12,5,-,-,13.609,R,4,S,Y,2,0,1,2,D,-,00,,,N,D,C,A,A,H,-,A,A,0,,,Y,,Y,,-,"- ",1,0,0,0,0,0,0,0,1,"- ",SO,,,ORANGE,"LAGUNA NIGUEL",-117.67311859130859,33.556751251220703
8996990,2019,2020-09-17,3003,2019-11-14,2105,1226,,4,5,5,3003,0,0,0,,0,001,"BEACH BL","AUTO CENTER DR",0.00,,Y,A,-,Y,ORA,12,39,-,-,15.150,I,5,N,N,2,0,1,2,A,-,10,21950,A,N,G,B,B,A,H,-,C,A,0,Y,,,,Y,Y,A,01,1,0,0,0,1,0,0,0,0,"- ","- ",33.867618560791016,-117.99799346923828,ORANGE,"BUENA PARK",-117.99808502197266,33.867355346679688
90022310,2015,2015-10-19,9675,2015-09-22,1829,017504,,2,2,7,3001,0,1,3,,2,571,"SR-57 SOUTHBOUND","SOUTH ST.",80.00,N,N,B,-,Y,,,57,,,,,,S,Y,2,0,1,1,A,-,08,22107,,N,F,A,A,A,H,-,A,D,0,,,Y,,Y,,C,02,1,0,0,0,0,0,0,0,1,"- ","- ",33.843220000000002,-117.87618000000001,ORANGE,ANAHEIM,-117.87621286,33.843219920000003
90023920,2015,2015-10-19,9675,2015-09-26,1820,019471,,6,2,6,3004,0,1,1,,2,405,"I-405 N/B","BRISTOL ST",500.00,N,N,A,-,Y,,,405,,,,,,N,Y,2,0,3,3,A,-,03,22350,,N,C,C,A,A,H,-,A,D,0,,,,Y,Y,,A,01,1,0,2,0,0,0,0,0,0,"- ","- ",33.687570000000001,-117.88901,ORANGE,"COSTA MESA",-117.88901027,33.687536459999997
90024807,2015,2015-10-19,9690,2015-09-25,1339,018840,,5,1,5,3017,0,1,1,,2,059,"I-5 S/B (SAN DIEGO FRWY)","EL CAMINO REAL",1000.00,N,N,A,-,Y,,,5,,,,,,S,Y,2,0,1,1,A,-,08,22107,,N,F,A,A,A,H,-,A,D,0,,,Y,,Y,,C,02,1,0,0,0,0,0,0,0,1,"- ","- ",33.419110000000003,-117.60545,ORANGE,"SAN CLEMENTE",-117.60545058,33.419109489999997
90025533,2015,2015-10-19,9675,2015-09-24,1929,018733,,4,2,7,3001,0,1,3,,2,571,"SR-57 S/B FROM E/B LINCON AVE.","LINCOLN AVE.",20.00,S,N,A,-,Y,,,57,,,,R,,S,N,2,0,1,2,A,-,08,22107,,N,A,G,A,A,H,-,C,D,0,,Y,,,Y,,L,04,1,0,0,0,0,0,1,0,0,"- ","- ",33.838030000000003,-117.87866,ORANGE,ANAHEIM,-117.87866,33.838030000000003
90027577,2015,2015-10-19,9675,2015-10-01,1655,017833,,4,2,6,3026,0,1,1,,2,530,"I-5 NORTHBOUND","CULVER DR",975.00,S,N,A,-,Y,,,5,,,,,,N,Y,2,0,1,1,A,-,03,22350,,N,F,A,A,A,H,-,A,A,0,,,Y,,Y,,C,02,1,0,0,0,0,0,0,0,1,"- ","- ",33.707680000000003,-117.78013,ORANGE,IRVINE,-117.78001503999999,33.707776250000002
90030156,2015,2015-10-29,9675,2015-10-10,0250,017043,,6,3,6,3026,0,1,1,,2,406,"I-405 N/B","JAMBOREE ROAD",2250.00,S,N,A,-,Y,,,405,,,,,,N,Y,2,0,1,3,A,-,01,23152,A,N,C,C,A,A,H,-,C,D,0,,,,,Y,Y,A,01,1,0,0,0,0,0,0,0,0,"- ","- ",33.67483,-117.83772,ORANGE,IRVINE,-117.83776958,33.674690640000001
90031169,2015,2015-10-29,9690,2015-09-27,0244,018953,,7,3,5,3017,0,1,1,,2,059,"I-5 S/B (SAN DIEGO FRWY)","AVENIDA VISTA HERMOSA",1055.00,N,N,B,-,Y,,,5,,,,,,S,Y,2,0,1,1,A,-,01,23152,A,N,E,J,A,A,D,-,C,D,0,,,,,Y,Y,A,01,1,0,0,0,0,0,0,0,0,"- ","- ",33.447420000000001,-117.63557,ORANGE,"SAN CLEMENTE",-117.63554331,33.447473240000001
90031971,2015,2015-10-19,9675,2015-09-23,0513,016754,,3,3,7,3001,0,1,3,,2,571,"SR-57 NORTHBOUND FROM LINCOLN AVENUE","LINCOLN AVE",16.00,N,N,A,-,Y,,,57,,,,R,,N,N,2,0,1,2,A,-,11,21954,A,N,G,B,D,A,H,-,C,D,0,Y,,,,Y,,N,60,1,0,0,0,1,0,0,0,0,"- ","- ",33.837569999999999,-117.87339,ORANGE,ANAHEIM,-117.87339,33.837569999999999
90032151,2015,2015-10-19,9675,2015-10-07,0915,015670,,3,1,6,3015,0,1,3,,2,572,"SR-57 SOUTHBOUND","CHAPMAN AVE",1500.00,N,N,A,-,Y,,,,,,,,,,Y,2,0,1,3,A,-,03,22350,,N,B,C,A,A,H,-,A,D,0,,,Y,,Y,,C,02,1,0,0,0,0,0,0,0,1,"- ","- ",33.792099999999998,-117.07962999999999,ORANGE,ORANGE,-117.8797534,33.791964950000001
90032656,2015,2015-11-03,9690,2015-09-24,2225,020366,,4,3,9,3000,0,1,3,,2,011,"SR 1 (PACIFIC COAST HWY)","EL MORO CANYON ROAD",212.00,S,N,A,-,Y,,,1,,,,,,,Y,2,0,2,2,A,-,01,23153,A,N,C,C,A,A,H,-,C,A,0,,,,,Y,,A,01,1,1,0,0,0,0,0,0,0,"- ","- ",33.563630000000003,-117.82496999999999,ORANGE,UNINCORPORATED,-117.82497438999999,33.563623659999998
90033401,2015,2015-10-19,9675,2015-10-07,0204,018039,,3,3,4,3002,0,3,5,,2,002,"BREA BOULEVARD","TONNER CYN RD",3696.00,S,N,A,-,Y,,,,,,,,,,Y,2,0,1,1,A,-,03,22350,,N,E,I,A,A,H,-,D,D,0,,,Y,,Y,,C,02,1,0,0,0,0,0,0,0,1,"- ","- ",33.939309999999999,-117.89089,ORANGE,BREA,,
9003806,2019,2020-02-25,3007,2019-11-28,2120,235,,4,5,5,3007,0,0,0,,0,,"ELLIS AV","BROOKHURST ST",80.00,E,N,B,C,N,,,,,,,,,,Y,2,0,1,2,A,-,08,22107,,N,D,C,A,B,H,-,C,D,0,,,,,Y,,J,48,1,0,0,0,0,0,0,0,0,"- ","- ",33.694179534912109,-117.95424652099609,ORANGE,"FOUNTAIN VALLEY",-117.95401000976562,33.694141387939453
90042267,2015,2015-11-02,9670,2015-10-28,1755,019707,,3,2,5,3003,0,1,3,,2,091,"SR-91 W/B BEACH BLVD. OFF RAMP","BEACH BLVD.",4.00,E,N,A,-,Y,,,91,,,,R,,W,N,2,0,1,2,A,-,12,21453,A,N,G,B,B,A,H,-,B,A,0,Y,,,,Y,,D,22,1,0,0,0,1,0,0,0,0,"- ","- ",33.857140000000001,-117.99778999999999,ORANGE,"BUENA PARK",-117.99778999999999,33.857140000000001
9004413,2019,2020-01-09,3012,2019-11-02,1356,623,25,6,5,5,3012,0,0,0,,0,002,"LA HABRA BL","ALDRICH ST",61.00,E,N,A,-,N,,,,,,,,,,N,2,0,2,2,A,-,09,21804,A,N,D,C,A,A,H,-,A,D,0,,,Y,,Y,,A,01,1,1,0,0,0,0,0,0,1,"- ","- ",,,ORANGE,"LA HABRA",-117.94306182861328,33.931869506835938
90046614,2015,2015-11-09,9670,2015-10-22,2236,020455,,4,3,5,3003,0,1,3,,2,092,"SR-91 E/B (RIVERSIDE FWY.)","I-5 S/B",1229.00,W,N,A,-,Y,,,91,,,,,,E,Y,2,0,1,1,A,-,03,22350,,N,E,I,A,A,H,-,C,D,0,,,,,Y,,A,07,1,0,0,0,0,0,0,0,0,"- ","- ",33.855930000000001,-117.98569999999999,ORANGE,"BUENA PARK",-117.98571276,33.856108249999998
90046781,2015,2015-11-09,9675,2015-10-14,1513,14533,,3,2,6,3026,0,1,1,,2,503,"I-5 (SAN DIEGO FWY.) N/B","CULVER DRIVE",1800.00,S,N,A,-,Y,,,5,,,,,,N,Y,2,0,2,3,A,-,07,21658,,N,B,C,A,B,H,-,A,D,0,,,Y,,Y,,A,01,1,0,1,0,0,0,0,0,1,"- ","- ",33.705629999999999,-117.77851,ORANGE,IRVINE,-117.77846725000001,33.705658229999997
90054496,2015,2015-11-19,9670,2015-11-05,1703,019808,,4,2,4,3020,0,1,1,,2,061,"I-605 S/B TO I-405 N/B","I-605 S/B",650.00,W,N,A,-,Y,,,605,,,,R,,S,Y,2,0,1,1,A,-,03,22350,,N,F,A,A,A,H,-,B,D,0,,,Y,,Y,,C,02,1,0,0,0,0,0,0,0,1,"- ","- ",33.786819999999999,-118.09304,ORANGE,"SEAL BEACH",-118.09304,33.786819999999999
90055926,2015,2015-11-20,9675,2015-11-15,1155,019171,,7,1,7,3019,0,1,1,,2,520,"I-5 NB (SANTA ANA FWY)","LINCOLN AVE",800.00,S,N,A,-,Y,,,5,,,,,,N,N,2,0,1,2,A,-,03,22350,,N,C,C,A,A,H,-,A,D,0,,,Y,,Y,,C,02,1,0,0,0,0,0,0,0,1,"- ","- ",33.756610000000002,-117.85583,ORANGE,"SANTA ANA",-117.85574636,33.75679848
90057488,2015,2015-11-23,9690,2015-11-21,1138,018840,,6,1,5,3017,0,1,1,,2,059,"I-5 N/B (SAN DIEGO FRWY)","AVENIDA PICO",20.00,N,N,A,-,Y,,,5,,,,,,N,N,2,0,1,3,A,-,07,21658,A,N,F,A,A,A,D,-,A,D,0,,,Y,,Y,,C,02,1,0,0,0,0,0,0,0,1,"- ","- ",33.439059999999998,-117.62246,ORANGE,"SAN CLEMENTE",-117.62246138,33.439057470000002
90057636,2015,2015-11-23,9690,2015-11-19,1353,016128,,4,1,9,3000,0,1,3,,1,074,"SR 74 W/B (ORTEGA HWY)","ANTONIO PKWY",0.00,,Y,A,-,Y,,,,,,,,,,Y,2,0,1,2,A,-,04,21703,,N,C,C,A,A,H,-,A,A,0,,,,,Y,,A,01,1,0,0,0,0,0,0,0,0,"- ","- ",,,ORANGE,UNINCORPORATED,,
90057771,2015,2015-11-23,9675,2015-10-02,0950,014497,,5,1,9,3000,0,3,5,,2,004,"IRVINE AVENUE","MONTE VISTA AVENUE",0.00,,Y,A,-,N,,,,,,,,,,Y,1,1,3,2,A,-,09,21802,A,N,D,C,A,A,H,-,A,A,0,,,,,Y,,A,01,0,2,1,0,0,0,0,0,0,"- ","- ",33.653089999999999,-117.88983,ORANGE,UNINCORPORATED,-117.8898501,33.653090040000002
90058102,2015,2015-11-24,9670,2015-11-22,2305,018757,,7,3,5,3024,0,1,1,,2,042,"I-405 N/B","BEACH BLVD",570.00,N,N,A,-,Y,,,,,,,,,,Y,2,0,5,1,A,-,01,23152,A,N,E,I,A,A,H,-,C,D,0,,,,,Y,Y,A,07,1,4,0,0,0,0,0,0,0,"- ","- ",33.44023,-117.59238000000001,ORANGE,WESTMINSTER,-117.99084731000001,33.73387013
90061683,2015,2015-12-24,9690,2015-10-20,0907,014552,,2,1,5,3050,0,1,1,,2,055,"I-5 N/B (SAN DIEGO FRWY)","EL TORO ROAD",2006.00,N,N,A,-,Y,,,,,,,,,,Y,1,1,2,2,A,-,08,22107,,N,D,C,A,A,H,-,A,D,0,,,,Y,Y,,A,01,1,0,1,0,0,0,0,0,0,"- ","- ",33.37106,-117.42409000000001,ORANGE,"LAKE FOREST",-117.71178853000001,33.619064680000001
90063945,2015,2015-12-02,9675,2015-11-20,1515,019979,,5,2,7,3001,0,1,3,,2,095,"SR-91 EASTBOUND","GYPSUM CYN ROAD",600.00,W,N,A,-,Y,,,91,,,,,,E,Y,2,0,1,2,A,-,08,22107,,N,B,C,A,A,H,-,A,D,0,,,Y,,Y,,C,02,1,0,0,0,0,0,0,0,1,"- ","- ",33.867249999999999,-117.72591,ORANGE,ANAHEIM,-117.72587942,33.867379579999998
90066787,2015,2015-12-07,9690,2015-11-29,0855,020446,,7,1,9,3000,0,1,3,,1,074,"SR-74 (ORTEGA HWY)","MPM 8",22.00,W,N,A,-,Y,,,74,,,,,,,Y,2,0,1,2,A,-,09,21801,A,N,D,C,A,A,H,-,A,A,0,,,Y,,Y,,D,22,1,0,0,0,0,0,0,0,1,"- ","- ",33.539700000000003,-117.54866,ORANGE,UNINCORPORATED,-117.54877289,33.539734359999997
90072501,2015,2015-12-14,9670,2015-12-13,0336,021139,,7,3,6,3009,0,1,3,,2,024,"SR-22 E/B","GARDEN GROVE BOULEVARD",390.00,W,N,A,-,Y,,,22,,,,,,E,Y,2,0,1,2,A,-,01,23152,A,N,C,C,A,A,H,-,C,D,0,,,,,Y,Y,A,01,1,0,0,0,0,0,0,0,0,"- ","- ",33.773850000000003,-117.90569000000001,ORANGE,"GARDEN GROVE",-117.90574006,33.773946590000001
9007431,2019,2019-12-18,3001,2019-10-02,0737,1007,N,3,5,7,3001,0,0,0,,0,013,"CERRITOS AV","GARZA ST",28.00,E,-,A,-,N,,,,,,,,,,N,2,0,1,2,A,-,08,22107,,N,D,G,A,A,H,-,A,D,0,,Y,,,Y,,L,04,1,0,0,0,0,0,1,0,0,"- ","- ",,,ORANGE,ANAHEIM,-117.97017669677734,33.810371398925781
90080754,2015,2015-12-23,9675,2015-12-17,0630,018005,,4,1,6,3015,0,1,1,,2,520,"I-5 SOUTHBOUND","CHAPMAN AVE",350.00,N,N,A,-,Y,,,5,,,,,,S,Y,2,0,1,2,A,-,07,21658,A,F,B,C,A,A,H,-,C,D,0,,,Y,,Y,,D,22,1,0,0,0,0,0,0,0,1,"- ","- ",33.790509999999998,-117.88871,ORANGE,ORANGE,-117.88884673,33.79035726
90082661,2015,2015-12-28,9670,2015-12-01,1520,018534,,2,2,5,3007,0,1,1,,2,041,"I-405 S/B","WARD ST",2.00,N,N,A,-,Y,,,405,,,,,,S,Y,2,0,1,1,A,-,01,23152,A,N,E,I,A,A,H,-,A,D,0,,,,,Y,Y,A,08,1,0,0,0,0,0,0,0,0,"- ","- ",33.699979999999996,-117.94583,ORANGE,"FOUNTAIN VALLEY",-117.94583747,33.699962069999998
90083666,2015,2015-12-28,9675,2015-12-20,0053,019018,,7,3,9,3000,0,2,4,,2,034,"SANTIAGO CANYON ROAD","HAUL RD",794.00,S,N,A,-,N,,,,,,,,,,Y,2,0,1,1,A,-,03,22350,,N,E,I,A,A,H,-,D,D,0,,,,,Y,,A,07,1,0,0,0,0,0,0,0,0,"- ","- ",33.756689999999999,-117.69747,ORANGE,UNINCORPORATED,-117.70899,33.762002000000003
90084620,2015,2015-12-29,9670,2015-12-24,1050,020605,,4,1,5,3007,0,1,1,,2,041,"I-405 S/B","MAGNOLIA ST",528.00,S,N,A,-,Y,,,405,,,,,,S,Y,2,0,2,4,A,-,07,21658,A,N,E,I,A,A,H,-,A,D,0,,,,,Y,,A,07,1,1,0,0,0,0,0,0,0,"- ","- ",33.719230000000003,-117.97108,ORANGE,"FOUNTAIN VALLEY",-117.97115465,33.719143899999999
90084641,2015,2015-12-29,9675,2015-12-15,1741,016944,,2,2,7,3019,0,1,3,,2,222,"SR-22 E/B TO I-5 S/B","BRISTOL ST",2112.00,E,N,A,-,Y,,,22,,,,R,,E,Y,2,0,1,1,A,-,03,22350,,N,F,A,A,A,H,-,A,D,0,,,Y,,Y,,C,02,1,0,0,0,0,0,0,0,1,"- ","- ",33.77814,-117.87643,ORANGE,"SANTA ANA",-117.87643,33.77814
90086511,2015,2015-12-31,9675,2015-10-22,1612,017993,,4,2,7,3001,0,1,3,,2,094,"SR-91 WESTBOUND","IMPERIAL HIGHWAY",2400.00,W,N,A,-,Y,,,91,,,,,,W,Y,2,0,9,6,A,-,03,22350,,N,C,C,A,A,H,-,A,D,0,,,Y,,Y,,A,08,1,3,5,0,0,0,0,0,1,"- ","- ",33.854430000000001,-117.7987,ORANGE,ANAHEIM,-117.79869863,33.854487460000001