CASE_ID,ACCIDENT_YEAR,PROC_DATE,JURIS,COLLISION_DATE,COLLISION_TIME,OFFICER_ID,REPORTING_DISTRICT,DAY_OF_WEEK,CHP_SHIFT,POPULATION,CNTY_CITY_LOC,SPECIAL_COND,BEAT_TYPE,CHP_BEAT_TYPE,CITY_DIVISION_LAPD,CHP_BEAT_CLASS,BEAT_NUMBER,PRIMARY_RD,SECONDARY_RD,DISTANCE,DIRECTION,INTERSECTION,WEATHER_1,WEATHER_2,STATE_HWY_IND,CALTRANS_COUNTY,CALTRANS_DISTRICT,STATE_ROUTE,ROUTE_SUFFIX,POSTMILE_PREFIX,POSTMILE,LOCATION_TYPE,RAMP_INTERSECTION,SIDE_OF_HWY,TOW_AWAY,COLLISION_SEVERITY,NUMBER_KILLED,NUMBER_INJURED,PARTY_COUNT,PRIMARY_COLL_FACTOR,PCF_CODE_OF_VIOL,PCF_VIOL_CATEGORY,PCF_VIOLATION,PCF_VIOL_SUBSECTION,HIT_AND_RUN,TYPE_OF_COLLISION,MVIW,PED_ACTION,ROAD_SURFACE,ROAD_COND_1,ROAD_COND_2,LIGHTING,CONTROL_DEVICE,CHP_ROAD_TYPE,PEDESTRIAN_ACCIDENT,BICYCLE_ACCIDENT,MOTORCYCLE_ACCIDENT,TRUCK_ACCIDENT,NOT_PRIVATE_PROPERTY,ALCOHOL_INVOLVED,STWD_VEHTYPE_AT_FAULT,CHP_VEHTYPE_AT_FAULT,COUNT_SEVERE_INJ,COUNT_VISIBLE_INJ,COUNT_COMPLAINT_PAIN,COUNT_PED_KILLED,COUNT_PED_INJURED,COUNT_BICYCLIST_KILLED,COUNT_BICYCLIST_INJURED,COUNT_MC_KILLED,COUNT_MC_INJURED,PRIMARY_RAMP,SECONDARY_RAMP,LATITUDE,LONGITUDE,COUNTY,CITY,POINT_X,POINT_Y
91535410,2021,2021-08-03,9675,2021-07-23,0252,021716,,5,3,7,3019,0,1,3,,2,551,"SR-55 NORTHBOUND","MCFADDEN AVE.",855.00,N,N,A,-,Y,,,55,,,,,,N,Y,2,0,1,1,A,-,07,21658,A,N,F,A,A,A,H,-,C,D,0,,,Y,,Y,,C,02,1,0,0,0,0,0,0,0,1,"- ","- ",33.736278533935547,-117.83352661132812,ORANGE,"SANTA ANA",-117.83359527587891,33.736278533935547
91537147,2021,2021-08-05,9675,2021-07-24,0240,022536,,6,3,7,3001,0,1,3,,2,095,"SR-91 EASTBOUND","GYPSUM CANYON ROAD",4000.00,W,N,A,-,Y,,,91,,,,,,E,Y,2,0,1,1,A,-,03,22350,,N,F,A,A,A,H,-,C,D,0,,,Y,,Y,,C,02,1,0,0,0,0,0,0,0,1,"- ","- ",33.866561889648438,-117.72030639648438,ORANGE,ANAHEIM,-117.72029876708984,33.866634368896484
91538701,2021,2021-08-06,9675,2021-07-29,1543,019938,,4,2,6,3026,0,1,1,,2,530,"I-5 NORTHBOUND","CULVER DR",1600.00,N,N,A,-,Y,,,5,,,,,,N,Y,2,0,1,2,A,-,07,21658,A,F,F,A,A,A,H,-,A,D,0,,,Y,,Y,,-,99,1,0,0,0,0,0,0,0,1,"- ","- ",33.71343994140625,-117.78595733642578,ORANGE,IRVINE,-117.78598785400391,33.713401794433594
91538975,2021,2021-08-06,9690,2021-07-28,1910,020086,,3,2,4,3029,0,1,1,,2,058,"I-5 N/B (SAN DIEGO FRWY)","CAMINO DE ESTRELLA",1000.00,N,N,A,-,Y,,,,,,,,,,Y,2,0,3,3,A,-,08,22107,,N,D,C,A,A,H,-,A,D,0,,,,,Y,,A,01,2,0,1,0,0,0,0,0,0,"- ","- ",33.447689056396484,-117.63548278808594,ORANGE,"DANA POINT",-117.65884399414062,33.460399627685547
91539729,2021,2021-08-09,9670,2021-04-26,0117,021755,,1,3,5,3024,0,1,1,,2,040,"INTERSTATE 405 NORTHBOUND","NEWLAND STREET",318.00,S,N,B,C,Y,,,405,,,,,,N,Y,1,1,1,2,C,-,18,,,N,C,C,A,B,D,E,D,D,0,,,,,Y,,-,"- ",0,0,1,0,0,0,0,0,0,"- ","- ",33.726181030273438,-117.97969055175781,ORANGE,WESTMINSTER,-117.97970581054688,33.726161956787109
91542471,2021,2021-08-11,9675,2021-08-01,0253,021305,,7,3,6,3026,0,1,1,,2,407,"I-405 SOUTHBOUND","IRVINE CENTER DR",1650.00,S,N,A,-,Y,,,405,,,,,,S,N,2,0,2,1,A,-,08,22107,,N,E,I,A,A,H,-,C,D,0,,,,,Y,Y,A,01,1,1,0,0,0,0,0,0,0,"- ","- ",33.646659851074219,-117.74140930175781,ORANGE,IRVINE,-117.74151611328125,33.64630126953125
91542592,2021,2021-08-11,9675,2021-08-02,0215,021388,,1,3,6,3026,0,1,1,,2,407,"I-405 SOUTHBOUND","IRVINE CENTER DR",1700.00,S,N,A,-,Y,,,405,,,,,,S,Y,2,0,1,1,A,-,08,22107,,N,E,I,A,A,H,-,D,D,0,,,,,Y,,A,01,1,0,0,0,0,0,0,0,0,"- ","- ",33.646339416503906,-117.74138641357422,ORANGE,IRVINE,-117.74140930175781,33.646270751953125
91545517,2021,2021-08-16,9670,2021-08-06,0955,019420,,5,1,3,3013,0,1,1,,2,060,"I-605 N/B","KATELLA AVE",1200.00,S,N,A,-,Y,,,605,,,,,,N,Y,2,0,1,2,A,-,03,22350,,N,C,C,A,A,H,-,A,D,0,,,Y,,Y,,C,02,1,0,0,0,0,0,0,0,1,"- ","- ",33.794788360595703,-118.08698272705078,ORANGE,"LOS ALAMITOS",-118.08698272705078,33.794792175292969
9154631,2020,2021-03-12,3026,2020-04-22,1209,4991,,3,5,6,3026,0,0,0,,0,00P,"IRVINE BL",BOSQUE,0.00,,Y,A,-,N,,,,,,,,,,Y,2,0,2,2,A,-,12,21453,A,N,D,C,A,A,H,-,A,A,0,,,,,Y,,D,22,1,0,1,0,0,0,0,0,0,"- ","- ",,,ORANGE,IRVINE,-117.72583770751953,33.689861297607422
91547784,2021,2021-08-18,9670,2021-08-14,0200,022065,,6,3,6,3008,0,1,3,,2,093,"SR-91 W/B","HARBOR BLVD",1584.00,W,N,A,-,Y,,,91,,,,,,W,Y,2,0,1,1,A,-,01,23152,A,N,F,A,A,A,H,-,D,D,0,,,Y,,Y,Y,C,02,1,0,0,0,0,0,0,0,1,"- ","- ",33.854290008544922,-117.93057250976562,ORANGE,FULLERTON,-117.93057250976562,33.854213714599609
91548258,2021,2021-08-18,9690,2021-08-07,0110,021924,,6,3,5,3028,0,1,1,,2,056,"INTERSTATE 5 NORTHBOUND (SAN DIEGO FWY)","OSO PARKWAY",1056.00,N,N,A,-,Y,,,5,,,,,,N,Y,2,0,1,2,A,-,03,22350,,N,C,C,A,A,H,-,D,D,0,,,,,Y,,A,01,1,0,0,0,0,0,0,0,0,"- ","- ",33.583839416503906,-117.67150115966797,ORANGE,"MISSION VIEJO",-117.67156219482422,33.583843231201172
9155226,2020,2020-11-04,3009,2020-09-08,0035,4659,075,2,5,6,3009,0,0,0,,0,013,"MAGNOLIA ST","LARSON AV",31.00,S,N,A,-,N,,,,,,,,,,Y,2,0,1,1,A,-,08,22107,,N,E,I,A,A,H,-,C,D,0,,,Y,,Y,,C,02,1,0,0,0,0,0,0,0,1,"- ","- ",,,ORANGE,"GARDEN GROVE",-117.97254943847656,33.771636962890625
91552952,2021,2021-08-24,9675,2021-08-15,0945,020027,,7,1,6,3004,0,1,3,,2,553,"SR-55 SOUTHBOUND","SANTA ISABEL AVE",300.00,N,N,A,-,Y,,,55,,,,,,S,Y,2,0,1,2,A,-,03,22350,,N,C,C,A,A,H,-,A,D,0,,,Y,,Y,,C,02,1,0,0,0,0,0,0,0,1,"- ","- ",33.658420562744141,-117.90252685546875,ORANGE,"COSTA MESA",-117.90242004394531,33.658313751220703
91554161,2021,2021-08-25,9675,2021-08-13,1630,019942,,5,2,7,3001,0,1,3,,2,093,"SR-91 WESTBOUND","LAKEVIEW AVE",1258.00,E,N,A,-,Y,,,91,,,,,,W,N,2,0,1,3,A,-,03,22350,,N,B,C,A,A,H,-,A,D,0,,,Y,,Y,,C,02,1,0,0,0,0,0,0,0,1,"- ","- ",33.853420257568359,-117.81105804443359,ORANGE,ANAHEIM,-117.81108093261719,33.853458404541016
91556961,2021,2021-08-27,9675,2021-08-19,1240,015914,,4,1,7,3019,0,1,3,,2,552,"SR-55 SOUTHBOUND","MAIN ST",100.00,N,N,A,-,Y,,,55,,,,,,S,N,2,0,1,1,A,-,08,22107,,N,E,I,A,A,H,-,A,D,0,,,Y,,Y,,C,02,1,0,0,0,0,0,0,0,1,"- ","- ",33.692821502685547,-117.86736297607422,ORANGE,"SANTA ANA",-117.86719512939453,33.692676544189453
91557242,2021,2021-08-27,9670,2021-08-14,1350,021543,,6,1,5,3003,0,1,1,,2,500,"I-5 N/B FROM ORANGETHORPE AVE","ORANGETHORPE AVE",300.00,N,N,A,-,Y,,,5,,,,R,,N,Y,2,0,1,1,A,-,03,22350,,N,E,J,A,A,H,-,A,D,0,,,Y,,Y,,C,02,1,0,0,0,0,0,0,0,1,"- ","- ",33.859439849853516,-117.98249053955078,ORANGE,"BUENA PARK",-117.98249053955078,33.859439849853516
91557878,2021,2021-08-30,9670,2021-08-15,2025,021543,,7,2,5,3024,0,1,1,,2,430,"SOUTHBOUND INTERSTATE 405 (SAN DIEGO FREEWAY)","BOLSA CHICA ROAD",1056.00,S,N,A,-,Y,,,405,,,,,,,Y,2,0,1,3,A,-,08,22107,,F,E,J,A,A,D,E,C,D,0,,,Y,,Y,,A,01,1,0,0,0,0,0,0,0,1,"- ","- ",33.772739410400391,-118.03855133056641,ORANGE,WESTMINSTER,-118.03859710693359,33.772670745849609
91558657,2021,2021-09-08,9675,2021-08-22,1740,018985,,7,2,6,3004,0,1,1,,2,405,"I-405 N/B TO SR-55 S/B","RED HILL AVE.",2750.00,N,N,A,-,Y,,,405,,,,R,,N,Y,1,1,0,1,A,-,08,22107,,N,E,I,A,A,H,-,A,D,0,,,Y,,Y,,C,02,0,0,0,0,0,0,0,1,0,"- ","- ",33.685939788818359,-117.87493133544922,ORANGE,"COSTA MESA",-117.87493133544922,33.685939788818359
91563862,2021,2021-09-07,9675,2021-08-27,1500,020923,,5,2,6,3015,0,1,3,,2,551,"SR-55 S/B","CHAPMAN AVE.",1400.00,S,N,A,-,Y,,,55,,,,,,S,Y,2,0,3,6,A,-,03,22350,,N,C,C,A,A,H,-,A,D,0,,,,,Y,,A,01,1,2,0,0,0,0,0,0,0,"- ","- ",33.783679962158203,-117.83122253417969,ORANGE,ORANGE,-117.83124542236328,33.783679962158203
91565304,2021,2021-09-08,9690,2021-08-28,0845,014552,,6,1,9,3000,0,2,4,,2,030,"E SANTIAGO CANYON ROAD","RIDGELINE ROAD",0.00,,Y,B,-,N,,,,,,,,,,Y,2,0,1,2,A,-,09,21801,A,F,D,G,A,A,H,-,A,D,0,,Y,,,Y,,A,01,1,0,0,0,0,0,1,0,0,"- ","- ",33.690601348876953,-117.62644958496094,ORANGE,UNINCORPORATED,-117.62632751464844,33.690608978271484
91566704,2021,2021-09-09,9675,2021-09-02,0840,017773,,4,1,6,3004,0,1,1,,2,405,"I-405 N/B TO BRISTOL ST","BRISTOL ST",15.00,S,N,A,-,Y,,,405,,,,R,,N,N,2,0,1,2,A,-,09,21453,B,N,D,G,A,A,H,-,A,A,0,,Y,,,Y,,D,22,1,0,0,0,0,0,1,0,0,"- ","- ",33.688838958740234,-117.88526916503906,ORANGE,"COSTA MESA",-117.88526916503906,33.688838958740234
91567853,2021,2021-09-13,9675,2021-08-30,2250,021225,,1,3,6,3015,0,1,3,,2,222,"SR-22 WESTBOUND TO I-5 NORTHBOUND","BEDFORD RD",750.00,W,N,A,-,Y,,,22,,,,R,,W,Y,2,0,2,1,A,-,01,23152,A,N,E,I,A,A,H,-,C,D,0,,,,,Y,Y,A,01,1,1,0,0,0,0,0,0,0,"- ","- ",33.778518676757812,-117.87210845947266,ORANGE,ORANGE,-117.87210845947266,33.778518676757812
91568340,2021,2021-11-02,9670,2021-08-24,2308,021579,,2,3,7,3001,0,1,1,,2,500,"I-5 N/B","MAGNOLIA AVE",650.00,S,N,A,-,Y,,,,,,,,,,Y,2,0,1,2,A,-,03,22350,,N,C,C,A,A,D,E,D,D,0,,,Y,,Y,,-,"- ",1,0,0,0,0,0,0,0,1,"- ","- ",33.511421203613281,-117.58280944824219,ORANGE,ANAHEIM,-117.97472381591797,33.854103088378906
91570664,2021,2021-09-15,9690,2021-09-04,2000,020086,,6,2,5,3017,0,1,1,,2,059,"I-5 S/B (SAN DIEGO FRWY)","AVENIDA PRESIDIO",2000.00,N,N,A,-,Y,,,5,,,,,,S,Y,2,0,4,3,A,-,03,22350,,N,C,C,A,A,H,-,D,D,0,,,,,Y,,A,08,2,0,2,0,0,0,0,0,0,"- ","- ",33.421630859375,-117.60738372802734,ORANGE,"SAN CLEMENTE",-117.60745239257812,33.421588897705078
91571045,2021,2021-09-15,9690,2021-09-08,0538,016128,,3,3,5,3028,0,1,1,,2,056,"I-5 N/B (SAN DIEGO FRWY)","AVERY PARKWAY",100.00,N,N,A,-,Y,,,5,,,,,,N,Y,2,0,1,1,A,-,08,22107,,N,E,I,A,A,H,-,C,D,0,,,,,Y,,A,08,1,0,0,0,0,0,0,0,0,"- ","- ",33.547859191894531,-117.67269897460938,ORANGE,"MISSION VIEJO",-117.67276000976562,33.547866821289062
91572183,2021,2021-09-16,9675,2021-09-03,0057,022058,,5,3,7,3019,0,1,1,,2,502,"I-5 SOUTHBOUND",BROADWAY,105.00,N,N,A,-,Y,,,5,,,,,,S,Y,2,0,1,1,A,-,08,22107,,N,E,I,A,A,H,-,C,D,0,,,,,Y,,A,01,1,0,0,0,0,0,0,0,0,"- ","- ",33.772499084472656,-117.87100219726562,ORANGE,"SANTA ANA",-117.87110900878906,33.772411346435547
91572954,2021,2021-09-17,9690,2021-09-05,1217,012712,,7,1,5,3017,0,1,1,,2,059,"I-5 S/B (SAN DIEGO FREEWAY)","AVENIDA PALIZADA",111.00,S,N,A,-,Y,,,5,,,,,,S,Y,2,0,2,1,A,-,08,22107,,N,E,I,A,A,H,-,A,D,0,,,Y,,Y,,C,02,2,0,0,0,0,0,0,0,2,"- ","- ",33.430591583251953,-117.61428070068359,ORANGE,"SAN CLEMENTE",-117.61420440673828,33.430679321289062
91576369,2021,2021-09-22,9675,2021-09-15,1927,018929,,3,2,7,3001,0,1,3,,2,095,"SR-91 WESTBOUND","YORBA LINDA BLVD.",2560.00,E,N,A,-,Y,,,,,,,,,,Y,2,0,1,1,A,-,01,23152,A,N,E,8,A,A,H,-,C,D,0,,,,,Y,Y,A,07,1,0,0,0,0,0,0,0,0,"- ","- ",38.819801330566406,-121.02760314941406,ORANGE,ANAHEIM,,
91580741,2021,2021-09-27,9675,2021-09-17,1226,019394,,5,1,6,3004,0,1,3,,2,553,"SR-55 SOUTHBOUND","BAY ST.",163.00,S,N,A,-,Y,,,55,,,,,,S,Y,2,0,1,3,C,-,18,,,N,B,C,A,A,H,-,A,D,0,,,Y,,Y,,-,"- ",1,0,0,0,0,0,0,0,1,"- ","- ",33.647510528564453,-117.91313934326172,ORANGE,"COSTA MESA",-117.91301727294922,33.64739990234375
91581112,2021,2021-09-28,9675,2021-09-18,0715,020027,,6,1,6,3015,0,1,3,,2,550,"SR-55 SOUTHBOUND TO KATELLA AVENUE","KATELLA AVENUE",350.00,N,N,B,-,Y,,,55,,,,R,,S,Y,2,0,3,2,A,-,01,23152,A,N,E,8,A,A,H,-,A,A,0,,,,,Y,Y,A,07,1,0,2,0,0,0,0,0,0,"- ","- ",33.810390472412109,-117.83273315429688,ORANGE,ORANGE,-117.83273315429688,33.810390472412109
91581938,2021,2021-09-28,9690,2021-09-17,2330,021991,,5,3,4,3018,0,1,1,,2,057,"I-5 S/B (SAN DIEGO FRWY)","SAN JUAN CREEK RD",1531.00,N,N,A,-,Y,,,5,,,,,,S,Y,2,0,1,2,A,-,03,22350,,N,A,C,A,A,H,-,D,D,0,,,,Y,Y,,G,75,1,0,0,0,0,0,0,0,0,"- ","- ",33.495330810546875,-117.65978240966797,ORANGE,"SAN JUAN CAPISTRANO",-117.65969085693359,33.495292663574219
91588091,2021,2021-11-03,9690,2021-09-18,1540,019319,,6,2,9,3000,0,1,3,,1,074,"SR-74 (ORTEGA HIGHWAY)","SAN JUAN CREEK BRIDGE",2112.00,E,N,A,-,Y,,,74,,,,,,,Y,2,0,3,2,A,-,08,22107,,N,A,C,A,A,D,-,A,D,0,,,Y,,Y,,-,"- ",1,0,2,0,0,0,0,0,1,"- ","- ",33.592250823974609,-117.49265289306641,ORANGE,UNINCORPORATED,-117.49265289306641,33.592277526855469
91588567,2021,2021-10-05,9670,2021-09-25,2014,020860,,6,2,6,3010,0,1,1,,2,041,"I-405 S/B FROM EDINGER AVE.","EDINGER AVENUE",300.00,S,N,A,-,Y,,,405,,,,R,,S,Y,2,0,2,2,A,-,08,22107,,N,E,I,A,A,D,E,C,D,0,,,Y,,Y,,C,02,1,1,0,0,0,0,0,0,1,"- ","- ",33.729778289794922,-117.98590850830078,ORANGE,"HUNTINGTON BEACH",-117.98590850830078,33.729778289794922
91589793,2021,2021-10-06,9675,2021-09-24,1130,017993,,5,1,6,3004,0,1,3,,2,553,"SR-55 SOUTHBOUND",I-405,50.00,S,N,A,-,Y,,,55,,,,,,S,N,2,0,1,3,A,-,03,22350,,N,B,C,A,A,H,-,A,D,0,,,Y,,Y,,C,02,1,0,0,0,0,0,0,0,1,"- ","- ",33.687160491943359,-117.87258911132812,ORANGE,"COSTA MESA",-117.87251281738281,33.687084197998047
91593338,2021,2021-10-11,9675,2021-10-01,0900,020018,,5,1,7,3019,0,1,3,,2,552,"I-5 SOUTHBOUND","4TH STREET",100.00,S,N,A,-,Y,,,5,,,,,,S,Y,2,0,1,2,A,-,03,22350,,N,C,C,A,A,H,-,A,D,0,,,Y,,Y,,C,02,1,0,0,0,0,0,0,0,1,"- ","- ",33.747539520263672,-117.84317779541016,ORANGE,"SANTA ANA",-117.84322357177734,33.747520446777344
91594198,2021,2021-10-12,9675,2021-10-01,1045,018039,,5,1,6,3026,0,1,3,,2,130,"SR-133 NORTHBOUND","IRVINE CENTER DRIVE",70.00,S,N,A,-,Y,,,133,,,,,,N,N,2,0,1,1,A,-,08,22107,,N,E,I,A,A,H,-,A,A,0,,,,,Y,,A,07,1,0,0,0,0,0,0,0,0,"- ","- ",33.662418365478516,-117.75470733642578,ORANGE,IRVINE,-117.75461578369141,33.662364959716797
91594374,2021,2021-10-12,9675,2021-10-01,2340,022099,,5,3,7,3019,0,1,3,,2,222,"SR-22 E/B TO SR-57 N/B","INTERSTATE 5",1000.00,E,N,A,-,Y,,,22,,,,R,,E,Y,2,0,1,1,A,-,03,22350,,N,E,I,A,A,H,-,C,D,0,,,,Y,Y,,G,25,1,0,0,0,0,0,0,0,0,"- ","- ",33.777908325195312,-117.87225341796875,ORANGE,"SANTA ANA",-117.87225341796875,33.777908325195312
91597345,2021,2022-08-24,9690,2021-05-15,0045,020637,,6,3,4,3018,0,1,1,,2,057,"INTERSTATE 5 N/B (SAN DIEGO FREEWAY)","EL HORNO STREET",456.00,N,N,B,-,Y,,,5,,,,,,N,Y,1,1,0,1,A,-,08,22107,,N,E,I,A,A,H,-,D,D,0,,,Y,,Y,,C,02,0,0,0,0,0,0,0,1,0,"- ","- ",33.509449005126953,-117.66063690185547,ORANGE,"SAN JUAN CAPISTRANO",-117.66079711914062,33.509384155273438
9160016,2020,2021-01-11,3000,2020-10-09,1455,5013,951G7,5,5,5,3040,0,0,0,,0,741,"NIGUEL RD","CLUB HOUSE DR",237.00,N,N,A,-,N,,,,,,,,,,N,2,0,1,1,A,-,08,22107,,N,F,A,A,A,H,-,A,D,0,,Y,,,Y,,L,04,1,0,0,0,0,0,1,0,0,"- ","- ",,,ORANGE,"LAGUNA NIGUEL",-117.70829010009766,33.509231567382812
91600605,2021,2021-10-19,9675,2021-03-19,1446,020627,,5,2,7,3001,0,1,3,,2,194,"STATE ROUTE 91 EASTBOUND","LAKEVIEW AVENUE",1090.00,E,N,A,-,Y,,,,,,,,,,Y,1,1,2,3,A,-,03,22350,,N,E,I,A,A,H,-,A,D,0,,,,,Y,,A,01,1,1,0,0,0,0,0,0,0,"- ","- ",33.511020660400391,-117.48423004150391,ORANGE,ANAHEIM,-117.81166076660156,33.852745056152344
91605585,2021,2022-09-16,9675,2021-10-14,2235,018102,,4,3,5,3014,0,1,3,,2,074,"SR-73 SOUTHBOUND","UNIVERSITY DRIVE",2250.00,N,N,A,-,Y,,,73,,,,,,S,N,1,1,0,1,A,-,08,22107,,N,E,I,A,A,H,-,C,D,0,,,,,Y,,A,07,0,0,0,0,0,0,0,0,0,"- ","- ",33.652530670166016,-117.86244964599609,ORANGE,"NEWPORT BEACH",-117.86264038085938,33.652450561523438
91605635,2021,2021-10-25,9670,2021-10-20,0750,016209,,3,1,7,3001,0,1,1,,2,051,"I-5 S/B (SANTA ANA FREEWAY)","MAGNOLIA AVE.",1584.00,S,N,A,-,Y,,,5,,,,,,S,N,2,0,1,4,A,-,03,22350,,N,C,C,A,A,H,-,A,D,0,,,Y,,Y,,C,02,1,0,0,0,0,0,0,0,1,"- ","- ",33.851589202880859,-117.97112274169922,ORANGE,ANAHEIM,-117.97116851806641,33.851509094238281
91606145,2021,2021-10-26,9670,2021-10-16,1030,020325,,6,1,7,3001,0,1,3,,2,093,"SR-91 W/B","BROOKHURST ST.",603.00,W,N,A,-,Y,,,91,,,,,,W,Y,2,0,6,6,A,-,07,21658,A,N,B,C,A,A,H,-,A,D,0,,,,,Y,,A,07,1,5,0,0,0,0,0,0,0,"- ","- ",33.853950500488281,-117.96140289306641,ORANGE,ANAHEIM,-117.96140289306641,33.853954315185547
9160831,2020,2020-10-27,3026,2020-08-31,1120,275,UNIVE,1,5,6,3026,0,0,0,,0,00U,UNIVERSITY,"RIDGELINE / ROSA DREW",8.00,W,N,A,-,N,,,,,,,,,,N,2,0,2,3,A,-,10,21950,A,N,G,B,B,A,H,-,A,A,0,Y,,,,Y,,A,07,2,0,0,0,2,0,0,0,0,"- ","- ",,,ORANGE,IRVINE,-117.80747222900391,33.6583251953125
9160832,2020,2020-10-26,3026,2020-08-13,1755,6352,,4,5,6,3026,0,0,0,,0,00C,"HARVARD AV","WARNER AV",0.00,,Y,B,-,N,,,,,,,,,,N,2,0,4,2,A,-,12,21453,A,N,D,C,A,A,H,-,A,A,0,,,,,Y,,A,01,1,0,3,0,0,0,0,0,0,"- ","- ",,,ORANGE,IRVINE,-117.81262969970703,33.692619323730469
91608418,2021,2021-10-28,9690,2021-10-14,2220,017988,,4,3,5,3017,0,1,1,,2,059,"I-5 S/B (SAN DIEGO FRWY)","AVENIDA PRESIDIO",100.00,S,N,A,-,Y,,,5,,,,,,S,Y,2,0,2,4,A,-,03,22350,,N,C,C,A,A,C,-,C,D,0,,,,Y,Y,,A,01,1,1,0,0,0,0,0,0,0,"- ","- ",33.426479339599609,-117.61045074462891,ORANGE,"SAN CLEMENTE",-117.61034393310547,33.426555633544922
91608679,2021,2021-10-28,9675,2021-10-19,2230,018102,,2,3,6,3026,0,1,1,,2,407,"I-405 SOUTHBOUND TO SR-133 SOUTHBOUND",SR-133,50.00,N,N,A,-,Y,,,,,,,,,,Y,2,0,2,1,A,-,08,22107,,N,E,8,A,A,H,-,C,D,0,,,,,Y,,A,01,1,0,1,0,0,0,0,0,0,"- ","- ",33.648761749267578,-117.76203918457031,ORANGE,IRVINE,-117.76113128662109,33.651596069335938
91609207,2021,2021-10-28,9690,2021-10-23,0813,016128,,6,1,9,3000,0,1,3,,1,074,"SR-74 (ORTEGA HIGHWAY)","MPM - 16.50 - ORA",800.00,W,N,B,C,Y,,,74,,,,,,,Y,2,0,1,1,A,-,03,22350,,N,E,I,A,B,H,-,A,D,0,,,,,Y,,A,01,1,0,0,0,0,0,0,0,0,"- ","- ",33.60028076171875,-117.45993804931641,ORANGE,UNINCORPORATED,-117.45995330810547,33.60028076171875
91612804,2021,2021-11-01,9675,2021-10-21,1902,021076,,4,2,7,3019,0,1,1,,2,520,"I-5 NORTHBOUND",BROADWAY,928.00,N,N,A,-,Y,,,5,,,,,,N,N,2,0,4,2,D,-,00,,,N,C,C,A,A,H,-,D,D,0,,,,,Y,,-,"- ",1,3,0,0,0,0,0,0,0,"- ","- ",33.773200988769531,-117.87146759033203,ORANGE,"SANTA ANA",-117.87134552001953,33.773307800292969
91619947,2021,2021-11-09,9670,2021-11-02,1850,017641,,2,2,9,3000,0,3,5,,2,005,"EDINGER AVE.","SUMMERVIEW CIR.",0.00,,Y,A,-,N,,,,,,,,,,N,2,0,1,2,A,-,09,21804,A,N,D,G,A,A,H,-,C,A,0,,Y,,,Y,,A,01,1,0,0,0,0,0,1,0,0,"- ","- ",33.727390289306641,-117.91752624511719,ORANGE,UNINCORPORATED,-117.91750335693359,33.727409362792969
91620332,2021,2021-11-09,9675,2021-07-14,0525,019897,,3,3,7,3001,0,1,3,,2,572,"STATE ROUTE 57 NORTHBOUND","WAGNER AVENUE",955.00,S,N,A,-,Y,,,57,,,,,,N,Y,1,1,0,2,A,-,03,22350,,N,C,C,A,A,H,-,C,D,0,,,,Y,Y,,A,01,0,0,0,0,0,0,0,0,0,"- ","- ",33.822620391845703,-117.87583160400391,ORANGE,ANAHEIM,-117.87600708007812,33.822620391845703
91621798,2021,2021-11-10,9675,2021-11-01,1040,015914,,1,1,6,3026,0,1,1,,2,406,"I-405 NORTHBOUND","VON KARMAN AVE",100.00,S,N,A,-,Y,,,405,,,,,,N,Y,2,0,2,4,A,-,03,22350,,N,C,C,A,A,H,-,A,D,0,,,,,Y,,A,01,1,0,1,0,0,0,0,0,0,"- ","- ",33.680000305175781,-117.85041809082031,ORANGE,IRVINE,-117.85042572021484,33.679981231689453
91624494,2021,2021-11-15,9675,2021-11-03,1707,019135,,3,2,6,3008,0,1,3,,2,571,"STATE ROUTE 57 SOUTHBOUND","CHAPMAN AVENUE",10.00,S,N,A,-,Y,,,57,,,,,,S,Y,2,0,1,2,A,-,07,21658,A,N,B,C,A,A,H,-,A,D,0,,,,,Y,,A,01,1,0,0,0,0,0,0,0,0,"- ","- ",33.874050140380859,-117.88053131103516,ORANGE,FULLERTON,-117.88054656982422,33.874050140380859
9162725,2020,2020-10-20,3001,2020-06-06,1459,2530,D-1,6,5,7,3001,0,0,0,,0,D-1,"BALL RD","PARK CIR",55.00,W,N,A,-,N,,,,,,,,,,Y,2,0,3,2,A,-,01,23153,G,N,A,C,A,A,H,-,A,D,0,,,,,Y,Y,A,01,2,0,1,0,0,0,0,0,0,"- ","- ",33.817600250244141,-117.947509765625,ORANGE,ANAHEIM,-117.94766235351562,33.817890167236328
91628492,2021,2021-11-18,9690,2021-08-08,0938,016128,,7,1,9,3000,0,1,3,,1,074,"STATE ROUTE - 74 (ORTEGA HIGHWAY)","GATEWAY PLACE",0.00,,Y,A,-,Y,,,74,,,,,,,Y,1,1,0,2,A,-,12,21453,A,N,D,C,A,A,H,-,A,A,0,,,Y,,Y,,C,02,0,0,0,0,0,0,0,1,0,"- ","- ",33.520698547363281,-117.61640930175781,ORANGE,UNINCORPORATED,-117.61640930175781,33.520683288574219