CASE_ID,ACCIDENT_YEAR,PROC_DATE,JURIS,COLLISION_DATE,COLLISION_TIME,OFFICER_ID,REPORTING_DISTRICT,DAY_OF_WEEK,CHP_SHIFT,POPULATION,CNTY_CITY_LOC,SPECIAL_COND,BEAT_TYPE,CHP_BEAT_TYPE,CITY_DIVISION_LAPD,CHP_BEAT_CLASS,BEAT_NUMBER,PRIMARY_RD,SECONDARY_RD,DISTANCE,DIRECTION,INTERSECTION,WEATHER_1,WEATHER_2,STATE_HWY_IND,CALTRANS_COUNTY,CALTRANS_DISTRICT,STATE_ROUTE,ROUTE_SUFFIX,POSTMILE_PREFIX,POSTMILE,LOCATION_TYPE,RAMP_INTERSECTION,SIDE_OF_HWY,TOW_AWAY,COLLISION_SEVERITY,NUMBER_KILLED,NUMBER_INJURED,PARTY_COUNT,PRIMARY_COLL_FACTOR,PCF_CODE_OF_VIOL,PCF_VIOL_CATEGORY,PCF_VIOLATION,PCF_VIOL_SUBSECTION,HIT_AND_RUN,TYPE_OF_COLLISION,MVIW,PED_ACTION,ROAD_SURFACE,ROAD_COND_1,ROAD_COND_2,LIGHTING,CONTROL_DEVICE,CHP_ROAD_TYPE,PEDESTRIAN_ACCIDENT,BICYCLE_ACCIDENT,MOTORCYCLE_ACCIDENT,TRUCK_ACCIDENT,NOT_PRIVATE_PROPERTY,ALCOHOL_INVOLVED,STWD_VEHTYPE_AT_FAULT,CHP_VEHTYPE_AT_FAULT,COUNT_SEVERE_INJ,COUNT_VISIBLE_INJ,COUNT_COMPLAINT_PAIN,COUNT_PED_KILLED,COUNT_PED_INJURED,COUNT_BICYCLIST_KILLED,COUNT_BICYCLIST_INJURED,COUNT_MC_KILLED,COUNT_MC_INJURED,PRIMARY_RAMP,SECONDARY_RAMP,LATITUDE,LONGITUDE,COUNTY,CITY,POINT_X,POINT_Y
91815921,2022,2022-07-13,9670,2022-07-11,0938,020325,,1,1,5,3024,0,1,1,,2,043,"I-405 S/B FROM WESTMINSTER BLVD.","WESTMINSTER BLVD.",528.00,S,N,B,-,Y,ORA,,405,,,19.009,H,,L,N,2,0,1,2,A,-,03,22350,,N,C,C,A,A,H,-,A,D,0,,,Y,Y,Y,Y,C,02,1,0,0,0,0,0,0,0,1,"- ","- ",33.757450103759766,-118.02036285400391,ORANGE,WESTMINSTER,-118.02032470703125,33.757480621337891
91817800,2022,2022-07-15,9670,2022-07-14,0828,017641,,4,1,6,3009,0,1,3,,2,024,"SR-22 E/B (GARDEN GROVE FREEWAY)","EUCLID ST.",20.00,W,N,A,-,Y,ORA,,22,,R,6.818,H,,R,N,2,0,1,2,A,-,07,21658,A,N,B,C,A,A,H,-,A,D,0,,,Y,,Y,,C,02,1,0,0,0,0,0,0,0,1,"- ","- ",33.765911102294922,-117.93788909912109,ORANGE,"GARDEN GROVE",-117.93788909912109,33.765949249267578
91818130,2022,2022-07-15,9675,2022-07-06,1615,019779,,3,2,6,3026,0,1,1,,2,504,"I-5 NORTHBOUND FROM BAKE PARKWAY EASTBOUND","BAKE PKWY",75.00,S,N,A,-,Y,,,,,,,,,,N,2,0,1,2,A,-,10,21950,A,N,G,B,C,A,H,-,A,A,0,Y,,,,Y,,D,22,1,0,0,0,1,0,0,0,0,"- ","- ",33.638641357421875,-117.72824859619141,ORANGE,IRVINE,-117.72824859619141,33.638641357421875
91820318,2022,2022-07-19,9675,2022-05-07,1900,021377,,6,2,7,3001,0,1,3,,2,193,"SR-91 WESTBOUND TO SR-55 SOUTHBOUND","LAKEVIEW AVE",2640.00,W,N,A,-,Y,ORA,,91,,R,9.457,H,,L,Y,2,0,1,2,A,-,03,22350,,M,E,I,A,A,H,-,A,D,0,,,Y,,Y,,C,02,1,0,0,0,0,0,0,0,1,"- ","- ",33.845619201660156,-117.82286834716797,ORANGE,ANAHEIM,-117.82292938232422,33.845748901367188
91822038,2022,2022-07-21,9670,2022-01-16,0443,021821,,7,3,5,3024,0,1,1,,2,042,"INTERSTATE-405 NORTHBOUND (SAN DIEGO FREEWAY)","EDWARDS STREET",856.00,N,N,A,-,Y,ORA,,405,,,18.775,H,,R,Y,1,1,0,3,A,-,03,22350,,N,D,2,E,A,D,E,E,D,0,Y,,,,Y,,A,01,0,0,0,1,0,0,0,0,0,"- ","- ",33.755199432373047,-118.01721954345703,ORANGE,WESTMINSTER,-118.01724243164062,33.755180358886719
9182248,2020,2020-12-22,3009,2020-10-24,1942,1657,116,6,5,6,3009,0,0,0,,0,023,"TAFT ST","TRASK AV",0.00,,Y,A,-,N,,,,,,,,,,Y,2,0,1,2,A,-,09,21801,A,N,D,C,A,A,H,-,C,A,0,,,,,Y,,A,01,1,0,0,0,0,0,0,0,0,"- ","- ",,,ORANGE,"GARDEN GROVE",-117.94210815429688,33.766891479492188
91824100,2022,2022-07-25,9690,2022-07-12,1950,021875,,2,2,5,3028,0,1,1,,2,056,"I-5 N/B (SAN DIEGO FRWY)","OSO PARKWAY",1500.00,N,N,A,-,Y,ORA,,5,,,15.559,H,,R,Y,2,0,1,1,A,-,01,23152,A,N,B,8,A,A,D,-,B,D,0,,,,,Y,Y,A,01,1,0,0,0,0,0,0,0,0,"- ","- ",33.585140228271484,-117.67165374755859,ORANGE,"MISSION VIEJO",-117.67153167724609,33.585136413574219
91827114,2022,2022-07-28,9670,2022-07-28,0740,017641,,4,1,4,3020,0,1,1,,2,440,"I-405 N/B (SAN DIEGO FREEWAY)","SEAL BEACH BLVD.",1056.00,N,N,B,-,Y,ORA,,405,,,23.256,H,,R,N,2,0,1,1,C,-,18,,,N,F,A,A,A,D,E,A,A,0,,,Y,,Y,,-,"- ",1,0,0,0,0,0,0,0,1,"- ","- ",33.774810791015625,-118.08529663085938,ORANGE,"SEAL BEACH",-118.08531188964844,33.774749755859375
91830259,2022,2022-08-01,9675,2022-07-23,0825,020027,,6,1,9,3000,0,2,4,,2,034,"SANTIAGO CANYON RD","IRVINE LAKE ENTRANCE",2700.00,N,N,A,-,N,,,,,,,,,,N,2,0,1,1,D,-,00,,,N,F,A,A,A,H,-,A,D,0,,Y,,,Y,,-,"- ",1,0,0,0,0,0,1,0,0,"- ","- ",33.767570495605469,-117.72541809082031,ORANGE,UNINCORPORATED,,
91832848,2022,2022-08-04,9675,2022-07-24,1835,021633,,7,2,5,3022,0,1,1,,2,530,"I-5 NORTHBOUND",SR-55,25.00,S,N,A,-,Y,ORA,,5,,,30.292,H,,R,Y,2,0,5,3,A,-,08,22107,,N,B,C,A,A,H,-,A,D,0,,,,,Y,Y,A,07,1,1,3,0,0,0,0,0,0,"- ","- ",33.740810394287109,-117.83400726318359,ORANGE,TUSTIN,-117.83399200439453,33.7408447265625
91837389,2022,2022-08-10,9675,2022-08-05,1032,018027,,5,1,7,3001,0,1,3,,2,095,"SR-91 EASTBOUND","GYPSUM CANYON ROAD",500.00,W,N,A,-,Y,,,,,,,,,,Y,2,0,1,1,A,-,03,22350,,N,F,A,A,A,H,-,A,D,0,,,Y,,Y,,C,02,1,0,0,0,0,0,0,0,1,"- ","- ",33.868328094482422,-117.75675201416016,ORANGE,ANAHEIM,-117.75679016113281,33.868785858154297
91837850,2022,2022-08-11,9670,2022-06-24,2028,020860,,5,2,6,3008,0,1,A,,2,772,"909 WEST VALENCIA DRIVE #2106/ PARKING LOT","EUCLID STREET",59.30,E,N,A,-,N,,,,,,,,,,N,2,0,1,2,B,-,22,,,N,G,B,F,A,H,-,B,D,0,Y,,,,Y,,J,48,1,0,0,0,1,0,0,0,0,"- ","- ",33.868030548095703,-117.94164276123047,ORANGE,FULLERTON,,
91838491,2022,2022-08-11,9675,2022-02-06,0815,018834,,7,1,9,3000,0,3,5,,2,004,"SANTA ANA RIVER TRAIL","I-405 SOUTHBOUND",1500.00,S,N,A,-,N,,,,,,,,,,N,2,0,1,1,C,-,18,,,N,H,H,A,A,H,-,A,D,0,,Y,,,Y,,-,"- ",1,0,0,0,0,0,1,0,0,"- ","- ",33.691360473632812,-117.9364013671875,ORANGE,UNINCORPORATED,-117.93422698974609,33.694759368896484
91838977,2022,2022-08-12,9675,2022-08-09,1725,019135,,2,2,6,3015,0,1,3,,2,072,"SR-57 SOUTHBOUND","CHAPMAN AVE",100.00,N,N,A,-,Y,ORA,,57,,,11.296,H,,L,Y,2,0,1,2,A,-,01,23152,A,N,C,C,A,A,H,-,A,D,0,,,Y,,Y,Y,C,02,1,0,0,0,0,0,0,0,1,"- ","- ",33.788539886474609,-117.88001251220703,ORANGE,ORANGE,-117.88011169433594,33.788539886474609
91840112,2022,2022-08-15,9690,2022-08-03,1330,016638,,3,1,9,3000,0,1,3,,1,074,"SR 74 E/B (ORTEGA HWY)","SIERRA PASTURE N",2112.00,E,N,A,-,Y,ORA,,74,,,4.434,H,,R,Y,2,0,2,1,C,-,18,,,N,E,I,A,A,H,-,A,D,0,,,,,Y,,-,"- ",1,1,0,0,0,0,0,0,0,"- ","- ",33.515598297119141,-117.59120941162109,ORANGE,UNINCORPORATED,-117.5911865234375,33.515644073486328
91842181,2022,2022-08-17,9675,2022-08-07,1442,021274,,7,2,7,3001,0,1,3,,2,093,"STATE ROUTE 91 W/B TO STATE ROUTE 57 N/B","MIRALOMA AVENUE",1000.00,W,N,A,-,Y,ORA,,57,,,15.702,H,,R,N,2,0,2,1,A,-,03,22350,,N,E,I,A,A,H,-,A,D,0,,,,,Y,,A,01,1,1,0,0,0,0,0,0,0,"- ","- ",33.851348876953125,-117.87532043457031,ORANGE,ANAHEIM,-117.87561798095703,33.851367950439453
91842689,2022,2022-08-17,9675,2022-08-09,2205,018924,,2,3,6,3015,0,1,1,,2,502,"I-5 SOUTHBOUND","CHAPMAN AVE",500.00,S,N,A,-,Y,ORA,,5,,,34.856,H,,L,N,2,0,2,2,A,-,07,21658,A,N,B,2,A,A,H,-,D,D,0,,,,,Y,,A,01,1,1,0,0,0,0,0,0,0,"- ","- ",33.787818908691406,-117.88613891601562,ORANGE,ORANGE,-117.88619995117188,33.787784576416016
91846502,2022,2022-08-23,9670,2022-08-19,1925,019304,,5,2,5,3024,0,1,1,,2,420,"I-405 N/B","EDWARDS ST",1320.00,S,N,A,-,Y,ORA,,405,,,18.283,H,,R,N,2,0,1,2,A,-,06,21755,A,N,B,C,A,A,D,E,B,D,0,,,Y,,Y,,C,02,1,0,0,0,0,0,0,0,1,"- ","- ",33.750091552734375,-118.01106262207031,ORANGE,WESTMINSTER,-118.01110076904297,33.750057220458984
91847422,2022,2022-08-24,9675,2022-08-12,1758,021377,,5,2,7,3001,0,1,3,,2,194,"SR-91 WESTBOUND","IMPERIAL HIGHWAY",2600.00,W,N,A,-,Y,ORA,,91,,R,11.000,H,,L,Y,2,0,2,3,A,-,08,22107,,N,B,C,A,A,H,-,A,D,0,,,,,Y,,A,01,1,1,0,0,0,0,0,0,0,"- ","- ",33.854438781738281,-117.80058288574219,ORANGE,ANAHEIM,-117.80057525634766,33.854534149169922
91849126,2022,2022-08-25,9675,2022-08-15,0215,021874,,1,3,6,3015,0,1,3,,2,550,"SR-55 SOUTHBOUND","CHAPMAN AVENUE",2150.00,N,N,A,-,Y,ORA,,55,,,14.083,H,,L,Y,2,0,4,3,A,-,01,23152,A,N,E,I,A,A,H,-,D,D,0,,,,,Y,Y,A,01,1,1,2,0,0,0,0,0,0,"- ","- ",33.793201446533203,-117.83090209960938,ORANGE,ORANGE,-117.83109283447266,33.793201446533203
91850402,2022,2022-08-26,9670,2022-08-10,1420,019290,,3,2,7,3001,0,1,3,,2,092,"SR-91 E/B TO I-5 S/B","MAGNOILA STREET",400.00,W,N,A,-,Y,,,,,,,,,,N,2,0,2,2,A,-,07,21658,A,N,B,C,A,A,H,-,A,D,0,,,Y,,Y,,C,02,1,1,0,0,0,0,0,0,2,"- ","- ",,,ORANGE,ANAHEIM,-117.97756958007812,33.856861114501953
91852803,2022,2022-08-30,9670,2022-03-27,0545,018664,,7,3,6,3009,0,1,3,,2,021,"STATE ROUTE 22 WESTBOUND (GARDEN GROVE FREEWAY)","DEODAR DRIVE PEDESTRIAN UNDERCROSSING",50.00,E,N,A,-,Y,ORA,,22,,R,5.192,H,,L,N,1,1,1,11,A,-,01,23152,,N,C,C,A,A,H,-,C,D,0,,,Y,,Y,Y,C,02,0,0,1,0,0,0,0,1,0,"- ","- ",33.766010284423828,-117.96614837646484,ORANGE,"GARDEN GROVE",-117.96614837646484,33.765903472900391
91853146,2022,2022-08-30,9675,2022-08-27,2045,021274,,6,2,7,3001,0,1,3,,2,093,"STATE ROUTE 91 W/B","LA PALMA AVENUE",130.00,E,N,A,-,Y,ORA,,91,,,6.464,H,,L,Y,2,0,2,2,A,-,01,23152,A,N,C,C,A,A,H,-,C,D,0,,,,,Y,Y,A,07,1,1,0,0,0,0,0,0,0,"- ","- ",33.847480773925781,-117.87029266357422,ORANGE,ANAHEIM,-117.87028503417969,33.847488403320312
91853175,2021,2022-08-30,9675,2021-06-15,1554,018733,,2,2,5,3014,0,1,3,,2,073,"STATE ROUTE 73 SOUTHBOUND","CAMPUS DRIVE",68.00,S,N,A,-,Y,,,73,,,,,,S,N,1,1,0,2,A,-,03,22350,,F,C,C,A,A,H,-,A,D,0,,,,,Y,,A,01,0,0,0,0,0,0,0,0,0,"- ","- ",33.662071228027344,-117.87493133544922,ORANGE,"NEWPORT BEACH",-117.87491607666016,33.662086486816406
9185371,2020,2020-12-04,3002,2020-09-02,2339,10165,739J4,3,5,5,3025,0,0,0,,0,001,"YORBA LINDA BL","VAN BUREN ST",138.00,W,N,A,-,N,,,,,,,,,,Y,2,0,1,2,A,-,03,22350,,F,C,G,A,A,H,-,C,D,0,,Y,,,Y,Y,A,01,1,0,0,0,0,0,1,0,0,"- ","- ",,,ORANGE,"YORBA LINDA",-117.83203125,33.888507843017578
9185547,2020,2021-02-05,3009,2020-11-05,0234,4844,023,4,5,6,3009,0,0,0,,0,011,"EMERALD ST","VANGUARD AV",1.00,S,N,A,-,N,,,,,,,,,,Y,2,0,2,5,A,-,01,23152,A,N,D,E,A,A,G,-,C,D,0,,,,,Y,Y,A,01,1,1,0,0,0,0,0,0,0,"- ","- ",,,ORANGE,"GARDEN GROVE",-118.02635955810547,33.787528991699219
91855635,2022,2022-09-02,9690,2022-08-26,1600,020086,,5,2,9,3000,0,1,3,,1,074,"SR-74 ORTEGA HWY","HOT SPRINGS CANYON ROAD",7920.00,E,N,A,-,Y,ORA,,74,,,13.997,H,,R,Y,2,0,2,2,A,-,08,22107,,N,A,C,A,A,H,-,A,D,0,,,,,Y,,D,22,1,1,0,0,0,0,0,0,0,"- ","- ",33.593059539794922,-117.49140930175781,ORANGE,UNINCORPORATED,-117.49143218994141,33.593070983886719
91855969,2022,2023-08-17,9690,2022-08-27,1320,020236,,6,1,9,3000,0,3,5,,2,004,"CECIL PASTURE ROAD","JEROME LANE",0.00,,Y,A,-,N,,,,,,,,,,N,2,0,2,2,A,-,05,21650,,N,D,G,A,A,H,-,A,A,0,,Y,,,Y,,L,04,1,1,0,0,0,0,2,0,0,"- ","- ",33.560409545898438,-117.64666748046875,ORANGE,UNINCORPORATED,-117.64668273925781,33.560398101806641
91856371,2022,2022-09-02,9675,2022-08-25,1645,021633,,4,2,7,3019,0,1,3,,2,222,"SR-22 EASTBOUND TO I-5 NORTHBOUND/ SR-57 NORTHBOUN","BRISTOL ST",3515.00,E,N,A,-,Y,,,,,,,,,,N,2,0,1,1,A,-,08,22107,,N,E,I,A,A,H,-,A,D,0,,,Y,,Y,,C,02,1,0,0,0,0,0,0,0,1,"- ","- ",33.778678894042969,-117.87175750732422,ORANGE,"SANTA ANA",-117.87175750732422,33.778678894042969
9185798,2020,2021-02-05,3002,2020-11-01,0057,10165,740E2,7,5,5,3025,0,0,0,,0,401,"WELSH PONY LN","RED ROAN RD",0.00,,Y,A,-,N,,,,,,,,,,N,2,0,1,2,A,-,08,22107,,F,G,B,B,A,H,-,C,D,0,Y,,,,Y,Y,A,01,1,0,0,0,1,0,0,0,0,"- ","- ",,,ORANGE,"YORBA LINDA",-117.79116058349609,33.904228210449219
91858025,2022,2022-09-06,9690,2022-08-25,1317,016638,,4,1,4,3018,0,1,1,,2,057,"I-5 S/B (SAN DIEGO FRWY)","J. SERRA ROAD",2640.00,N,N,A,-,Y,ORA,,5,,,11.428,H,,L,Y,2,0,1,3,A,-,03,22350,,N,F,C,A,A,H,-,A,D,0,,,,Y,Y,,F,26,1,0,0,0,0,0,0,0,0,"- ","- ",33.527198791503906,-117.66925811767578,ORANGE,"SAN JUAN CAPISTRANO",-117.66947937011719,33.527019500732422
9185872,2020,2021-02-03,3010,2020-11-01,0130,2151,175,7,5,6,3010,0,0,0,,0,008,WARNER,ALGONQUIN,226.00,E,N,E,-,N,,,,,,,,,,Y,2,0,2,1,A,-,08,22107,,N,E,I,A,B,H,-,C,A,0,,,,,Y,,A,01,2,0,0,0,0,0,0,0,0,"- ","- ",,,ORANGE,"HUNTINGTON BEACH",-118.04889678955078,33.715167999267578
91860055,2021,2022-09-08,9690,2021-09-28,0110,020472,,2,3,9,3000,0,2,4,,2,037,"LIVE OAK CANYON ROAD","CANYON CREEK ROAD",98.00,S,N,C,-,N,,,,,,,,,,Y,1,1,2,1,A,-,08,22107,,N,E,I,A,B,H,-,D,D,0,,,,,Y,Y,A,01,1,1,0,0,0,0,0,0,0,"- ","- ",33.675029754638672,-117.6019287109375,ORANGE,UNINCORPORATED,-117.60182952880859,33.675010681152344
91861417,2022,2022-09-12,9675,2022-09-09,1940,021982,,5,2,7,3019,0,1,1,,2,502,"INTERSTATE 5 NORTHBOUND FROM 17TH STREET EASTBOUND","17TH STREET",16.00,S,N,B,C,Y,,,,,,,,,,N,2,0,1,3,A,-,03,22350,,N,E,8,E,B,H,-,C,D,0,Y,,,,Y,,A,01,1,0,0,0,1,0,0,0,0,"- ","- ",33.759738922119141,-117.86019897460938,ORANGE,"SANTA ANA",-117.86019897460938,33.759738922119141
91861885,2022,2022-09-12,9675,2022-09-05,0120,022283,,1,3,7,3001,0,1,3,,2,093,"SR-91 EASTBOUND","STATE COLLEGE BLVD",50.00,E,N,A,-,Y,ORA,,91,,,5.295,H,,R,Y,2,0,3,2,A,-,01,23152,A,N,C,C,A,A,H,-,C,D,0,,,,,Y,Y,D,22,1,2,0,0,0,0,0,0,0,"- ","- ",33.854068756103516,-117.88892364501953,ORANGE,ANAHEIM,-117.88892364501953,33.854141235351562
9186307,2020,2021-02-02,3010,2020-11-08,1837,2189,435,7,5,6,3010,0,0,0,,0,003,"MAGNOLIA ST","YORKTOWN AV",0.00,,Y,A,-,N,,,,,,,,,,N,2,0,1,2,A,-,00,21235,,N,G,B,F,A,H,-,C,A,0,Y,,Y,,Y,,C,03,1,0,0,0,1,0,0,0,0,"- ","- ",,,ORANGE,"HUNTINGTON BEACH",-117.97132873535156,33.679470062255859
91863406,2021,2022-09-13,9675,2021-11-29,0435,021983,,1,3,5,3016,0,1,3,,2,571,"STATE ROUTE 57 NORTHBOUND","PLACENTIA OVERHEAD RAILROAD CROSSING",331.00,S,N,A,-,Y,,,57,,,,,,N,Y,1,1,1,2,C,-,18,,,N,C,C,A,A,H,-,D,D,0,,,,,Y,,-,"- ",0,1,0,0,0,0,0,0,0,"- ","- ",33.863620758056641,-117.87777709960938,ORANGE,PLACENTIA,-117.87779998779297,33.863613128662109
91864428,2022,2022-09-14,9670,2022-09-07,1115,016209,,3,1,7,3001,0,1,1,,2,502,"I-5 N/B (SANTA ANA FREEWAY)","EUCLID ST.",2112.00,S,N,A,-,Y,ORA,,5,,,39.048,H,,R,Y,2,0,1,6,A,-,03,22350,,F,C,C,A,A,H,-,A,D,0,,,Y,,Y,,A,01,1,0,0,0,0,0,0,0,1,"- ","- ",33.833541870117188,-117.93379211425781,ORANGE,ANAHEIM,-117.93376159667969,33.833576202392578
91865452,2022,2023-04-04,9675,2022-09-05,0745,020018,,1,1,7,3019,0,1,1,,2,502,"I-5 SOUTHBOUND","CHAPMAN AVENUE",500.00,S,N,A,-,Y,ORA,,5,,,34.717,H,,R,N,2,0,1,2,A,-,08,22107,,N,B,C,A,A,H,-,A,D,0,,,,,Y,,-,"- ",1,0,0,0,0,0,0,0,0,"- ","- ",33.786308288574219,-117.88449096679688,ORANGE,"SANTA ANA",-117.88446044921875,33.786327362060547
91869679,2021,2022-09-21,9675,2021-09-12,0113,022283,,7,3,7,3001,0,1,3,,2,092,"SR-91 EASTBOUND TO SR-57 NORTHBOUND","MIRALOMA  AVENUE",384.00,W,N,A,-,Y,,,91,,,,R,,E,N,1,1,0,2,D,-,00,,,F,A,G,A,A,H,-,D,D,0,,Y,,,Y,,-,"- ",0,0,0,0,0,1,0,0,0,"- ","- ",33.851909637451172,-117.88059997558594,ORANGE,ANAHEIM,-117.88059997558594,33.851909637451172
91869972,2021,2022-09-21,9675,2021-10-07,0118,020732,,4,3,9,3000,0,1,3,,2,241,"STATE ROUTE 241 NORTHBOUND","BEE CANYON ROAD",4016.00,N,N,A,-,Y,,,241,,,,,,N,Y,1,1,2,2,C,-,18,,,N,C,C,A,A,H,-,D,D,0,,,,,Y,,-,"- ",1,1,0,0,0,0,0,0,0,"- ","- ",33.725589752197266,-117.71898651123047,ORANGE,UNINCORPORATED,-117.71906280517578,33.725597381591797
9187045,2020,2021-01-29,3006,2020-09-24,1243,329,,4,5,3,3006,0,0,0,,0,002,"LA PALMA AV","REDFORD LN",0.00,,Y,A,-,N,,,,,,,,,,Y,2,0,1,2,A,-,12,21453,A,N,-,C,A,A,H,-,A,A,0,,,,,Y,,-,"- ",1,0,0,0,0,0,0,0,0,"- ","- ",,,ORANGE,"LA PALMA",-118.05181884765625,33.846309661865234
91873008,2022,2022-09-26,9675,2022-09-18,0042,021960,,7,3,5,3022,0,1,3,,2,551,"SR-55 SOUTHBOUND","SANTA CLARA AVE",380.00,N,N,A,-,Y,ORA,,55,,,12.369,H,,L,Y,2,0,1,1,A,-,01,23152,A,N,E,I,A,A,H,-,C,D,0,,,,,Y,Y,A,01,1,0,0,0,0,0,0,0,0,"- ","- ",33.768318176269531,-117.83130645751953,ORANGE,TUSTIN,-117.83116912841797,33.768318176269531
91873368,2022,2022-09-26,9675,2022-09-15,0740,019652,,4,1,7,3001,0,1,3,,2,572,"SR-57 SOUTHBOUND","BALL RD",150.00,N,N,A,-,Y,ORA,,57,,,13.738,H,,L,N,2,0,1,2,A,-,07,21658,A,N,B,C,A,A,H,-,A,D,0,,,Y,,Y,,A,07,1,0,0,0,0,0,0,0,1,"- ","- ",33.822780609130859,-117.87624359130859,ORANGE,ANAHEIM,-117.87630462646484,33.822780609130859
91876802,2022,2022-09-29,9675,2022-09-19,0900,019599,,1,1,6,3015,0,1,3,,2,222,"SR-22 WESTBOUND","LEWIS ST.",90.00,E,N,B,-,Y,ORA,,22,,R,9.434,H,,L,Y,2,0,1,2,A,-,03,22350,,N,C,C,A,A,H,-,A,D,0,,,Y,,Y,,C,02,1,0,0,0,0,0,0,0,1,"- ","- ",33.778759002685547,-117.89611053466797,ORANGE,ORANGE,-117.89608001708984,33.778690338134766
91880189,2022,2022-10-03,9670,2022-09-20,0702,014558,,2,1,6,3009,0,1,3,,2,023,"SR-22 W/B (GARDEN GROVE FREEWAY)","MAGNOLIA STREET",1800.00,E,N,A,-,Y,ORA,,22,,R,5.182,H,,L,N,2,0,1,3,A,-,03,22350,,N,C,C,A,A,H,-,A,D,0,,,Y,,Y,,C,02,1,0,0,0,0,0,0,0,1,"- ","- ",33.765850067138672,-117.96630859375,ORANGE,"GARDEN GROVE",-117.96630859375,33.765903472900391
91880223,2022,2022-10-03,9675,2022-09-21,0756,018039,,3,1,6,3026,0,1,1,,2,503,"I-5 SOUTHBOUND","CULVER DRIVE",904.00,S,N,A,-,Y,ORA,,5,,R,26.408,H,,L,N,2,0,1,2,A,-,03,22350,,N,C,C,A,A,H,-,A,D,0,,,Y,,Y,,C,02,1,0,0,0,0,0,0,0,1,"- ","- ",33.707801818847656,-117.78040313720703,ORANGE,IRVINE,-117.78044891357422,33.707771301269531
91880873,2022,2022-10-03,9675,2022-09-22,2110,021225,,4,2,6,3026,0,1,1,,2,504,"I-5 SOUTHBOUND","SAND CANYON AVE",1500.00,S,N,A,-,Y,ORA,,5,,R,23.647,H,,L,N,2,0,1,2,A,-,03,22350,,F,B,C,A,A,H,-,C,D,0,,,Y,,Y,,-,99,1,0,0,0,0,0,0,0,1,"- ","- ",33.673759460449219,-117.75605010986328,ORANGE,IRVINE,-117.75611877441406,33.673748016357422
91881412,2022,2022-10-04,9690,2022-09-17,2310,021875,,6,3,5,3028,0,1,1,,2,056,"I-5 S/B (SAN DIEGO FRWY)","LA PAZ ROAD",2000.00,S,N,A,-,Y,ORA,,5,,,16.106,H,,L,Y,2,0,3,3,A,-,01,23153,A,N,C,2,A,A,D,-,D,D,0,,,,Y,Y,Y,A,01,1,2,0,0,0,0,0,0,0,"- ","- ",33.592769622802734,-117.67212677001953,ORANGE,"MISSION VIEJO",-117.67217254638672,33.592758178710938
91881890,2022,2022-10-04,9690,2022-09-30,1148,012712,,5,1,5,3017,0,1,1,,2,059,"I-5 S/B (SAN DIEGO FREEWAY)","SAN LUIS REY O/C",1056.00,N,N,A,-,Y,ORA,,5,,,0.829,H,,L,N,2,0,1,1,C,-,18,,,N,E,I,A,A,H,-,A,D,0,,,Y,,Y,,-,"- ",1,0,0,0,0,0,0,0,1,"- ","- ",33.407520294189453,-117.59934997558594,ORANGE,"SAN CLEMENTE",-117.59945678710938,33.407482147216797
91884189,2022,2022-10-06,9675,2022-09-24,0238,022222,,6,3,6,3026,0,1,1,,2,503,"I-5 SOUTHBOUND","SR-261 NORTHBOUND",450.00,S,N,A,-,Y,ORA,,5,,,27.366,H,,L,Y,2,0,2,2,A,-,03,22350,,N,C,C,A,A,H,-,C,D,0,,,,,Y,Y,D,22,1,0,1,0,0,0,0,0,0,"- ","- ",33.717430114746094,-117.79216003417969,ORANGE,IRVINE,-117.79222106933594,33.717369079589844
9188420,2020,2020-12-21,3011,2020-10-25,1250,31407,83,7,5,4,3011,0,0,0,,0,003,"RT 1","ALISO WY",0.00,,Y,B,C,Y,ORA,12,1,-,-,6.471,I,6,S,Y,2,0,5,1,A,-,03,22350,,N,E,I,A,B,B,-,A,D,0,,,,,Y,,A,01,1,0,4,0,0,0,0,0,0,"- ","- ",,,ORANGE,"LAGUNA BEACH",-117.75205993652344,33.510688781738281
91884229,2022,2022-10-06,9675,2022-09-24,0240,022222,,6,3,6,3026,0,1,1,,2,503,"I-5 SOUTHBOUND","SR-261 NORTHBOUND",550.00,S,N,A,-,Y,ORA,,5,,,27.366,H,,L,Y,2,0,1,3,C,-,18,,,N,D,C,A,A,H,-,C,D,0,,,,,Y,Y,-,"- ",1,0,0,0,0,0,0,0,0,"- ","- ",33.717430114746094,-117.79216003417969,ORANGE,IRVINE,-117.79222106933594,33.717369079589844