CASE_ID,ACCIDENT_YEAR,PROC_DATE,JURIS,COLLISION_DATE,COLLISION_TIME,OFFICER_ID,REPORTING_DISTRICT,DAY_OF_WEEK,CHP_SHIFT,POPULATION,CNTY_CITY_LOC,SPECIAL_COND,BEAT_TYPE,CHP_BEAT_TYPE,CITY_DIVISION_LAPD,CHP_BEAT_CLASS,BEAT_NUMBER,PRIMARY_RD,SECONDARY_RD,DISTANCE,DIRECTION,INTERSECTION,WEATHER_1,WEATHER_2,STATE_HWY_IND,CALTRANS_COUNTY,CALTRANS_DISTRICT,STATE_ROUTE,ROUTE_SUFFIX,POSTMILE_PREFIX,POSTMILE,LOCATION_TYPE,RAMP_INTERSECTION,SIDE_OF_HWY,TOW_AWAY,COLLISION_SEVERITY,NUMBER_KILLED,NUMBER_INJURED,PARTY_COUNT,PRIMARY_COLL_FACTOR,PCF_CODE_OF_VIOL,PCF_VIOL_CATEGORY,PCF_VIOLATION,PCF_VIOL_SUBSECTION,HIT_AND_RUN,TYPE_OF_COLLISION,MVIW,PED_ACTION,ROAD_SURFACE,ROAD_COND_1,ROAD_COND_2,LIGHTING,CONTROL_DEVICE,CHP_ROAD_TYPE,PEDESTRIAN_ACCIDENT,BICYCLE_ACCIDENT,MOTORCYCLE_ACCIDENT,TRUCK_ACCIDENT,NOT_PRIVATE_PROPERTY,ALCOHOL_INVOLVED,STWD_VEHTYPE_AT_FAULT,CHP_VEHTYPE_AT_FAULT,COUNT_SEVERE_INJ,COUNT_VISIBLE_INJ,COUNT_COMPLAINT_PAIN,COUNT_PED_KILLED,COUNT_PED_INJURED,COUNT_BICYCLIST_KILLED,COUNT_BICYCLIST_INJURED,COUNT_MC_KILLED,COUNT_MC_INJURED,PRIMARY_RAMP,SECONDARY_RAMP,LATITUDE,LONGITUDE,COUNTY,CITY,POINT_X,POINT_Y
91886368,2022,2022-10-10,9675,2022-09-29,0317,021388,,4,3,6,3008,0,1,3,,2,571,"SR-57 SOUTHBOUND","NUTWOOD AVE",1145.00,N,N,A,-,Y,ORA,,57,,,17.816,H,,L,N,2,0,1,2,A,-,11,21954,A,F,G,B,E,A,H,-,C,D,0,Y,,,,Y,Y,N,60,1,0,0,0,1,0,0,0,0,"- ","- ",33.881420135498047,-117.88059997558594,ORANGE,FULLERTON,-117.88058471679688,33.881420135498047
91887283,2022,2022-10-11,9690,2022-07-07,0927,019319,,4,1,9,3000,0,2,4,,2,037,"LIVE OAK CANYON ROAD","HAMILTON TRAIL",2640.00,W,N,A,-,N,,,,,,,,,,Y,1,1,0,1,A,-,08,22107,,N,E,I,A,A,H,-,A,D,0,,,Y,,Y,,C,02,0,0,0,0,0,0,0,1,0,"- ","- ",33.686378479003906,-117.61119079589844,ORANGE,UNINCORPORATED,-117.61081695556641,33.686367034912109
91889728,2022,2022-10-13,9675,2022-09-20,1825,019779,,2,2,9,3000,0,2,4,,2,034,"SANTIAGO CANYON ROAD (SOUTHBOUND)","RED ROCK CANYON ROAD",2405.00,N,N,A,-,N,,,,,,,,,,N,1,1,0,1,A,-,07,21658,A,N,E,I,A,A,H,-,A,D,0,,,Y,,Y,,C,02,0,0,0,0,0,0,0,1,0,"- ","- ",33.752281188964844,-117.69085693359375,ORANGE,UNINCORPORATED,-118.03452301025391,33.715629577636719
91889738,2021,2022-10-13,9675,2021-07-21,1543,019942,,3,2,7,3001,0,1,3,,2,194,"STATE ROUTE 91 WESTBOUND","IMPERIAL HIGHWAY",980.00,W,N,A,-,Y,,,91,,,,,,W,Y,1,1,2,3,A,-,01,23152,F,N,C,2,A,A,H,-,A,D,0,,,,,Y,,D,22,0,1,1,0,0,0,0,0,0,"- ","- ",33.854339599609375,-117.79399108886719,ORANGE,ANAHEIM,-117.79399108886719,33.854377746582031
91892528,2022,2022-10-18,9675,2022-10-07,2312,022993,,5,3,5,3022,0,1,3,,2,551,"SR-55 SOUTHBOUND TO I-5 SOUTHBOUND","NEWPORT AVENUE",1000.00,N,N,A,-,Y,ORA,,5,,,29.853,H,,L,Y,2,0,1,3,A,-,03,22350,,N,A,C,E,A,H,-,C,D,0,Y,,,,Y,Y,D,22,1,0,0,0,1,0,0,0,0,"- ","- ",33.738071441650391,-117.82695007324219,ORANGE,TUSTIN,-117.826904296875,33.738166809082031
91893868,2022,2022-10-19,9670,2022-10-12,1315,017641,,3,1,9,3000,0,3,5,,2,005,"GILBERT ST. (10000 BLOCK)","PACIFIC PLACE",50.00,N,N,A,-,N,,,,,,,,,,Y,2,0,2,2,A,-,01,23153,G,N,A,C,A,A,H,-,A,D,0,,,,,Y,Y,A,01,1,1,0,0,0,0,0,0,0,"- ","- ",33.806930541992188,-117.96759033203125,ORANGE,UNINCORPORATED,-117.96759796142578,33.806785583496094
91895003,2022,2022-10-20,9675,2022-10-19,0041,021984,,3,3,5,3022,0,1,3,,2,551,"SR-55 SOUTHBOUND","SANTA CLARA AVE",250.00,N,N,A,-,Y,ORA,,55,,,12.359,H,,L,Y,2,0,1,1,A,-,01,23152,A,N,E,I,A,A,H,-,C,D,0,,,,,Y,Y,A,01,1,0,0,0,0,0,0,0,0,"- ","- ",33.768180847167969,-117.83126068115234,ORANGE,TUSTIN,-117.83116912841797,33.768180847167969
91899651,2022,2022-10-26,9690,2022-10-12,0430,020472,,3,3,9,3000,0,2,4,,2,037,"LIVE OAK CANYON ROAD","O'NEILL REGIONAL PARK",4224.00,N,N,A,-,N,,,,,,,,,,Y,2,0,2,1,A,-,08,22107,,N,E,I,A,A,H,-,D,D,0,,,,,Y,,A,01,1,1,0,0,0,0,0,0,0,"- ","- ",33.663131713867188,-117.60079956054688,ORANGE,UNINCORPORATED,,
91904274,2022,2022-10-28,9675,2022-10-26,1350,018102,,3,1,6,3026,0,1,1,,2,503,"I-5 NORTHBOUND","JAMBOREE ROAD",200.00,S,N,A,-,Y,ORA,,5,,,27.553,H,,R,Y,2,0,2,2,A,-,03,22350,,N,C,C,A,A,H,-,A,D,0,,,Y,,Y,,C,02,1,0,1,0,0,0,0,0,1,"- ","- ",33.719310760498047,-117.79448699951172,ORANGE,IRVINE,-117.79446411132812,33.719333648681641
91905286,2022,2022-10-31,9670,2022-10-21,1150,014558,,5,1,6,3009,0,1,3,,2,021,"SR-22 W/B (GARDFEN GROVE FREEWAY)","KNOTT STREET",398.00,W,N,A,-,Y,ORA,,22,,R,2.598,H,,L,N,2,0,1,1,A,-,08,22107,,N,E,I,A,A,H,-,A,D,0,,,,,Y,,A,07,1,0,0,0,0,0,0,0,0,"- ","- ",33.774738311767578,-118.00872039794922,ORANGE,"GARDEN GROVE",-118.00872802734375,33.774673461914062
91906492,2022,2022-11-01,9675,2022-10-21,1718,021377,,5,2,7,3001,0,1,1,,2,503,"I-5 SOUTHBOUND","NEWPORT AVE",100.00,N,N,A,-,Y,ORA,,5,,,29.650,H,,L,N,2,0,1,2,A,-,11,21954,A,N,G,B,E,A,H,-,A,D,0,Y,,,,Y,,N,60,1,0,0,0,1,0,0,0,0,"- ","- ",33.737060546875,-117.82376098632812,ORANGE,ANAHEIM,-117.82371520996094,33.737152099609375
91907882,2022,2022-11-02,9675,2022-10-25,1340,019779,,2,1,9,3000,0,2,4,,2,020,"CRAWFORD CANYON ROAD","NEWPORT AVE",15.00,W,N,A,-,N,,,,,,,,,,N,2,0,1,1,A,-,08,22107,,N,E,I,A,A,H,-,A,A,0,,,,,Y,,A,01,1,0,0,0,0,0,0,0,0,"- ","- ",33.7747802734375,-117.78729248046875,ORANGE,UNINCORPORATED,-117.78728485107422,33.774620056152344
91910976,2022,2022-11-07,9675,2022-10-30,2350,021834,,7,3,6,3026,0,1,1,,2,406,"I-405 NORTHBOUND","JAMBOREE ROAD",2500.00,S,N,A,-,Y,ORA,,405,,,6.443,H,,R,Y,2,0,1,2,A,-,01,23152,A,N,B,C,A,A,A,H,D,D,0,,,Y,,Y,Y,C,02,1,0,0,0,0,0,0,0,1,"- ","- ",33.674171447753906,-117.83602905273438,ORANGE,IRVINE,-117.83606719970703,33.674087524414062
91911512,2022,2022-11-07,9675,2022-01-07,2030,021388,,5,2,9,3000,0,2,4,,2,034,"SANTIAGO CANYON ROAD","HICKS HAUL ROAD",683.00,N,N,A,-,N,,,,,,,,,,Y,1,1,0,1,A,-,03,22350,,N,E,I,A,A,H,-,D,D,0,,,,,Y,,A,01,0,0,0,0,0,0,0,0,0,"- ","- ",33.759380340576172,-117.70168304443359,ORANGE,UNINCORPORATED,-117.70121765136719,33.759067535400391
91911526,2022,2022-11-07,9675,2022-01-25,2205,022283,,2,3,7,3001,0,1,3,,2,093,"STATE ROUTE 91 WESTBOUND TO STATE ROUTE 57","EAST LA PALMA AVENUE",365.00,E,N,A,-,Y,ORA,,91,,,6.541,H,,L,N,1,1,0,2,A,-,11,21954,A,N,G,B,E,A,H,-,C,D,0,Y,,,,Y,Y,N,60,0,0,0,1,0,0,0,0,0,"- ","- ",33.847179412841797,-117.86903381347656,ORANGE,ANAHEIM,-117.86904907226562,33.847122192382812
91914693,2022,2022-11-10,9690,2022-11-07,0756,016610,,1,1,9,3000,0,3,5,,2,005,"VISTA DEL VERDE","CALLE DE PRINCESA",0.00,,Y,B,C,N,,,,,,,,,,Y,2,0,2,2,A,-,08,22107,,N,A,C,A,B,H,-,A,D,0,,,,,Y,Y,A,07,1,1,0,0,0,0,0,0,0,"- ","- ",33.614040374755859,-117.58106994628906,ORANGE,UNINCORPORATED,-117.58097076416016,33.614017486572266
9191663,2020,2021-01-29,3000,2020-11-07,1209,5013,971E1,6,5,5,3040,0,0,0,,0,741,"CROWN VALLEY PKWY","W 9 DR",620.00,W,N,C,-,N,,,,,,,,,,Y,2,0,2,2,A,-,03,22350,,N,C,C,A,B,H,-,A,D,0,,,,,Y,,A,01,1,0,1,0,0,0,0,0,0,"- ","- ",,,ORANGE,"LAGUNA NIGUEL",-117.72041320800781,33.504096984863281
91916654,2022,2022-11-14,9675,2022-11-01,0715,020018,,2,1,6,3015,0,1,3,,2,572,"SR-57 S/B TO I-5 S/B","CHAPMAN AVENUE",2000.00,S,N,A,-,Y,ORA,,57,,,11.072,H,,L,N,2,0,1,2,A,-,08,22107,,F,B,C,A,A,H,-,A,D,0,,,Y,,Y,,-,99,1,0,0,0,0,0,0,0,1,"- ","- ",33.785068511962891,-117.87996673583984,ORANGE,ORANGE,-117.87996673583984,33.785068511962891
91918160,2022,2022-11-15,9675,2022-11-07,2010,019779,,1,2,6,3015,0,1,3,,2,222,"SR-22 WESTBOUND","MAIN STREET",300.00,W,N,A,-,Y,ORA,,22,,R,10.914,H,,L,Y,2,0,1,2,A,-,01,23152,A,N,A,2,A,B,H,-,C,D,0,,,,,Y,Y,A,01,1,0,0,0,0,0,0,0,0,"- ","- ",33.77838134765625,-117.86866760253906,ORANGE,ORANGE,-117.86866760253906,33.778358459472656
91918390,2022,2022-11-15,9675,2022-11-04,1705,021691,,5,2,7,3001,0,1,3,,2,095,"SR-91 EASTBOUND","GYPSUM CANYON RD",2800.00,W,N,A,-,Y,ORA,,91,,R,15.878,H,,R,Y,2,0,1,4,A,-,07,21658,A,N,C,C,A,A,H,-,A,D,0,,,Y,,Y,,A,01,1,0,0,0,0,0,0,0,1,"- ","- ",33.86669921875,-117.72078704833984,ORANGE,ANAHEIM,-117.72079467773438,33.866687774658203
91919416,2022,2022-11-16,9690,2022-11-14,1420,020364,,1,2,9,3000,0,2,4,,2,035,"OSO PARKWAY","BRIDLE PATH",150.00,W,N,A,-,N,,,,,,,,,,Y,2,0,1,1,A,-,03,22350,,N,F,A,A,A,H,-,A,D,0,,,Y,,Y,,C,02,1,0,0,0,0,0,0,0,1,"- ","- ",33.582298278808594,-117.59336090087891,ORANGE,UNINCORPORATED,-117.59330749511719,33.582241058349609
91921731,2022,2022-11-18,9670,2022-04-25,0050,021071,,1,3,7,3001,0,1,1,,2,053,"INTERSTATE 5 SOUTHBOUND","EUCLID STREET",759.00,S,N,A,-,Y,ORA,,5,,,39.344,H,,L,N,1,1,0,2,A,-,11,21954,A,N,G,B,E,A,H,-,C,D,0,Y,,,,Y,,-,"- ",0,0,0,1,0,0,0,0,0,"- ","- ",33.834751129150391,-117.93888854980469,ORANGE,ANAHEIM,-117.93890380859375,33.834705352783203
91923256,2022,2022-11-21,9670,2022-05-30,0335,021207,,1,3,3,3013,0,1,1,,2,061,"INTERSTATE 605 SOUTHBOUND","KATELLA AVENUE",1455.00,S,N,A,-,Y,ORA,,605,,R,1.156,H,,L,Y,1,1,2,3,C,-,18,,,N,A,C,E,A,D,E,C,D,0,Y,,,,Y,,-,"- ",2,0,0,1,0,0,0,0,0,"- ","- ",33.799560546875,-118.08444976806641,ORANGE,"LOS ALAMITOS",-118.08454132080078,33.799617767333984
9192541,2020,2021-01-19,3000,2020-10-08,1704,7821,797J1,4,5,4,3021,0,0,0,,0,022,"BEACH BL","STARR ST",73.00,N,N,A,-,Y,ORA,12,39,-,-,11.500,H,-,S,Y,2,0,1,3,A,-,08,22107,,N,D,C,A,A,H,-,A,D,0,,,,,Y,,A,01,1,0,0,0,0,0,0,0,0,"- ","- ",,,ORANGE,STANTON,-117.99337005615234,33.814868927001953
91927406,2022,2023-03-07,9670,2022-11-24,0235,021755,,4,3,5,3003,0,1,3,,2,091,"STATE ROUTE 91 WESTBOUND","KNOTT AVENUE",528.00,E,N,A,-,Y,ORA,,91,,R,2.248,H,,L,Y,1,1,0,1,A,-,01,23152,A,N,E,I,A,A,H,-,C,D,0,,,,,Y,Y,A,07,0,0,0,0,0,0,0,0,0,"- ","- ",33.856040954589844,-118.00440216064453,ORANGE,"BUENA PARK",-118.00440216064453,33.856128692626953
91927493,2022,2022-11-28,9670,2022-11-12,1819,021282,,6,2,4,3020,0,1,3,,2,020,"SR-22 E/B TO I-605/405 N/B","INTERSTATE 605",528.00,W,N,A,-,Y,,,,,,,,,,N,2,0,2,2,A,-,03,22350,,N,C,C,A,A,H,-,C,D,0,,,,,Y,,A,01,1,1,0,0,0,0,0,0,0,"- ","- ",33.775279998779297,-118.09046173095703,ORANGE,"SEAL BEACH",-118.09046173095703,33.775279998779297
91935167,2022,2022-12-06,9675,2022-11-27,2206,021225,,7,3,7,3019,0,1,3,,2,552,"SR-55 SOUTHBOUND","WARNER AVENUE",760.00,N,N,A,-,Y,ORA,,55,,R,8.654,H,,L,Y,2,0,2,3,A,-,03,22350,,N,C,C,E,A,D,-,D,D,0,Y,,,,Y,,A,01,1,1,0,0,1,0,0,0,0,"- ","- ",33.717288970947266,-117.84323120117188,ORANGE,"SANTA ANA",-117.84323883056641,33.717296600341797
91936385,2022,2022-12-07,9690,2022-05-18,2251,020469,,3,3,5,3028,0,1,1,,2,560,"INTERSTATE 5 SOUTHBOUND","CROWN VALLEY PARKWAY",1731.00,S,N,A,-,Y,ORA,,5,,,13.435,H,,L,Y,1,1,0,2,A,-,11,21954,A,N,G,B,E,A,D,-,C,D,0,Y,,,,Y,,N,60,0,0,0,1,0,0,0,0,0,"- ","- ",33.554229736328125,-117.6729736328125,ORANGE,"MISSION VIEJO",-117.67305755615234,33.554229736328125
91938276,2022,2022-12-09,9670,2022-11-26,0120,021579,,6,3,5,3003,0,1,3,,2,092,"SR-91 E/B","STANTON AVE",1848.00,E,N,A,-,Y,ORA,,91,,R,3.232,H,,R,N,2,0,2,2,A,-,08,22107,,N,C,2,A,A,H,-,D,D,0,,,,,Y,,D,22,1,0,1,0,0,0,0,0,0,"- ","- ",33.855979919433594,-117.98728942871094,ORANGE,"BUENA PARK",-117.98728942871094,33.856071472167969
91938325,2022,2022-12-09,9690,2022-12-04,1235,016610,,7,1,5,3050,0,1,1,,2,550,"I-5 N/B (SAN DIEGO FRWY)","EL TORO RD.",2000.00,N,N,B,-,Y,ORA,,5,,,19.046,H,,R,N,2,0,4,3,A,-,03,22350,,N,C,C,A,A,H,-,A,A,0,,,,,Y,,D,22,1,3,0,0,0,0,0,0,0,"- ","- ",33.618610382080078,-117.71147918701172,ORANGE,"LAKE FOREST",-117.71136474609375,33.618686676025391
91939040,2022,2022-12-12,9675,2022-11-30,0508,019599,,3,3,7,3019,0,1,3,,2,222,"SR-22 EASTBOUND TO BRISTOL ST.","I-5 FROM BRISTOL ST.",10.00,E,N,A,-,Y,,,,,,,,,,Y,2,0,1,4,A,-,01,23152,A,N,E,I,A,A,H,-,C,D,0,,,,,Y,Y,A,07,1,0,0,0,0,0,0,0,0,"- ","- ",33.778469085693359,-117.88263702392578,ORANGE,"SANTA ANA",-117.88263702392578,33.778469085693359
91939560,2022,2022-12-12,9675,2022-12-02,1730,021694,,5,2,9,3000,0,3,5,,2,002,"PROSPECT AVE","SANTA CLARA AVE",330.00,S,N,B,C,N,,,,,,,,,,N,2,0,1,2,A,-,11,21954,A,N,G,B,D,B,H,-,D,D,0,Y,,,,Y,,N,60,1,0,0,0,1,0,0,0,0,"- ","- ",33.766159057617188,-117.82013702392578,ORANGE,UNINCORPORATED,-117.82018280029297,33.766185760498047
91939884,2022,2022-12-12,9675,2022-12-02,1750,021694,,5,2,7,3001,0,1,3,,2,093,"SR-91 WESTBOUND","PLACENTIA AVE",500.00,E,N,B,C,Y,ORA,,91,,,5.625,H,,L,Y,2,0,2,2,A,-,01,23152,A,N,C,C,A,B,H,-,C,D,0,,,,,Y,Y,A,01,1,1,0,0,0,0,0,0,0,"- ","- ",33.853321075439453,-117.88336181640625,ORANGE,ANAHEIM,-117.88337707519531,33.853294372558594
91943523,2022,2022-12-15,9690,2022-11-20,1515,020038,,7,2,9,3000,0,2,4,,2,037,"LIVE OAK CANYON ROAD","CANYON CREEK DRIVE",86.00,S,N,A,-,N,,,,,,,,,,Y,1,1,0,1,A,-,08,22107,,N,E,I,A,A,H,-,A,D,0,,,Y,,Y,,C,02,0,0,0,0,0,0,0,1,0,"- ","- ",33.675079345703125,-117.60198974609375,ORANGE,UNINCORPORATED,-117.60184478759766,33.675045013427734
91943765,2022,2022-12-15,9690,2022-02-10,0748,014351,,4,1,4,3045,0,1,1,,2,055,"I-5 SOUTHBOUND (SAN DIEGO FRWY)","LA PAZ ROAD",800.00,N,N,A,-,Y,ORA,,5,,,16.663,H,,L,Y,1,1,0,3,A,-,07,21658,A,F,B,C,A,A,D,-,A,D,0,,,Y,Y,Y,,-,99,0,0,0,0,0,0,0,1,0,"- ","- ",33.598888397216797,-117.67828369140625,ORANGE,"LAGUNA HILLS",-117.67829132080078,33.598869323730469
9194410,2020,2021-01-30,3022,2020-11-10,0931,1323,,2,5,5,3022,0,0,0,,0,,"ROBINSON DR","IRVINE BL",0.00,,Y,A,-,N,,,,,,,,,,N,2,0,1,3,A,-,01,23153,A,N,A,C,A,A,H,-,A,A,0,,,,,Y,Y,D,22,1,0,0,0,0,0,0,0,0,"- ","- ",33.734649658203125,-117.79067230224609,ORANGE,TUSTIN,-117.79076385498047,33.734531402587891
91944153,2022,2022-12-16,9675,2022-12-08,0809,017773,,4,1,6,3026,0,1,1,,2,530,"I-5 SOUTHBOUND","CULVER DR",1000.00,S,N,A,-,Y,ORA,,5,,R,26.356,H,,L,Y,2,0,1,2,A,-,03,22350,,N,C,C,A,A,H,-,A,D,0,,,Y,,Y,,C,02,1,0,0,0,0,0,0,0,1,"- ","- ",33.707260131835938,-117.77976989746094,ORANGE,IRVINE,-117.77995300292969,33.707157135009766
91945478,2022,2022-12-19,9675,2022-12-08,1550,018102,,4,2,5,3014,0,1,3,,2,073,"SR-73 NORTHBOUND","BIRCH STREET",500.00,S,N,A,-,Y,ORA,,73,,,25.062,H,,R,Y,2,0,2,2,A,-,03,22350,,N,D,C,A,A,H,-,A,D,0,,,,,Y,,D,22,1,0,1,0,0,0,0,0,0,"- ","- ",33.658119201660156,-117.86862945556641,ORANGE,"NEWPORT BEACH",-117.86860656738281,33.658145904541016
91946860,2022,2022-12-20,9690,2022-06-15,0122,020637,,3,3,4,3011,0,1,3,,2,072,"SR-73 SOUTHBOUND FROM SR-133","LAGUNA CANYON ROAD UNDERCROSSING",240.00,N,N,A,-,Y,ORA,,73,,,16.879,H,,L,Y,1,1,0,1,A,-,03,22350,,N,E,I,A,A,H,-,C,D,0,,,Y,,Y,,C,02,0,0,0,0,0,0,0,1,0,"- ","- ",33.592330932617188,-117.76051330566406,ORANGE,"LAGUNA BEACH",-117.76038360595703,33.592521667480469
91949191,2022,2022-12-22,9675,2022-12-09,0947,018039,,5,1,7,3001,0,1,3,,2,093,"SR-91 EASTBOUND","GLASSEL STREET",490.00,W,N,A,-,Y,,,,,,,,,,N,2,0,1,1,A,-,03,22350,,N,E,I,A,A,H,-,A,D,0,,,Y,,Y,,C,02,1,0,0,0,0,0,0,0,1,"- ","- ",33.846790313720703,-117.85677337646484,ORANGE,ANAHEIM,-117.85694122314453,33.847469329833984
91949271,2021,2022-12-22,9675,2021-11-28,1936,021274,,7,2,9,3000,0,3,5,,2,002,"EAST CHAPMAN AVENUE","EARLHAM STREET",0.00,,Y,A,-,N,,,,,,,,,,Y,1,1,2,2,A,-,03,22350,,N,D,C,A,A,H,-,C,A,0,,,,,Y,,A,01,2,0,0,0,0,0,0,0,0,"- ","- ",33.787830352783203,-117.80786895751953,ORANGE,UNINCORPORATED,-117.80791473388672,33.787765502929688
91949739,2021,2022-12-22,9675,2021-03-26,0350,021874,,5,3,6,3015,0,1,3,,2,240,"STATE ROUTE 241 NORTHBOUND","OVERHEAD SIGN 6T358",535.00,S,N,A,-,Y,,,,,,,,,,Y,1,1,2,2,A,-,01,23152,A,N,C,C,A,A,H,-,D,D,0,,,,,Y,Y,A,08,1,0,1,0,0,0,0,0,0,"- ","- ",33.812850952148438,-117.71997833251953,ORANGE,ORANGE,,
91951193,2022,2022-12-23,9675,2022-05-21,0110,022222,,6,3,5,3022,0,1,3,,2,551,"STATE ROUTE 55 NORTHBOUND","17TH STREET",369.00,S,N,B,-,Y,ORA,,55,,,11.704,H,,R,N,1,1,0,2,A,-,11,21954,A,N,G,B,E,A,H,-,D,D,0,Y,,,,Y,Y,N,60,0,0,0,1,0,0,0,0,0,"- ","- ",33.758621215820312,-117.8309326171875,ORANGE,TUSTIN,-117.83102416992188,33.758625030517578
91951684,2021,2022-12-23,9675,2021-12-09,1333,019135,,4,1,6,3026,0,1,1,,2,407,"INTERSTATE 405 SOUTHBOUND","IRVINE CENTER DRIVE",70.00,N,N,C,-,Y,,,405,,,,,,S,Y,1,1,2,2,A,-,01,23152,F,N,D,C,A,B,H,-,A,D,0,,,,,Y,,A,01,1,1,0,0,0,0,0,0,0,"- ","- ",33.648258209228516,-117.74716949462891,ORANGE,IRVINE,-117.74725341796875,33.647983551025391
91952195,2022,2022-12-26,9690,2022-12-15,1900,020038,,4,2,9,3000,0,2,4,,2,034,"ANTONIO PKWY","CROWN VALLEY PKWY",250.00,S,N,B,-,N,,,,,,,,,,N,2,0,1,2,A,-,09,21804,B,N,F,A,A,A,H,-,C,A,0,,,Y,,Y,,A,01,1,0,0,0,0,0,0,0,1,"- ","- ",33.564548492431641,-117.62893676757812,ORANGE,UNINCORPORATED,-117.62911987304688,33.564643859863281
91952417,2022,2022-12-26,9675,2022-12-16,0743,018027,,5,1,6,3004,0,1,1,,2,045,"I-405 SOUTHBOUND","BRISTOL ST",100.00,N,N,B,-,Y,ORA,,405,,,9.599,H,,L,Y,2,0,1,1,A,-,03,22350,,N,E,I,A,A,H,-,A,D,0,,,Y,,Y,,C,02,1,0,0,0,0,0,0,0,1,"- ","- ",33.687381744384766,-117.88715362548828,ORANGE,"COSTA MESA",-117.88715362548828,33.687297821044922
91956682,2022,2022-12-30,9675,2022-12-21,1510,019135,,3,2,6,3008,0,1,3,,2,570,"SR-57 NORTHBOUND","BASTANCHURY RD",300.00,S,N,A,-,Y,ORA,,57,,,18.777,H,,R,Y,2,0,1,3,A,-,03,22350,,N,C,C,A,A,H,-,A,D,0,,,Y,,Y,,C,02,1,0,0,0,0,0,0,0,1,"- ","- ",33.895378112792969,-117.88079071044922,ORANGE,FULLERTON,-117.88069152832031,33.8953857421875
91957804,2022,2023-01-02,9690,2022-12-26,1255,012712,,1,1,9,3000,0,3,5,,2,003,"MEANDERING TRAIL","OSO PARKWAY",44.00,N,N,A,-,N,,,,,,,,,,N,2,0,1,1,A,-,03,22350,,N,F,A,A,A,H,-,A,D,0,,Y,,,Y,,L,04,1,0,0,0,0,0,1,0,0,"- ","- ",33.586978912353516,-117.62377166748047,ORANGE,UNINCORPORATED,-117.62371063232422,33.586891174316406
91958422,2022,2023-01-03,9675,2022-12-24,0705,019599,,6,1,7,3019,0,1,3,,2,222,"SR-22 E/B TO BRISTOL ST","BRISTOL ST.",315.00,E,N,B,E,Y,,,,,,,,,,Y,2,0,1,1,A,-,03,22350,,N,E,8,A,A,H,-,A,D,0,,,,,Y,,A,07,1,0,0,0,0,0,0,0,0,"- ","- ",33.778518676757812,-117.88317108154297,ORANGE,"SANTA ANA",-117.88317108154297,33.778518676757812
91964845,2022,2023-12-20,9690,2022-10-23,0148,020637,,7,3,4,3018,0,1,1,,2,057,"INTERSTATE 5 SOUTHBOUND (SAN DIEGO FRWY)","JUNIPERO SERRA ROAD",1584.00,N,N,B,-,Y,ORA,,5,,,11.268,H,,L,Y,1,1,0,2,A,-,08,22107,,N,E,8,A,A,H,-,D,D,0,,,,,Y,,A,01,0,0,0,0,0,0,0,0,0,"- ","- ",33.525081634521484,-117.66809844970703,ORANGE,"SAN JUAN CAPISTRANO",-117.66793060302734,33.525138854980469
91965804,2022,2023-01-11,9670,2022-06-01,2105,021755,,3,2,3,3013,0,1,1,,2,060,"INTERSTATE 605 NORTHBOUND","KATELLA AVENUE",3100.00,S,N,A,-,Y,ORA,,605,,R,1.002,H,,R,Y,1,1,0,2,A,-,08,22107,,N,E,I,A,A,D,-,C,D,0,,,,,Y,,A,01,0,0,0,0,0,0,0,0,0,"- ","- ",33.797599792480469,-118.08601379394531,ORANGE,"LOS ALAMITOS",-118.08589935302734,33.797554016113281
91965973,2022,2023-01-11,9675,2022-06-04,1225,016748,,6,1,5,3016,0,1,3,,2,571,"STATE ROUTE 57 NORTHBOUND","ORANGETHORPE AVENUE",380.00,N,N,A,-,Y,ORA,,57,,,16.471,H,,R,Y,1,1,1,3,A,-,03,22350,,N,C,C,A,A,H,-,A,D,0,,,Y,,Y,,C,02,0,1,0,0,0,0,0,1,1,"- ","- ",33.862228393554688,-117.87743377685547,ORANGE,PLACENTIA,-117.87740325927734,33.862236022949219
91966457,2023,2023-09-21,9675,2023-01-03,1357,020131,,2,1,6,3026,0,1,1,,2,504,"I-5 SOUTHBOUND TO SR-133 NORTHBOUND","SAND CANYON AVENUE",1000.00,N,N,B,C,Y,ORA,,5," ",R,24.186,H,,L,N,2,0,1,2,A,-,03,22350,,N,C,C,A,A,H,-,A,D,0,,,,,Y,,D,22,1,0,0,0,0,0,0,0,0,"- ","- ",33.679908752441406,-117.76116943359375,ORANGE,IRVINE,-117.76101684570312,33.680030822753906